Rare_Disease	Human_Gene	Best_Yeast_Gene	DIOPT_Score
2-aminoadipic 2-oxoadipic aciduria	DHTKD1	KGD1	5
3-hydroxy-3-methylglutaryl-CoA synthase deficiency	HMGCS2	ERG13	13
3-hydroxyisobutyryl-CoA hydrolase deficiency	HIBCH	EHD3	13
3-methylcrotonyl-CoA carboxylase 1 deficiency	MCCC1	DUR12	5
3-Methylglutaconic aciduria type 2	TAFAZZIN	TAZ1	12
3-methylglutaconic aciduria type 5	DNAJC19	PAM18	10
3-methylglutaconic aciduria type 8	HTRA2	NMA111	6
3-methylglutaconic aciduria type 9	TIMM50	TIM50	12
3-methylglutaconic aciduria, type VIIA	CLPB	HSP78	8
3-methylglutaconic aciduria, type VIIB	CLPB	HSP78	8
46,XX sex reversal 2	SOX9	ROX1	5
46,XY disorder of sex development due to testicular 17,20-desmolase deficiency	AKR1C2	YPR1	8
46,XY sex reversal 10	SOX9	ROX1	5
46,XY sex reversal 11	DHX37	ECM16	11
5-Oxoprolinase deficiency	OPLAH	OXP1	12
AARS1-related leukoencephalopathy	AARS1	ALA1	13
Acatalasia	CAT	CTA1	13
Acetazolamide-responsive myotonia	SCN4A	CCH1	6
Achalasia-progeroid syndrome	BUD13	BUD13	8
Achondrogenesis, type IB	SLC26A2	SUL1	6
Achromatopsia 4	GNAT2	GPA1	11
ACO2-related optic atrophy with or without extraocular features	ACO2	ACO1	13
Acrodysostosis 1 with or without hormone resistance	PRKAR1A	BCY1	8
Acrodysostosis 2 with or without hormone resistance	PDE4D	PDE2	6
Acrofacial dysostosis Cincinnati type	POLR1A	RPA190	13
Acrofacial dysostosis Rodriguez type	SF3B4	HSH49	10
Acrokeratosis verruciformis of Hopf	ATP2A2	PMR1	5
ACTB-associated syndromic thrombocytopenia	ACTB	ACT1	12
ACTC1-related distal arthrogryposis with congenital heart disease	ACTC1	ACT1	11
ACTH-independent macronodular adrenal hyperplasia 3	KDM1A	FMS1	5
Actin accumulation myopathy	ACTA1	ACT1	11
Acute infantile liver failure due to synthesis defect of mtDNA-encoded proteins	TRMU	SLM3	13
Acute infantile liver failure-cerebellar ataxia-peripheral sensory motor neuropathy syndrome	SCYL1	CEX1	12
Acute intermittent porphyria	HMBS	HEM3	13
Acute megakaryoblastic leukemia in down syndrome	GATA1	GZF3	8
Acute neonatal citrullinemia type I	ASS1	ARG1	12
Acyl-CoA oxidase deficiency	ACOX1	POX1	9
ADAR-related type 1 interferonopathy	ADAR	TAD1	7
Adenine phosphoribosyltransferase deficiency	APRT	APT1	12
Adenosine kinase deficiency	ADK	ADO1	13
Adenosine monophosphate deaminase deficiency	AMPD3	AMD1	13
Adenylosuccinate lyase deficiency	ADSL	ADE13	13
Adermatoglyphia	SMARCAD1	FUN30	10
Adrenoleukodystrophy	ABCD1	PXA1	12
Adrenomyeloneuropathy	ABCD1	PXA1	12
Adult hypophosphatasia	ALPL	PHO8	11
Adult polyglucosan body disease	GBE1	GLC3	13
Adult-onset citrullinemia type I	ASS1	ARG1	12
Adult-onset distal myopathy due to VCP mutation	VCP	CDC48	12
Adult-onset progressive leukoencephalopathy-early-onset deafness	KARS1	KRS1	13
Adult-onset proximal spinal muscular atrophy, autosomal dominant	VAPB	SCS2	10
Advance sleep phase syndrome, familial, 4	TIMELESS	TOF1	10
Advanced sleep phase syndrome 2	CSNK1D	HRR25	11
AFG2B-related complex neurodevelopmental disorder with motor features and hearing loss	AFG2B	AFG2	5
AFG3L2-related optic atrophy and/or spastic ataxia spectrum	AFG3L2	AFG3	13
Agammaglobulinemia 9, autosomal recessive	SLC39A7	YKE4	10
Age related macular degeneration 7	HTRA1	NMA111	6
AICA-ribosiduria	ATIC	ADE16	13
Aicardi-Goutieres syndrome 4	RNASEH2A	RNH201	13
Aicardi-Goutieres syndrome 6	ADAR	TAD1	7
Aicardi-Goutieres syndrome 7	IFIH1	MPH1	5
Al-Raqad syndrome	DCPS	DCS1	12
Aland island eye disease	CACNA1F	CCH1	8
Alanine glyoxylate aminotransferase deficiency	AGXT	AGX1	11
ALDH18A1-related de Barsy syndrome	ALDH18A1	PRO2	11
Aldosterone-producing adenoma with seizures and neurological abnormalities	CACNA1D	CCH1	8
ALG1-congenital disorder of glycosylation	ALG1	ALG1	13
ALG10-congenital disorder of glycosylation	ALG10	DIE2	12
ALG11-congenital disorder of glycosylation	ALG11	ALG11	13
ALG12-congenital disorder of glycosylation	ALG12	ALG12	13
ALG14-congenital disorder of glycosylation	ALG14	ALG14	13
ALG2-congenital disorder of glycosylation	ALG2	ALG2	13
ALG3-congenital disorder of glycosylation	ALG3	ALG3	13
ALG6-congenital disorder of glycosylation 1C	ALG6	ALG6	12
ALG8 congenital disorder of glycosylation	ALG8	ALG8	13
ALG9 congenital disorder of glycosylation	ALG9	ALG9	13
ALG9-associated autosomal dominant polycystic kidney disease	ALG9	ALG9	13
Alkaline ceramidase 3 deficiency	ACER3	YDC1	13
Alkuraya-Kucinskas syndrome	BLTP1	CSF1	5
Allan-Herndon-Dudley syndrome	SLC16A2	MCH4	9
Alopecia-intellectual disability syndrome 4	LSS	ERG7	13
Alpha, alpha-Trehalase deficiency	TREH	NTH1	11
Alpha-actinopathy	ACTA1	ACT1	11
ALPI-related inflammatory bowel disease	ALPI	PHO8	11
Alveolar soft part sarcoma	ASPSCR1	UBX4	8
AMED syndrome, digenic	ADH5	SFA1	13
Aminoglycoside-induced deafness	TRMU	SLM3	13
Amish lethal microcephaly	SLC25A19	TPC1	13
Amyotrophic lateral sclerosis 26 with or without frontotemporal dementia	TIA1	PUB1	9
Amyotrophic lateral sclerosis 27, juvenile	SPTLC1	LCB1	13
Amyotrophic lateral sclerosis type 11	FIG4	FIG4	13
Amyotrophic lateral sclerosis type 15	UBQLN2	DSK2	9
Amyotrophic lateral sclerosis type 16	SIGMAR1	ERG2	12
Amyotrophic lateral sclerosis type 22	TUBA4A	TUB1	10
Amyotrophic lateral sclerosis type 4	SETX	SEN1	9
Amyotrophic lateral sclerosis type 8	VAPB	SCS2	10
Amyotrophic neuralgia	SEPTIN9	CDC10	10
Anauxetic dysplasia 2	POP1	POP1	9
ANE syndrome	RBM28	NOP4	11
Anemia, nonspherocytic hemolytic, due to G6PD deficiency	G6PD	ZWF1	13
Anemia, sideroblastic, 5	HSCB	JAC1	11
Angelman syndrome	UBE3A	HUL4	6
Angelman syndrome due to a point mutation	UBE3A	HUL4	6
Aniridia 2	ELP4	ELP4	12
Anophthalmia/microphthalmia-esophageal atresia syndrome	SOX2	ROX1	6
Anterior segment dysgenesis 3	FOXC1	FKH1	6
Antley-Bixler syndrome with genital anomalies and disordered steroidogenesis	POR	NCP1	13
Aortic aneurysm, familial thoracic 4	MYH11	MYO1	11
Aortic aneurysm, familial thoracic 6	ACTA2	ACT1	10
Aplasia cutis congenita	BMS1	BMS1	12
Arginase deficiency	ARG1	CAR1	13
Argininosuccinate lyase deficiency	ASL	ARG4	13
Arterial calcification, generalized, of infancy, 1	ENPP1	NPP1	10
Arterial calcification, generalized, of infancy, 2	ABCC6	YCF1	10
Arterial tortuosity syndrome	SLC2A10	HXT1	5
Arthrogryposis multiplex congenita 2, neurogenic type	ERGIC1	ERV46	6
Arthrogryposis multiplex congenita 4, neurogenic, with agenesis of the corpus callosum	SCYL2	SCY1	13
Arthrogryposis multiplex congenita 7, X-linked	THOC2	THO2	13
Arthrogryposis, cleft palate, craniosynostosis, and impaired intellectual development	PPP3CA	CMP2	13
Arthrogryposis, distal, type 2B3	MYH3	MYO1	10
Arthrogryposis, renal dysfunction, and cholestasis 1	VPS33B	VPS33	10
Arts syndrome	PRPS1	PRS2	12
Ataxia - oculomotor apraxia type 4	PNKP	TPP1	8
Ataxia - telangiectasia variant	ATM	TEL1	8
Ataxia, early-onset, with oculomotor apraxia and hypoalbuminemia	APTX	HNT3	10
Ataxia-hypogonadism-choroidal dystrophy syndrome	PNPLA6	NTE1	12
Ataxia-telangiectasia syndrome	ATM	TEL1	8
Ataxia-telangiectasia-like disorder 1	MRE11	MRE11	13
Ataxia-telangiectasia-like disorder 2	PCNA	POL30	13
Atelis syndrome 2	SMC5	SMC5	12
Atelosteogenesis type II	SLC26A2	SUL1	6
ATM-related cancer predisposition	ATM	TEL1	8
Atrial fibrillation, familial, 10	SCN5A	CCH1	5
Atrial fibrillation, familial, 12	ABCC9	YBT1	6
Atrial fibrillation, familial, 15	NUP155	NUP157	13
Atrial fibrillation, familial, 18	MYL4	MLC1	7
Atrial septal defect 2	GATA4	GZF3	8
Atrial septal defect 3	MYH6	MYO1	9
Atrial septal defect 5	ACTC1	ACT1	11
Atrial septal defect 9	GATA6	GZF3	8
Atrioventricular septal defect 4	GATA4	GZF3	8
Atrioventricular septal defect 5	GATA6	GZF3	8
Attenuated Chédiak-Higashi syndrome	LYST	BPH1	7
Atypical pantothenate kinase-associated neurodegeneration	PANK2	CAB1	6
Atypical teratoid rhabdoid tumor	SMARCB1	SNF5	9
Au-Kline syndrome	HNRNPK	PBP2	6
Auditory neuropathy, autosomal dominant 2	ATP11A	DNF3	5
Auditory neuropathy-optic atrophy syndrome	FDXR	ARH1	13
Auriculocondylar syndrome 1	GNAI3	GPA1	10
Auriculocondylar syndrome 2	PLCB4	PLC1	6
Auriculocondylar syndrome 2B	PLCB4	PLC1	6
Autoimmune interstitial lung disease-arthritis syndrome	COPA	COP1	13
Autoimmune lymphoproliferative syndrome, type III caused by mutation in PRKCD	PRKCD	PKC1	7
Autoinflammation-PLCG2-associated antibody deficiency-immune dysregulation	PLCG2	PLC1	6
Autosomal dominant aplasia and myelodysplasia	SRP72	SRP72	11
Autosomal dominant auditory neuropathy 1	DIAPH3	BNI1	8
Autosomal dominant centronuclear myopathy	DNM2	VPS1	5
Autosomal dominant charcot-marie-tooth disease type 2 due to DGAT2 mutation	DGAT2	DGA1	13
Autosomal dominant Charcot-Marie-Tooth disease type 2M	DNM2	VPS1	5
Autosomal dominant Charcot-Marie-Tooth disease type 2W	HARS1	HTS1	13
Autosomal dominant childhood-onset proximal spinal muscular atrophy without contractures	DYNC1H1	DYN1	12
Autosomal dominant complex spastic paraplegia type 9B	ALDH18A1	PRO2	11
Autosomal dominant deafness - onychodystrophy syndrome	ATP6V1B2	VMA2	12
Autosomal dominant distal renal tubular acidosis	SLC4A1	BOR1	10
Autosomal dominant hyperinsulinism due to SUR1 deficiency	ABCC8	VMR1	6
Autosomal dominant hypocalcemia 2	GNA11	GPA2	7
Autosomal dominant intellectual disability-craniofacial anomalies-cardiac defects syndrome	KAT6A	SAS3	7
Autosomal dominant limb-girdle muscular dystrophy type 1F	TNPO3	MTR10	13
Autosomal dominant limb-girdle muscular dystrophy type 1G	HNRNPDL	HRP1	5
Autosomal dominant mitochondrial myopathy with exercise intolerance	CHCHD10	MIX17	9
Autosomal dominant nonsyndromic hearing loss 1	DIAPH1	BNI1	8
Autosomal dominant nonsyndromic hearing loss 17	MYH9	MYO1	10
Autosomal dominant nonsyndromic hearing loss 20	ACTG1	ACT1	12
Autosomal dominant nonsyndromic hearing loss 4A	MYH14	MYO1	8
Autosomal dominant nonsyndromic hearing loss 67	OSBPL2	OSH2	5
Autosomal dominant nonsyndromic hearing loss 70	MCM2	MCM2	13
Autosomal dominant sideroblastic anemia	HSPA9	SSC1	13
Autosomal dominant striatal neurodegeneration type 1	PDE8B	PDE2	6
Autosomal erythropoietic protoporphyria	FECH	HEM15	13
Autosomal recessive ataxia due to PEX10 deficiency	PEX10	PEX10	12
Autosomal recessive ataxia due to PEX2 deficiency	PEX2	PEX2	9
Autosomal recessive ataxia due to ubiquinone deficiency	COQ8A	COQ8	12
Autosomal recessive axonal charcot-marie-tooth disease due to copper metabolism defect	SCO2	SCO1	12
Autosomal recessive axonal neuropathy with neuromyotonia	HINT1	HNT1	10
Autosomal recessive brachyolmia	PAPSS2	MET14	10
Autosomal recessive cerebellar ataxia-saccadic intrusion syndrome	VPS13D	VPS13	5
Autosomal recessive complex spastic paraplegia due to kennedy pathway dysfunction	SELENOI	EPT1	13
Autosomal recessive complex spastic paraplegia type 9B	ALDH18A1	PRO2	11
Autosomal recessive congenital ichthyosis 5	CYP4F22	DIT2	7
Autosomal recessive congenital ichthyosis 8	LIPN	TGL1	11
Autosomal recessive congenital ichthyosis 9	CERS3	LAC1	10
Autosomal recessive cutis laxa type 2B	PYCR1	PRO3	10
Autosomal recessive cutis laxa type 2C	ATP6V1E1	VMA4	13
Autosomal recessive cutis laxa type 2D	ATP6V1A	VMA1	12
Autosomal recessive distal spinal muscular atrophy 1	IGHMBP2	HCS1	13
Autosomal recessive distal spinal muscular atrophy 2	SIGMAR1	ERG2	12
Autosomal recessive early-onset Parkinson disease 23	VPS13C	VPS13	13
Autosomal recessive hyperinsulinism due to SUR1 deficiency	ABCC8	VMR1	6
Autosomal recessive inherited pseudoxanthoma elasticum	ABCC6	YCF1	10
Autosomal recessive Kenny-Caffey syndrome	TBCE	PAC2	13
Autosomal recessive keratitis-ichthyosis-deafness syndrome	AP1B1	APL2	11
Autosomal recessive limb-girdle muscular dystrophy type 2K	POMT1	PMT4	11
Autosomal recessive limb-girdle muscular dystrophy type 2N	POMT2	PMT2	12
Autosomal recessive limb-girdle muscular dystrophy type 2T	GMPPB	PSA1	13
Autosomal recessive nonsyndromic hearing loss 32	CDC14A	CDC14	10
Autosomal recessive nonsyndromic hearing loss 61	SLC26A5	SUL1	6
Autosomal recessive nonsyndromic hearing loss 74	MSRB3	MXR2	11
Autosomal recessive nonsyndromic hearing loss 89	KARS1	KRS1	13
Autosomal recessive osteopetrosis 1	TCIRG1	VPH1	13
Autosomal recessive osteopetrosis 8	SNX10	SNX3	5
Autosomal recessive palmoplantar keratoderma and congenital alopecia	LSS	ERG7	13
Autosomal recessive proximal renal tubular acidosis	SLC4A4	BOR1	10
Autosomal recessive secondary polycythemia not associated with VHL gene	BPGM	GPM1	11
Autosomal recessive spastic paraplegia type 59	USP8	UBP5	7
Autosomal recessive spastic paraplegia type 60	WDR48	DUF1	8
Autosomal recessive spastic paraplegia type 67	PGAP1	BST1	9
Autosomal recessive spastic paraplegia type 70	MARS1	MES1	13
Autosomal recessive spastic paraplegia type 78	ATP13A2	YPK9	13
Autosomal recessive spinocerebellar ataxia 10	ANO10	IST2	10
Autosomal recessive spinocerebellar ataxia 12	WWOX	ENV9	8
Autosomal recessive spinocerebellar ataxia 17	CWF19L1	DRN1	13
Autosomal recessive spinocerebellar ataxia 2	PMPCA	MAS2	13
Autosomal recessive spondylometaphyseal dysplasia, Megarbane type	PAM16	PAM16	12
Axenfeld-Rieger syndrome type 3	FOXC1	FKH1	6
B-cell immunodeficiency, distal limb anomalies, and urogenital malformations	TOP2B	TOP2	13
Bamforth-Lazarus syndrome	FOXE1	HCM1	5
Bannayan-Riley-Ruvalcaba syndrome	PTEN	TEP1	10
Baraitser-Winter syndrome 1	ACTB	ACT1	12
Baraitser-winter syndrome 2	ACTG1	ACT1	12
Basal ganglia calcification, idiopathic, 6	XPR1	SYG1	12
Basan syndrome	SMARCAD1	FUN30	10
Becker nevus syndrome	ACTB	ACT1	12
Beckwith-Wiedemann syndrome due to NSD1 mutation	NSD1	SET2	5
Benign paroxysmal torticollis of infancy	CACNA1A	CCH1	5
Benign recurrent intrahepatic cholestasis type 1	ATP8B1	DNF2	7
Benign recurrent intrahepatic cholestasis type 2	ABCB11	STE6	8
Beta-thalassemia-X-linked thrombocytopenia syndrome	GATA1	GZF3	8
Bietti crystalline corneoretinal dystrophy	CYP4V2	DIT2	6
Bifunctional peroxisomal enzyme deficiency	HSD17B4	FOX2	12
Bilateral parasagittal parieto-occipital polymicrogyria	FIG4	FIG4	13
Birk-Barel syndrome	KCNK9	TOK1	6
Birt-Hogg-Dube syndrome 1	FLCN	LST7	7
Blepharophimosis - intellectual disability syndrome, SBBYS type	KAT6B	SAS3	8
Blepharophimosis-impaired intellectual development syndrome	SMARCA2	STH1	12
Bloom syndrome	BLM	SGS1	9
Bone marrow failure syndrome 3	DNAJC21	JJJ1	11
Bowen-Conradi syndrome	EMG1	EMG1	13
Brachydactyly-arterial hypertension syndrome	PDE3A	PDE2	7
Brain abnormalities-severe developmental delay-facial dysmorphism-intellectual disability syndrome due to MEF2C mutation	MEF2C	SMP1	8
Branched-chain keto acid dehydrogenase kinase deficiency	BCKDK	PKP1	12
Breasts and/or nipples, aplasia or hypoplasia of, 2	PTPRF	PTP1	7
Brody myopathy	ATP2A1	PMR1	5
Brugada syndrome 1	SCN5A	CCH1	5
Brugada syndrome 2	GPD1L	GPD1	13
Brugada syndrome 3	CACNA1C	CCH1	7
Bullous pyoderma gangrenosum	PTPN6	PTP1	7
C11orf73-related autosomal recessive hypomyelinating leukodystrophy	HIKESHI	OPI10	12
CACNA1A-related complex neurodevelopmental disorder	CACNA1A	CCH1	5
CACNA1F-related retinopathy	CACNA1F	CCH1	8
Café-au-lait macules with pulmonary stenosis	NF1	IRA1	10
Camptomelic dysplasia	SOX9	ROX1	5
Capillary malformation-arteriovenous malformation 1	RASA1	BUD2	5
CARASIL syndrome	HTRA1	NMA111	6
Cardiac malformation, cleft lip/palate, microcephaly, and digital anomalies	MEIS2	TOS8	7
Cardioencephalomyopathy, fatal infantile, due to cytochrome c oxidase deficiency 1	SCO2	SCO1	12
Cardioencephalomyopathy, fatal infantile, due to cytochrome c oxidase deficiency 2	COX15	COX15	13
Cardioencephalomyopathy, fatal infantile, due to cytochrome c oxidase deficiency 3	COA5	PET191	10
Cardioencephalomyopathy, fatal infantile, due to cytochrome c oxidase deficiency 4	COA6	COA6	8
Cardiofaciocutaneous syndrome 3	MAP2K1	STE7	9
Cardiofaciocutaneous syndrome 4	MAP2K2	STE7	9
Cardiomyopathy, dilated, 2c	PPCS	CAB2	13
Cardiomyopathy, dilated, 2D	RPL3L	RPL3	13
Cardiomyopathy, dilated, 2H	GET3	GET3	13
Cardiomyopathy, dilated, 2I	CAP2	SRV2	12
Cardiomyopathy-hypotonia-lactic acidosis syndrome	SLC25A3	PIC2	13
Carney complex	PRKAR1A	BCY1	8
Carney complex - trismus - pseudocamptodactyly syndrome	MYH8	MYO1	10
Carney complex, type 1	PRKAR1A	BCY1	8
Carnitine acylcarnitine translocase deficiency	SLC25A20	CRC1	12
Carnitine palmitoyl transferase 1A deficiency	CPT1A	CAT2	5
Carnitine palmitoyl transferase II deficiency, myopathic form	CPT2	YAT1	11
Carnitine palmitoyl transferase II deficiency, neonatal form	CPT2	YAT1	11
Carnitine palmitoyl transferase II deficiency, severe infantile form	CPT2	YAT1	11
Cataract 15 multiple types	MIP	AQY1	10
Cataract 31 multiple types	CHMP4B	SNF7	12
Cataract 34 multiple types	FOXE3	HCM1	5
Cataract 43	UNC45B	SHE4	7
Cataract 44	LSS	ERG7	13
Cataract 5 multiple types	HSF4	HSF1	10
Cataract-growth hormone deficiency-sensory neuropathy-sensorineural hearing loss-skeletal dysplasia syndrome	IARS2	ISM1	13
Catecholaminergic polymorphic ventricular tachycardia 3	TECRL	TSC13	13
Catecholaminergic polymorphic ventricular tachycardia 4	CALM1	CMD1	7
Cathepsin a-related arteriopathy-strokes-leukoencephalopathy	CTSA	PRC1	10
CEDNIK syndrome	SNAP29	SEC9	6
Central nervous system calcification-deafness-tubular acidosis-anemia syndrome	KARS1	KRS1	13
Cerebellar ataxia with neuropathy and bilateral vestibular areflexia syndrome	RFC1	RFC1	12
Cerebellar ataxia, brain abnormalities, and cardiac conduction defects	EXOSC5	RRP46	13
Cerebellar ataxia, intellectual disability, and dysequilibrium syndrome 4	ATP8A2	DRS2	12
Cerebellar atrophy, visual impairment, and psychomotor retardation;	EMC1	EMC1	11
Cerebellar hypoplasia-intellectual disability-congenital microcephaly-dystonia-anemia-growth retardation syndrome	VPS4A	VPS4	12
Cerebellar-facial-dental syndrome	BRF1	BRF1	13
Cerebral arteriopathy, autosomal dominant, with subcortical infarcts and leukoencephalopathy, type 2	HTRA1	NMA111	6
Cerebral cavernous malformations 5	MAP3K3	STE11	6
Cerebro-costo-mandibular syndrome	SNRPB	SMB1	10
Cerebrooculofacioskeletal syndrome 1	ERCC6	RAD26	12
Cerebrooculofacioskeletal syndrome 2	ERCC2	RAD3	13
Cerebrooculofacioskeletal syndrome 3	ERCC5	RAD2	11
Cerebrooculofacioskeletal syndrome 4	ERCC1	RAD10	10
Channelopathy-associated congenital insensitivity to pain, autosomal recessive	SCN9A	CCH1	5
Charcot-Marie-Tooth disease axonal type 2N	AARS1	ALA1	13
Charcot-Marie-Tooth disease axonal type 2O	DYNC1H1	DYN1	12
Charcot-Marie-Tooth disease axonal type 2Q	DHTKD1	KGD1	5
Charcot-Marie-Tooth disease axonal type 2S	IGHMBP2	HCS1	13
Charcot-Marie-Tooth disease axonal type 2U	MARS1	MES1	13
Charcot-Marie-Tooth disease dominant intermediate B	DNM2	VPS1	5
Charcot-Marie-Tooth disease dominant intermediate C	YARS1	TYS1	11
Charcot-Marie-Tooth disease dominant intermediate F	GNB4	STE4	11
Charcot-Marie-Tooth disease recessive intermediate B	KARS1	KRS1	13
Charcot-Marie-Tooth disease recessive intermediate D	COX6A1	COX13	12
Charcot-Marie-Tooth disease type 2B	RAB7A	YPT7	10
Charcot-Marie-Tooth disease type 2B2	PNKP	TPP1	8
Charcot-Marie-Tooth disease type 2D	GARS1	GRS1	13
Charcot-Marie-Tooth disease type 2Y	VCP	CDC48	12
Charcot-Marie-Tooth disease type 4B1	MTMR2	YMR1	10
Charcot-Marie-Tooth disease type 4G	HK1	HXK1	8
Charcot-Marie-Tooth disease type 4J	FIG4	FIG4	13
Charcot-Marie-Tooth disease type 4K	SURF1	SHY1	13
Charcot-Marie-Tooth disease X-linked dominant 6	PDK3	PKP1	8
Charcot-Marie-Tooth disease X-linked recessive 5	PRPS1	PRS2	12
Charcot-Marie-Tooth disease, axonal, type 2EE	MPV17	SYM1	11
Charcot-Marie-Tooth Disease, axonal, type 2GG	GBF1	GEA1	12
Charcot-Marie-Tooth disease, demyelinating, IIA 1I	POLR3B	RET1	13
CHEK2-related cancer predisposition	CHEK2	DUN1	11
Child syndrome	NSDHL	ERG26	12
Childhood encephalopathy due to thiamine pyrophosphokinase deficiency	TPK1	THI80	13
Childhood hypophosphatasia	ALPL	PHO8	11
Childhood onset GLUT1 deficiency syndrome 2	SLC2A1	VVS1	13
Childhood-onset autosomal recessive myopathy with external ophthalmoplegia	MYH2	MYO1	10
Childhood-onset motor and cognitive regression syndrome with extrapyramidal movement disorder	UBTF	ABF2	5
CHIME syndrome	PIGL	GPI12	13
Choanal atresia-hearing loss-cardiac defects-craniofacial dysmorphism syndrome	TXNL4A	DIB1	12
Cholestasis, intrahepatic, of pregnancy, 1	ATP8B1	DNF2	7
Cholestasis, intrahepatic, of pregnancy, 3	ABCB4	STE6	9
Cholestasis, progressive familial intrahepatic, 10	MYO5B	MYO2	11
Cholestasis, progressive familial intrahepatic, 12	VPS33B	VPS33	10
Cholestasis, progressive familial intrahepatic, 13	PSKH1	CMK1	8
Cholesteryl ester storage disease	LIPA	TGL1	12
Chondrodysplasia-pseudohermaphroditism syndrome	HHAT	GUP1	10
Chorea-acanthocytosis	VPS13A	VPS13	13
Choroideremia	CHM	MRS6	5
Christianson syndrome	SLC9A6	NHX1	12
Chromosome 15q24 deletion syndrome	SIN3A	SIN3	12
Chromosome 2q37 deletion syndrome	HDAC4	HDA1	6
Chromosome 5q12 deletion syndrome	PDE4D	PDE2	6
Chylomicron retention disease	SAR1B	SAR1	12
Chédiak-Higashi syndrome	LYST	BPH1	7
Ciliary dyskinesia, primary, 43	FOXJ1	FKH1	6
Citrullinemia type I	ASS1	ARG1	12
Citrullinemia type II	SLC25A13	AGC1	11
Citrullinemia, type II, adult-onset	SLC25A13	AGC1	11
CK syndrome	NSDHL	ERG26	12
Clark-Baraitser syndrome	TRIP12	UFD4	11
Classic homocystinuria	CBS	CYS4	13
Classic pantothenate kinase-associated neurodegeneration	PANK2	CAB1	6
Classic pyoderma gangrenosum	PTPN6	PTP1	7
Cockayne syndrome type 1	ERCC8	RAD28	9
Cockayne syndrome type 2	ERCC6	RAD26	12
CODAS syndrome	LONP1	PIM1	12
Coenzyme Q10 deficiency, primary, 1	COQ2	COQ2	13
Coenzyme q10 deficiency, primary, 9	COQ5	COQ5	13
Coffin-Lowry syndrome	RPS6KA3	YPK3	5
Coffin-Siris syndrome 10	SOX4	ROX1	6
Coffin-Siris syndrome 11	SMARCD1	SNF12	12
Coffin-Siris syndrome 8	SMARCC2	SWI3	10
COG4-congenital disorder of glycosylation	COG4	COG4	13
COG6-congenital disorder of glycosylation	COG6	COG6	12
COG8-congenital disorder of glycosylation	COG8	COG8	6
Cole-Carpenter syndrome 1	P4HB	EUG1	10
Cole-Carpenter syndrome 2	SEC24D	SFB3	11
Coloboma, osteopetrosis, microphthalmia, macrocephaly, albinism, and deafness	MITF	RTG3	7
Colorectal cancer, hereditary nonpolyposis, type 2	MLH1	MLH1	13
Colorectal cancer, hereditary nonpolyposis, type 7	MLH3	MLH3	11
Combined deficiency of sialidase AND beta galactosidase	CTSA	PRC1	10
Combined immunodeficiency and megaloblastic anemia with or without hyperhomocysteinemia	MTHFD1	MIS1	11
Combined immunodeficiency due to GINS1 deficiency	GINS1	PSF1	12
Combined malonic and methylmalonic acidemia	ACSF3	PCS60	7
Combined oxidative phosphorylation defect type 11	RMND1	MRX10	13
Combined oxidative phosphorylation defect type 14	FARS2	MSF1	13
Combined oxidative phosphorylation defect type 15	MTFMT	FMT1	11
Combined oxidative phosphorylation defect type 17	ELAC2	TRZ1	13
Combined oxidative phosphorylation defect type 2	MRPS16	MRPS16	12
Combined oxidative phosphorylation defect type 20	VARS2	VAS1	10
Combined oxidative phosphorylation defect type 21	TARS2	THS1	10
Combined oxidative phosphorylation defect type 23	GTPBP3	MSS1	13
Combined oxidative phosphorylation defect type 24	NARS2	SLM5	12
Combined oxidative phosphorylation defect type 25	MARS2	MSM1	12
Combined oxidative phosphorylation defect type 26	TRMT5	TRM5	13
Combined oxidative phosphorylation defect type 27	CARS2	CRS1	6
Combined oxidative phosphorylation defect type 4	TUFM	TUF1	13
Combined oxidative phosphorylation defect type 7	MTRFR	RSO55	9
Combined oxidative phosphorylation defect type 8	AARS2	ALA1	7
Combined oxidative phosphorylation defect type 9	MRPL3	MRPL9	10
Combined oxidative phosphorylation deficiency 19	LYRM4	ISD11	12
Combined oxidative phosphorylation deficiency 22	ATP5F1A	ATP1	13
Combined oxidative phosphorylation deficiency 28	SLC25A26	PET8	13
Combined oxidative phosphorylation deficiency 34	MRPS7	RSM7	7
Combined oxidative phosphorylation deficiency 35	TRIT1	MOD5	13
Combined oxidative phosphorylation deficiency 36	MRPS2	MRP4	11
Combined oxidative phosphorylation deficiency 38	MRPS14	MRP2	12
Combined oxidative phosphorylation deficiency 39	GFM2	MEF2	12
Combined oxidative phosphorylation deficiency 40	QRSL1	HER2	13
Combined oxidative phosphorylation deficiency 41	GATB	PET112	13
Combined oxidative phosphorylation deficiency 43	TIMM22	TIM22	13
Combined oxidative phosphorylation deficiency 45	MRPL12	MNP1	13
Combined oxidative phosphorylation deficiency 52	NFS1	NFS1	13
Combined oxidative phosphorylation deficiency 55	POLRMT	RPO41	11
Combined oxidative phosphorylation deficiency 56	TAMM41	TAM41	11
Combined oxidative phosphorylation deficiency 57	CRLS1	CRD1	12
Complete atrioventricular canal-tetralogy of fallot syndrome	GATA4	GZF3	8
Complex cortical dysplasia with other brain malformations 1	TUBB3	TUB2	11
Complex cortical dysplasia with other brain malformations 7	TUBB2B	TUB2	11
Complex lethal osteochondrodysplasia	TAPT1	EMP65	10
Cone dystrophy 3	GUCA1A	FRQ1	5
Cone dystrophy 4	PDE6C	PDE2	5
Congenital adrenal hyperplasia due to cytochrome P450 oxidoreductase deficiency	POR	NCP1	13
Congenital bile acid synthesis defect 2	AKR1D1	YPR1	8
Congenital bile acid synthesis defect 5	ABCD3	PXA1	10
Congenital bile acid synthesis defect 6	ACOX2	POX1	9
Congenital brain dysgenesis due to glutamine synthetase deficiency	GLUL	GLN1	13
Congenital cataract-progressive muscular hypotonia-hearing loss-developmental delay syndrome	GFER	ERV1	12
Congenital cataract-severe neonatal hepatopathy-global developmental delay syndrome	CYP51A1	ERG11	12
Congenital cataracts-facial dysmorphism-neuropathy syndrome	CTDP1	FCP1	11
Congenital cerebellar hypoplasia	OXR1	OXR1	7
Congenital contractures of the limbs and face, hypotonia, and developmental delay	NALCN	CCH1	7
Congenital diarrhea 7 with exudative enteropathy	DGAT1	ARE2	8
Congenital disorder of deglycosylation 1	NGLY1	PNG1	9
Congenital disorder of deglycosylation 2	MAN2C1	AMS1	13
Congenital disorder of glycosylation type 1E	DPM1	DPM1	13
Congenital disorder of glycosylation type Ir	DDOST	WBP1	13
Congenital disorder of glycosylation, type 1DD	DHRSX	ENV9	8
Congenital disorder of glycosylation, type 2v	EDEM3	MNL1	5
Congenital disorder of glycosylation, type IAA	NUS1	NUS1	12
Congenital disorder of glycosylation, type ICC	MAGT1	OST3	13
Congenital disorder of glycosylation, type IIaa	STX5	SED5	13
Congenital disorder of glycosylation, type IIbb	COG3	COG3	13
Congenital disorder of glycosylation, type IIy	GET4	GET4	13
Congenital disorder of glycosylation, type Iw, autosomal dominant	STT3A	STT3	11
Congenital dyserythropoietic anemia, type II	SEC23B	SEC23	13
Congenital generalized lipodystrophy type 1	AGPAT2	SLC1	13
Congenital heart defects, dysmorphic facial features, and intellectual developmental disorder	CDK13	CTK1	9
Congenital hereditary endothelial dystrophy of cornea	SLC4A11	BOR1	9
Congenital hyperammonemia, type I	CPS1	CPA2	6
Congenital ichthyosis-intellectual disability-spastic quadriplegia syndrome	ELOVL4	ELO3	7
Congenital insensitivity to pain with severe intellectual disability	CLTCL1	CHC1	12
Congenital livedo reticularis	GNA11	GPA2	7
Congenital microcephaly - severe encephalopathy - progressive cerebral atrophy syndrome	ASNS	ASN1	10
Congenital microvillous atrophy	MYO5B	MYO2	11
Congenital muscular dystrophy-respiratory failure-skin abnormalities-joint hyperlaxity syndrome	TRIP4	RQT4	7
Congenital muscular hypertrophy-cerebral syndrome	SMC1A	SMC1	11
Congenital myasthenic syndrome 12	GFPT1	GFA1	13
Congenital myasthenic syndrome 13	DPAGT1	ALG7	13
Congenital myasthenic syndrome 14	ALG2	ALG2	13
Congenital myasthenic syndrome 15	ALG14	ALG14	13
Congenital myasthenic syndrome 16	SCN4A	CCH1	6
Congenital myasthenic syndrome 18	SNAP25	SEC9	6
Congenital myopathy 11	HACD1	PHS1	13
Congenital myopathy 18	CACNA1S	CCH1	7
Congenital myopathy 21 with early respiratory failure	DNAJB4	SIS1	10
Congenital myopathy 22A, classic	SCN4A	CCH1	6
Congenital myopathy 22B, severe fetal	SCN4A	CCH1	6
Congenital myopathy 2b, severe infantile, autosomal recessive	ACTA1	ACT1	11
Congenital myopathy 2c, severe infantile, autosomal dominant	ACTA1	ACT1	11
Congenital myopathy with reduced type 2 muscle fibers	MYL1	MLC1	7
Congenital neutropenia-myelofibrosis-nephromegaly syndrome	VPS45	VPS45	13
Congenital primary aphakia	FOXE3	HCM1	5
Congenital secretory diarrhea, chloride type	SLC26A3	SUL2	6
Congenital secretory sodium diarrhea 8	SLC9A3	NHX1	6
Congenital sideroblastic anemia-B-cell immunodeficiency-periodic fever-developmental delay syndrome	TRNT1	CCA1	8
Congenital stationary night blindness 1G	GNAT1	GPA1	11
Congenital stationary night blindness 1H	GNB3	STE4	11
Congenital stationary night blindness 2A	CACNA1F	CCH1	8
Congenital stationary night blindness autosomal dominant 2	PDE6B	PDE2	5
Congenital stationary night blindness autosomal dominant 3	GNAT1	GPA1	11
Constitutional megaloblastic anemia with severe neurologic disease	DHFR	DFR1	12
Contractures, pterygia, and spondylocarpotarsal fusion syndrome 1A	MYH3	MYO1	10
Contractures, pterygia, and variable skeletal fusions syndrome 1B	MYH3	MYO1	10
COQ7-related distal hereditary motor neuropathy	COQ7	CAT5	13
Corneal dystrophy, Fuchs endothelial, 4	SLC4A11	BOR1	9
Corneal dystrophy, punctiform and polychromatic pre-descemet	PRDX3	TSA1	10
Corneal dystrophy-perceptive deafness syndrome	SLC4A11	BOR1	9
Cornelia de Lange syndrome 1	NIPBL	SCC2	9
Cornelia de Lange syndrome 3	SMC3	SMC3	13
Cornelia de Lange syndrome 4	RAD21	MCD1	8
Cornelia de Lange syndrome 5	HDAC8	HOS1	7
Cornelia de Lange syndrome 6	BRD4	BDF1	9
Corpus callosum agenesis-intellectual disability-coloboma-micrognathia syndrome	IGBP1	TAP42	13
Cortisone reductase deficiency 1	H6PD	ZWF1	6
Cortisone reductase deficiency 2	HSD11B1	IRC24	6
Cowden syndrome 1	PTEN	TEP1	10
Cowden syndrome 7	SEC23B	SEC23	13
CPOX-related hereditary coproporphyria	CPOX	HEM13	13
Craniofacial microsomia 1	SF3B2	CUS1	11
Craniofacial microsomia 2	FOXI3	FKH1	6
Craniolenticulosutural dysplasia	SEC23A	SEC23	12
Cryohydrocytosis	SLC4A1	BOR1	10
Cryptogenic multifocal ulcerous stenosing enteritis	PLA2G4A	PLB3	7
Cutaneous porphyria	UROS	HEM4	13
Cutis laxa with osteodystrophy	ATP6V0A2	VPH1	13
Cutis laxa, autosomal dominant 3	ALDH18A1	PRO2	11
Cutis laxa, X-linked	ATP7A	CCC2	13
Cystathioninuria	CTH	CYS3	13
Cystic leukoencephalopathy without megalencephaly	RNASET2	RNY1	11
Cystinuria type A	SLC3A1	IMA5	13
Cystinuria type B	SLC7A9	MUP1	12
Cytosolic phospholipase-A2 alpha deficiency associated bleeding disorder	PLA2G4A	PLB3	7
D,L-2-hydroxyglutaric aciduria	SLC25A1	CTP1	13
D-2-hydroxyglutaric aciduria 1	D2HGDH	DLD2	12
D-2-hydroxyglutaric aciduria 2	IDH2	IDP1	11
DE SANCTIS-CACCHIONE SYNDROME	ERCC6	RAD26	12
Deafness dystonia syndrome	TIMM8A	TIM8	12
Deafness, Y-linked 2	TBL1Y	SIF2	10
Deafness-encephaloneuropathy-obesity-valvulopathy syndrome	PDSS1	COQ1	12
Deafness-lymphedema-leukemia syndrome	GATA2	GZF3	7
Deficiency of acetyl-CoA acetyltransferase	ACAT1	ERG10	10
Deficiency of bisphosphoglycerate mutase	BPGM	GPM1	11
Deficiency of cytochrome-b5 reductase	CYB5R3	PGA3	11
Deficiency of guanidinoacetate methyltransferase	GAMT	RMT2	8
Deficiency of phosphoserine phosphatase	PSPH	SER2	12
Deficiency of ribose-5-phosphate isomerase	RPIA	RKI1	13
Deficiency of transaldolase	TALDO1	TAL1	13
Deficiency of UDPglucose-hexose-1-phosphate uridylyltransferase	GALT	GAL7	11
Dent disease type 1	CLCN5	GEF1	12
Developmental and epileptic encephalopathy 104	ATP6V0A1	VPH1	13
Developmental and epileptic encephalopathy 105 with hypopituitarism	HID1	ECM30	5
Developmental and epileptic encephalopathy 109	FZR1	CDH1	12
Developmental and epileptic encephalopathy 111	DEPDC5	IML1	12
Developmental and epileptic encephalopathy 114	SLC32A1	AVT1	8
Developmental and epileptic encephalopathy 115	SNF8	SNF8	13
Developmental and epileptic encephalopathy 116	GLUL	GLN1	13
Developmental and epileptic encephalopathy 6B	SCN1A	CCH1	5
Developmental and epileptic encephalopathy 91	PPP3CA	CMP2	13
Developmental and epileptic encephalopathy 93	ATP6V1A	VMA1	12
Developmental and epileptic encephalopathy 94	CHD2	CHD1	13
Developmental and epileptic encephalopathy 96	NSF	SEC18	13
Developmental and epileptic encephalopathy, 11	SCN2A	CCH1	5
Developmental and epileptic encephalopathy, 12	PLCB1	PLC1	6
Developmental and epileptic encephalopathy, 13	SCN8A	CCH1	5
Developmental and epileptic encephalopathy, 17	GNAO1	GPA1	10
Developmental and epileptic encephalopathy, 25	SLC13A5	PHO90	9
Developmental and epileptic encephalopathy, 28	WWOX	ENV9	8
Developmental and epileptic encephalopathy, 29	AARS1	ALA1	13
Developmental and epileptic encephalopathy, 33	EEF1A2	TEF1	11
Developmental and epileptic encephalopathy, 35	ITPA	HAM1	12
Developmental and epileptic encephalopathy, 36	ALG13	ALG13	7
Developmental and epileptic encephalopathy, 38	ARV1	ARV1	11
Developmental and epileptic encephalopathy, 39	SLC25A12	AGC1	11
Developmental and epileptic encephalopathy, 4	STXBP1	SEC1	12
Developmental and epileptic encephalopathy, 40	GUF1	GUF1	13
Developmental and epileptic encephalopathy, 42	CACNA1A	CCH1	5
Developmental and epileptic encephalopathy, 48	AP3B2	APL6	12
Developmental and epileptic encephalopathy, 50	CAD	URA2	11
Developmental and epileptic encephalopathy, 51	MDH2	MDH1	10
Developmental and epileptic encephalopathy, 53	SYNJ1	INP52	11
Developmental and epileptic encephalopathy, 55	PIGP	GPI19	8
Developmental and epileptic encephalopathy, 56	YWHAG	BMH2	6
Developmental and epileptic encephalopathy, 62	SCN3A	CCH1	5
Developmental and epileptic encephalopathy, 67	CUX2	COY1	9
Developmental and epileptic encephalopathy, 69	CACNA1E	CCH1	5
Developmental and epileptic encephalopathy, 6A	SCN1A	CCH1	5
Developmental and epileptic encephalopathy, 75	PARS2	AIM10	13
Developmental and epileptic encephalopathy, 76	ACTL6B	ARP4	9
Developmental and epileptic encephalopathy, 77	PIGQ	GPI1	10
Developmental and epileptic encephalopathy, 8	ARHGEF9	CDC24	5
Developmental and epileptic encephalopathy, 80	PIGB	GPI10	13
Developmental and epileptic encephalopathy, 81	DMXL2	RAV1	10
Developmental and epileptic encephalopathy, 82	GOT2	AAT2	10
Developmental and epileptic encephalopathy, 83	UGP2	UGP1	13
Developmental and epileptic encephalopathy, 85, with or without midline brain defects	SMC1A	SMC1	11
Developmental and epileptic encephalopathy, 87	CDK19	SSN3	12
Developmental and epileptic encephalopathy-107	NAPB	SEC17	13
Developmental delay and seizures with or without movement abnormalities	DHDDS	RER2	13
Developmental delay with short stature, dysmorphic facial features, and sparse hair 1	DPH1	DPH1	13
Developmental delay, language impairment, and ocular abnormalities	ARPC4	ARC19	13
Developmental malformations-deafness-dystonia syndrome	ACTB	ACT1	12
DHDDS-CDG	DHDDS	RER2	13
Diabetes insipidus, nephrogenic, autosomal	AQP2	AQY1	9
Diabetes mellitus, noninsulin-dependent, 5	TBC1D4	GYP5	5
Diabetes mellitus, permanent neonatal 3	ABCC8	VMR1	6
Diabetes mellitus, transient neonatal, 2	ABCC8	VMR1	6
Diamond-Blackfan anemia 1	RPS19	RPS19A	12
Diamond-Blackfan anemia 10	RPS26	RPS26A	12
Diamond-Blackfan anemia 11	RPL26	RPL26B	12
Diamond-Blackfan anemia 12	RPL15	RPL15A	13
Diamond-Blackfan anemia 13	RPS29	RPS29A	12
Diamond-Blackfan anemia 14 with mandibulofacial dysostosis	TSR2	TSR2	12
Diamond-Blackfan anemia 15 with mandibulofacial dysostosis	RPS28	RPS28B	12
Diamond-Blackfan anemia 16	RPL27	RPL27A	13
Diamond-Blackfan anemia 17	RPS27	RPS27A	13
Diamond-Blackfan anemia 18	RPL18	RPL18A	13
Diamond-Blackfan anemia 19	RPL35	RPL35A	13
Diamond-Blackfan anemia 20	RPS15A	RPS22A	12
Diamond-Blackfan anemia 21	HEATR3	SYO1	7
Diamond-Blackfan anemia 3	RPS24	RPS24A	12
Diamond-Blackfan anemia 4	RPS17	RPS17A	12
Diamond-Blackfan anemia 5	RPL35A	RPL33A	11
Diamond-Blackfan anemia 6	RPL5	RPL5	12
Diamond-Blackfan anemia 7	RPL11	RPL11A	13
Diamond-Blackfan anemia 8	RPS7	RPS7A	12
Diamond-Blackfan anemia 9	RPS10	RPS10A	11
DIAPH1-related sensorineural hearing loss-thrombocytopenia syndrome	DIAPH1	BNI1	8
Diaphragmatic hernia 4, with cardiovascular defects	ALDH1A2	ALD5	12
Diaphyseal medullary stenosis-bone malignancy syndrome	MTAP	MEU1	13
Diastrophic dysplasia	SLC26A2	SUL1	6
Diazoxide-resistant focal hyperinsulinism due to SUR1 deficiency	ABCC8	VMR1	6
Diffuse cerebral and cerebellar atrophy - intractable seizures - progressive microcephaly syndrome	QARS1	GLN4	13
Dihydropyrimidinase deficiency	DPYS	DAL1	7
Dilated cardiomyopathy 1E	SCN5A	CCH1	5
Dilated cardiomyopathy 1EE	MYH6	MYO1	9
Dilated cardiomyopathy 1GG	SDHA	SDH9	13
Dilated cardiomyopathy 1O	ABCC9	YBT1	6
Dilated cardiomyopathy 1R	ACTC1	ACT1	11
Dilated cardiomyopathy 1S	MYH7	MYO1	10
Distichiasis-lymphedema syndrome	FOXC2	FKH1	6
DK1-congenital disorder of glycosylation	DOLK	SEC59	11
DKC1-related disorder	DKC1	CBF5	13
DNA ligase IV deficiency	LIG4	DNL4	13
DNAJC21-related Shwachman Diamond syndrome	DNAJC21	JJJ1	11
DOCK2 deficiency	DOCK2	DCK1	10
Dopa-responsive dystonia due to sepiapterin reductase deficiency	SPR	NRE1	6
DPAGT1-congenital disorder of glycosylation	DPAGT1	ALG7	13
Dubin-Johnson syndrome	ABCC2	YCF1	12
Dyneinopathy	DYNC1H1	DYN1	12
Dyskeratosis congenita, autosomal dominant 2	TERT	EST2	11
Dyskeratosis congenita, autosomal recessive 1	NHP2	NHP2	13
Dyskeratosis congenita, autosomal recessive 2	NHP2	NHP2	13
Dyskeratosis congenita, autosomal recessive 3	WRAP53	SWT21	6
Dyskeratosis congenita, digenic	TYMS	CDC21	13
Dyskeratosis congenita, X-linked	DKC1	CBF5	13
Dystonia 24	ANO3	IST2	5
Dystonia 30	VPS16	VPS16	12
Dystonia 32	VPS11	PEP5	12
Dystonia 35, childhood-onset	SHQ1	SHQ1	13
Dystonia 37, early-onset, with striatal lesions	NUP54	NUP57	7
Dystonia 5	GCH1	FOL2	12
Dystonia 9	SLC2A1	VVS1	13
Dystonia, childhood-onset, with optic atrophy and basal ganglia abnormalities	MECR	ETR1	12
Early-onset Parkinson disease 20	SYNJ1	INP52	11
Early-onset progressive diffuse brain atrophy-microcephaly-muscle weakness-optic atrophy syndrome	TBCD	CIN1	5
Early-onset progressive encephalopathy-spastic ataxia-distal spinal muscular atrophy syndrome	TBCE	PAC2	13
Early-onset progressive neurodegeneration-blindness-ataxia-spasticity syndrome	UCHL1	YUH1	13
Ebstein anomaly	MYH7	MYO1	10
Ehlers-Danlos syndrome, spondylocheirodysplastic type	SLC39A13	YKE4	12
ELOVL4-related maculopathy	ELOVL4	ELO3	7
Encephalopathy due to GLUT1 deficiency	SLC2A1	VVS1	13
Encephalopathy, lethal, due to defective mitochondrial peroxisomal fission 1	DNM1L	DNM1	12
Encephalopathy, progressive, early-onset, with brain edema and/or leukoencephalopathy, 1	NAXE	NNR1	13
Encephalopathy-hypertrophic cardiomyopathy-renal tubular disease syndrome	COQ9	COQ9	11
Endocrine-cerebro-osteodysplasia syndrome	CILK1	IME2	11
Epilepsy with myoclonic absences	SLC2A1	VVS1	13
Epilepsy, familial adult myoclonic, 3	MARCHF6	SSM4	11
Epilepsy, familial adult myoclonic, 4	YEATS2	TAF14	5
Epilepsy, familial focal, with variable foci 1	DEPDC5	IML1	12
Epilepsy, familial focal, with variable foci 2	NPRL2	NPR2	12
Epilepsy, familial focal, with variable foci 3	NPRL3	NPR3	7
Epilepsy, familial focal, with variable foci 4	SCN3A	CCH1	5
Episodic ataxia type 2	CACNA1A	CCH1	5
Episodic ataxia, type 9	SCN2A	CCH1	5
Episodic pain syndrome, familial, 2	SCN10A	CCH1	5
Erythrocyte galactose epimerase deficiency	GALE	GAL10	11
Erythrokeratodermia variabilis et progressiva 4	KDSR	TSC10	10
Even-plus syndrome	HSPA9	SSC1	13
Exercise-induced hyperinsulinism	SLC16A1	ESBP6	10
Facial dysmorphism, hypertrichosis, epilepsy, intellectual/developmental delay, and gingival overgrowth syndrome	KCNK4	TOK1	7
Facial dysmorphism-immunodeficiency-livedo-short stature syndrome	POLE	POL2	13
Familial adenomatous polyposis 3	NTHL1	NTG1	12
Familial adenomatous polyposis 4	MSH3	MSH3	13
Familial atrial myxoma	PRKAR1A	BCY1	8
Familial benign pemphigus	ATP2C1	PMR1	12
Familial cold autoinflammatory syndrome 3	PLCG2	PLC1	6
Familial cutaneous telangiectasia and oropharyngeal predisposition cancer syndrome	ATR	MEC1	13
Familial dysautonomia	ELP1	IKI3	13
Familial episodic pain syndrome with predominantly lower limb involvement	SCN11A	CCH1	6
Familial hemophagocytic lymphohistiocytosis 4	STX11	SSO1	10
Familial hemophagocytic lymphohistiocytosis 5	STXBP2	SEC1	13
Familial hypocalciuric hypercalcemia 2	GNA11	GPA2	7
Familial hypocalciuric hypercalcemia 3	AP2S1	APS2	13
Familial infantile bilateral striatal necrosis	NUP62	NSP1	8
Familial infantile myasthenia	CHAT	CAT2	12
Familial isolated congenital asplenia	RPSA	RPS0A	12
Familial juvenile hyperuricemic nephropathy type 2	REN	PEP4	10
Familial multiple nevi flammei	GNAQ	GPA1	8
Familial porphyria cutanea tarda	UROD	HEM12	13
Familial pulmonary capillary hemangiomatosis	EIF2AK4	GCN2	11
Familial spontaneous pneumothorax	FLCN	LST7	7
Familial steroid-resistant nephrotic syndrome with sensorineural deafness	COQ6	COQ6	12
Familial temporal lobe epilepsy 5	CPA6	ECM14	10
Familial ventricular tachycardia	GNAI2	GPA1	11
Fanconi anemia complementation group Q	ERCC4	RAD1	13
Fanconi anemia complementation group R	RAD51	RAD51	13
Fanconi-Bickel syndrome	SLC2A2	VVS1	13
Fatty acid hydroxylase-associated neurodegeneration	FA2H	SCS7	13
Febrile seizures, familial, 11	CPA6	ECM14	10
Ferro-cerebro-cutaneous syndrome	PIGA	SPT14	13
Fetal akinesia-cerebral and retinal hemorrhage syndrome	DNM2	VPS1	5
Fibromatosis, gingival, 1	SOS1	CDC25	8
Fibrosis of extraocular muscles, congenital, 3A, with or without extraocular involvement	TUBB3	TUB2	11
Fish-eye disease	LCAT	LRO1	8
Fleck corneal dystrophy	PIKFYVE	FAB1	11
Floating-Harbor syndrome	SRCAP	SWR1	8
Focal segmental glomerulosclerosis 6	MYO1E	MYO3	11
Fontaine progeroid syndrome	SLC25A24	SAL1	8
Foveal hypoplasia - optic nerve decussation defect - anterior segment dysgenesis syndrome	SLC38A8	AVT6	10
FOXC1-related anterior segment dysgenesis	FOXC1	FKH1	6
FOXG1 disorder	FOXG1	FKH2	5
Frank-Ter Haar syndrome	SH3PXD2B	BEM1	5
Freeman-Sheldon syndrome	MYH3	MYO1	10
Fried syndrome	AP1S2	APS1	12
Friedreich ataxia 1	FXN	YFH1	10
Friedreich ataxia 2	FXN	YFH1	10
Frontotemporal dementia and/or amyotrophic lateral sclerosis 2	CHCHD10	MIX17	9
Frontotemporal dementia and/or amyotrophic lateral sclerosis 6	VCP	CDC48	12
Fructose-biphosphatase deficiency	FBP1	FBP1	13
Fryns syndrome	PIGN	MCD4	13
Fumarase deficiency	FH	FUM1	13
Galloway-Mowat syndrome 10	YRDC	SUA5	6
Galloway-Mowat syndrome 2, X-linked	LAGE3	PCC1	7
Galloway-Mowat syndrome 3	OSGEP	KAE1	12
Galloway-Mowat syndrome 4	TP53RK	BUD32	13
Galloway-Mowat syndrome 5	TPRKB	CGI121	13
Galloway-Mowat syndrome 6	WDR4	TRM82	9
Galloway-Mowat syndrome 7	NUP107	NUP84	12
Galloway-Mowat syndrome 8	NUP133	NUP133	7
Gamma-aminobutyric acid transaminase deficiency	ABAT	UGA1	12
Gamma-glutamylcysteine synthetase deficiency	GCLC	GSH1	13
Gamma-Glutamyltransferase deficiency	GGT1	ECM38	12
Garg-Mishra progeroid syndrome	TOMM7	TOM7	5
Gastrointestinal defects and immunodeficiency syndrome 2	PI4KA	STT4	11
GATA binding protein 1 related thrombocytopenia with dyserythropoiesis	GATA1	GZF3	8
Generalized epilepsy with febrile seizures plus, type 12	SLC32A1	AVT1	8
Generalized epilepsy with febrile seizures plus, type 2	SCN1A	CCH1	5
Generalized epilepsy with febrile seizures plus, type 9	STX1B	SSO1	11
Generalized galactose epimerase deficiency	GALE	GAL10	11
Genitopatellar syndrome	KAT6B	SAS3	8
Gillessen-Kaesbach-Nishimura syndrome	ALG9	ALG9	13
Global developmental delay with or without impaired intellectual development	CUX1	COY1	10
Global developmental delay-visual anomalies-progressive cerebellar atrophy-truncal hypotonia syndrome	EMC1	EMC1	11
Glutamate pyruvate transaminase 2 deficiency	GPT2	ALT1	13
Glutaric acidemia IIa	ETFA	AIM45	13
Glutaric acidemia IIb	ETFB	CIR1	13
Glutaric acidemia IIc	ETFDH	CIR2	13
Glutathione synthetase deficiency with 5-oxoprolinuria	GSS	GSH2	13
Glutathione synthetase deficiency without 5-oxoprolinuria	GSS	GSH2	13
Glycerol kinase deficiency, adult form	GK	GUT1	12
Glycerol kinase deficiency, juvenile form	GK	GUT1	12
Glycine encephalopathy 1	GLDC	GCV2	13
Glycine encephalopathy 2	AMT	GCV1	12
Glycogen storage disease due to glycogen branching enzyme deficiency, adult neuromuscular form	GBE1	GLC3	13
Glycogen storage disease due to glycogen branching enzyme deficiency, childhood combined hepatic and myopathic form	GBE1	GLC3	13
Glycogen storage disease due to glycogen branching enzyme deficiency, childhood neuromuscular form	GBE1	GLC3	13
Glycogen storage disease due to glycogen branching enzyme deficiency, congenital neuromuscular form	GBE1	GLC3	13
Glycogen storage disease due to glycogen branching enzyme deficiency, fatal perinatal neuromuscular form	GBE1	GLC3	13
Glycogen storage disease due to glycogen branching enzyme deficiency, non progressive hepatic form	GBE1	GLC3	13
Glycogen storage disease due to glycogen branching enzyme deficiency, progressive hepatic form	GBE1	GLC3	13
Glycogen storage disease due to muscle and heart glycogen synthase deficiency	GYS1	GSY1	13
Glycogen storage disease due to muscle beta-enolase deficiency	ENO3	ENO1	13
Glycogen storage disease due to phosphoglycerate kinase 1 deficiency	PGK1	PGK1	12
Glycogen storage disease type III	AGL	GDB1	13
Glycogen storage disease type X	PGAM2	GPM1	12
Glycogen storage disease XV	GYG1	GLG1	10
Glycogen storage disease, type IV	GBE1	GLC3	13
Glycogen storage disease, type V	PYGM	GPH1	13
Glycogen storage disease, type VI	PYGL	GPH1	13
Glycogen storage disease, type VII	PFKM	PFK1	13
Glycogen storage disorder due to hepatic glycogen synthase deficiency	GYS2	GSY1	13
Glycosylphosphatidylinositol biosynthesis defect 15	GPAA1	GAA1	13
Glycosylphosphatidylinositol biosynthesis defect 16	PIGC	GPI2	13
Glycosylphosphatidylinositol biosynthesis defect 17	PIGH	GPI15	5
Glycosylphosphatidylinositol biosynthesis defect 18	PIGS	GPI17	13
GNAO1-related developmental delay-seizures-movement disorder spectrum	GNAO1	GPA1	10
GNAT2-related retinopathy	GNAT2	GPA1	11
Gnb5-related intellectual disability-cardiac arrhythmia syndrome	GNB5	STE4	12
GRACILE syndrome	BCS1L	BCS1	13
Granulomatous disease, chronic, X-linked	CYBB	FRE8	5
Greenberg dysplasia	LBR	ERG24	12
Griscelli syndrome type 1	MYO5A	MYO2	11
Growth and developmental delay-hypotonia-vision impairment-lactic acidosis syndrome	SFXN4	FSF1	6
Growth retardation, intellectual developmental disorder, hypotonia, and hepatopathy	IARS1	ILS1	13
GTP cyclohydrolase I deficiency	GCH1	FOL2	12
GTP cyclohydrolase I deficiency with hyperphenylalaninemia	GCH1	FOL2	12
GYG1-related disorder of glycogen metabolism	GYG1	GLG1	10
H syndrome	SLC29A3	FUN26	13
Hao-Fountain syndrome due to USP7 mutation	USP7	UBP15	12
Harderoporphyria	CPOX	HEM13	13
Hearing loss, autosomal dominant 71	DMXL2	RAV1	10
Hearing loss, autosomal dominant 72	SLC44A4	PNS1	6
Hearing loss, autosomal dominant 74	PDE1C	PDE2	5
Hearing loss, autosomal dominant 75	TRRAP	TRA1	13
Hearing loss, autosomal dominant 76	PLS1	SAC6	13
Hearing loss, autosomal dominant 77	ABCC1	YCF1	12
Hearing loss, autosomal dominant 79	SCD5	OLE1	12
Hearing loss, autosomal dominant 82	ATP2B2	PMC1	10
Hearing loss, autosomal dominant 84	ATP11A	DNF3	5
Hearing loss, autosomal dominant 87	PI4KB	PIK1	12
Hearing loss, autosomal recessive 100	PPIP5K2	VIP1	13
Hearing loss, autosomal recessive 112	BDP1	BDP1	8
Hearing loss, autosomal recessive 119	AFG2B	AFG2	5
Hearing loss, autosomal recessive 123	STX4	SSO1	10
Hearing loss, autosomal recessive 94	NARS2	SLM5	12
Hearing loss, X-linked 1	PRPS1	PRS2	12
Hecht syndrome	MYH8	MYO1	10
Helicoid peripapillary chorioretinal degeneration	TEAD1	TEC1	8
Heme oxygenase 1 deficiency	HMOX1	HMX1	10
Hemochromatosis type 3	TFR2	VPS70	8
Hemolytic anemia due to adenylate kinase deficiency	AK1	URA6	6
Hemolytic anemia due to erythrocyte adenosine deaminase overproduction	GATA1	GZF3	8
Hemolytic anemia due to glucophosphate isomerase deficiency	GPI	PGI1	13
Hemolytic anemia due to glutathione reductase deficiency	GSR	GLR1	13
Hemolytic anemia due to hexokinase deficiency	HK1	HXK1	8
Hepatic methionine adenosyltransferase deficiency	MAT1A	SAM2	13
Hepatoencephalopathy due to combined oxidative phosphorylation defect type 1	GFM1	MEF1	13
Hepatoerythropoietic porphyria	UROD	HEM12	13
Hereditary coproporphyria	CPOX	HEM13	13
Hereditary cryohydrocytosis with reduced stomatin	SLC2A1	VVS1	13
Hereditary hollow viscus myopathy	ACTG2	ACT1	11
Hereditary inclusion body myopathy-joint contractures-ophthalmoplegia syndrome	MYH2	MYO1	10
Hereditary leiomyomatosis and renal cell cancer	FH	FUM1	13
Hereditary methemoglobinemia	CYB5R3	PGA3	11
Hereditary mucoepithelial dysplasia	SREBF1	TYE7	6
Hereditary myopathy with lactic acidosis due to ISCU deficiency	ISCU	ISU1	13
Hereditary neuroendocrine tumor of small intestine	IPMK	ARG82	5
Hereditary North American Indian childhood cirrhosis	UTP4	UTP4	12
Hereditary orotic aciduria	UMPS	URA3	11
Hereditary sensory and autonomic neuropathy type 7	SCN11A	CCH1	6
Hereditary sensory and autonomic neuropathy with spastic paraplegia	CCT5	CCT5	13
Hereditary spastic paraplegia 12	RTN2	RTN2	8
Hereditary spastic paraplegia 13	HSPD1	HSP60	13
Hereditary spastic paraplegia 28	DDHD1	DDL1	8
Hereditary spastic paraplegia 35	FA2H	SCS7	13
Hereditary spastic paraplegia 37	KPNA3	SRP1	9
Hereditary spastic paraplegia 39	PNPLA6	NTE1	12
Hereditary spastic paraplegia 4	SPAST	SAP1	9
Hereditary spastic paraplegia 47	AP4B1	APL1	5
Hereditary spastic paraplegia 54	DDHD2	DDL1	9
Hereditary spastic paraplegia 55	MTRFR	RSO55	9
Hereditary spastic paraplegia 63	AMPD2	AMD1	13
Hereditary spastic paraplegia 64	ENTPD1	GDA1	5
Hereditary spastic paraplegia 74	IBA57	IBA57	12
Hereditary spastic paraplegia 77	FARS2	MSF1	13
Hereditary spastic paraplegia 9A	ALDH18A1	PRO2	11
Hereditary spherocytosis type 4	SLC4A1	BOR1	10
Hermansky-Pudlak syndrome 10	AP3D1	APL5	10
Hermansky-Pudlak syndrome 2	AP3B1	APL6	11
Hernia, anterior diaphragmatic	PLS3	SAC6	13
HMGB1-related brachyphalangy, polydactyly and tibial aplasia syndrome	HMGB1	NHP6A	7
Hogue-Janssens syndrome 1	PPP2R5D	RTS1	12
Holocarboxylase synthetase deficiency	HLCS	BPL1	12
Holoprosencephaly 12 with or without pancreatic agenesis	CNOT1	CDC39	13
Holoprosencephaly 13, X-linked	STAG2	IRR1	7
Holoprosencephaly 14	PLCH1	PLC1	8
Holoprosencephaly 4	TGIF1	TOS8	6
Holoprosencephaly-hypokinesia-congenital contractures syndrome	GPKOW	SPP2	7
Homocystinuria due to methylene tetrahydrofolate reductase deficiency	MTHFR	MET13	13
Houge-Janssens syndrome 2	PPP2R1A	TPD3	13
HTRA1-related autosomal dominant cerebral small vessel disease	HTRA1	NMA111	6
Hydrops-lactic acidosis-sideroblastic anemia-multisystemic failure syndrome	LARS2	NAM2	13
Hydroxykynureninuria	KYNU	BNA5	13
Hyper-IgM syndrome type 5	UNG	UNG1	13
Hyperammonemia, type III	NAGS	ARG56	10
Hypercholesterolemia, autosomal dominant, 3	PCSK9	RRT12	8
Hypercoagulability syndrome due to glycosylphosphatidylinositol deficiency	PIGM	GPI14	13
Hyperekplexia 4	ATAD1	MSP1	12
Hyperimmunoglobulin D with periodic fever	MVK	ERG12	13
Hyperinsulinemic hypoglycemia, familial, 1	ABCC8	VMR1	6
Hyperinsulinemic hypoglycemia, familial, 8	SLC25A36	RIM2	13
Hyperinsulinism due to glucokinase deficiency	GCK	HXK1	12
Hyperinsulinism-hyperammonemia syndrome	GLUD1	GDH1	9
Hyperkalemic periodic paralysis	SCN4A	CCH1	6
Hyperlysinemia	AASS	LYS9	9
Hypermanganesemia with dystonia, polycythemia, and cirrhosis	SLC30A10	ZRC1	10
Hypermethioninemia with deficiency of S-adenosylhomocysteine hydrolase	AHCY	SAH1	13
Hyperornithinemia-hyperammonemia-homocitrullinuria syndrome	SLC25A15	ORT1	8
Hyperparathyroidism 1	CDC73	CDC73	10
Hyperparathyroidism 2 with jaw tumors	CDC73	CDC73	10
Hyperphosphatasia with intellectual disability syndrome 1	PIGV	GPI18	10
Hyperphosphatasia with intellectual disability syndrome 2	PIGO	GPI13	13
Hyperphosphatasia with intellectual disability syndrome 4	PGAP3	PER1	13
Hyperphosphatasia with intellectual disability syndrome 5	PIGW	GWT1	12
Hyperprolinemia type 2	ALDH4A1	PUT2	12
Hypertrichotic osteochondrodysplasia Cantu type	ABCC9	YBT1	6
Hypertrophic cardiomyopathy 10	MYL2	MLC2	5
Hypertrophic cardiomyopathy 11	ACTC1	ACT1	11
Hypertrophic cardiomyopathy 14	MYH6	MYO1	9
Hypertrophic cardiomyopathy 6	PRKAG2	SNF4	11
Hypertrophic cardiomyopathy 8	MYL3	MLC1	7
Hyperuricemia, pulmonary hypertension, renal failure, alkalosis syndrome	SARS2	DIA4	12
Hypervalinemia and hyperleucine-isoleucinemia	BCAT2	BAT1	12
Hypohidrosis-enamel hypoplasia-palmoplantar keratoderma-intellectual disability syndrome	COG6	COG6	12
Hypokalemic periodic paralysis, type 2	SCN4A	CCH1	6
Hypomagnesemia 7, renal, with or without dilated cardiomyopathy	RRAGD	GTR2	12
Hypomagnesemia, seizures, and intellectual disability 1	CNNM2	MAM3	8
Hypomyelinating leukodystrophy 10	PYCR2	PRO3	10
Hypomyelinating leukodystrophy 11	POLR1C	RPC40	13
Hypomyelinating leukodystrophy 12	VPS11	PEP5	12
Hypomyelinating leukodystrophy 13	HIKESHI	OPI10	12
Hypomyelinating leukodystrophy 3	AIMP1	ARC1	10
Hypomyelinating leukodystrophy 4	HSPD1	HSP60	13
Hypomyelinating leukodystrophy 6	TUBB4A	TUB2	11
Hypomyelinating leukodystrophy 8 with or without oligodontia and-or hypogonadotropic hypogonadism	POLR3B	RET1	13
Hypomyelinating leukodystrophy 9	RARS1	MSR1	5
Hypomyelination with brain stem and spinal cord involvement and leg spasticity	DARS1	DPS1	13
Hypomyelination-cerebellar atrophy-hypoplasia of the corpus callosum syndrome	POLR3A	RPO31	13
Hypoparathyroidism, deafness, renal disease syndrome	GATA3	GZF3	7
Hypoparathyroidism-retardation-dysmorphism syndrome	TBCE	PAC2	13
Hypophosphatasia	ALPL	PHO8	11
Hypophosphatemic rickets, autosomal recessive, 2	ENPP1	NPP1	10
Hypophosphatemic rickets, X-linked recessive	CLCN5	GEF1	12
Hypopigmentation-punctate palmoplantar keratoderma syndrome	ENPP1	NPP1	10
Hypoplastic pancreas-intestinal atresia-hypoplastic gallbalder syndrome	RFX6	RFX1	9
Hypothyroidism, congenital, nongoitrous, 8	TBL1X	SIF2	12
Hypotonia, infantile, with psychomotor retardation and characteristic facies 1	NALCN	CCH1	7
Hypotrichosis 11	SNRPE	SME1	13
Hypotrichosis 12	RPL21	RPL21A	12
Hypotrichosis 14	LSS	ERG7	13
Hypotrichosis-lymphedema-telangiectasia syndrome	SOX18	ROX1	5
Hypotrichosis-lymphedema-telangiectasia syndrome (grouping)	SOX18	ROX1	5
Hypotrichosis-lymphedema-telangiectasia-renal defect syndrome	SOX18	ROX1	5
Hypouricemia, renal, 2	SLC2A9	VVS1	13
Ichthyosis prematurity syndrome	SLC27A4	FAT1	12
IDH3B-related retinopathy	IDH3B	IDH1	13
Idiopathic basal ganglia calcification 1	SLC20A2	PHO89	13
Idiopathic multidrug-resistant nephrotic syndrome	DAAM2	BNR1	8
IFAP syndrome 2	SREBF1	TYE7	6
IFIH1-related type 1 interferonopathy	IFIH1	MPH1	5
Iminoglycinuria	SLC36A2	AVT4	11
Immunodeficiency 105	PTPRC	PTP1	6
Immunodeficiency 120	POLD1	POL3	13
Immunodeficiency 23	PGM3	PCM1	13
Immunodeficiency, common variable, 15	SEC61A1	SEC61	12
Immunodeficiency-centromeric instability-facial anomalies syndrome 4	HELLS	IRC5	12
IMPDH1-related retinopathy	IMPDH1	IMD2	13
Inborn glycerol kinase deficiency	GK	GUT1	12
Inclusion body myopathy with Paget disease of bone and frontotemporal dementia type 1	VCP	CDC48	12
Infantile cerebellar-retinal degeneration	ACO2	ACO1	13
Infantile hypertrophic cardiomyopathy due to MRPL44 deficiency	MRPL44	MRPL3	6
Infantile hypophosphatasia	ALPL	PHO8	11
Infantile liver failure syndrome 1	LARS1	CDC60	13
Infantile liver failure syndrome 3	RINT1	TIP20	6
Infantile nephropathic cystinosis	CTNS	ERS1	12
Infantile-onset X-linked spinal muscular atrophy	UBA1	UBA1	12
Infertility associated with multi-tailed spermatozoa and excessive DNA	AURKC	IPL1	13
Inflammatory poikiloderma with hair abnormalities and acral keratoses	LTV1	LTV1	10
Intellectual developmental disorder 60 with seizures	AP2M1	APM4	11
Intellectual developmental disorder with abnormal behavior, microcephaly, and short stature	PUS7	PUS7	13
Intellectual developmental disorder with dysmorphic facies, seizures, and distal limb anomalies	OTUD6B	OTU2	12
Intellectual developmental disorder with epilepsy, behavioral abnormalities, and coarse facies	ALG14	ALG14	13
Intellectual developmental disorder with impaired language and dysmorphic facies	DDX6	DHH1	13
Intellectual developmental disorder with microcephaly and with or without ocular malformations or hypogonadotropic hypogonadism	SOX11	ROX1	6
Intellectual developmental disorder with seizures and language delay	SETD1B	SET1	10
Intellectual developmental disorder with severe speech and ambulation defects	ACTL6B	ARP4	9
Intellectual developmental disorder with speech delay and axonal peripheral neuropathy	NEMF	RQC2	13
Intellectual developmental disorder, autosomal dominant 65	KDM4B	RPH1	10
Intellectual developmental disorder, autosomal dominant 73	TAF4	TAF4	5
Intellectual developmental disorder, autosomal recessive 68	TRMT1	TRM1	13
Intellectual developmental disorder, autosomal recessive 71	ALKBH8	TRM9	8
Intellectual developmental disorder, autosomal recessive 73	NAA20	NAT3	13
Intellectual developmental disorder, autosomal recessive 79	TPR	MLP1	11
Intellectual developmental disorder, autosomal recessive 81	ASCC3	SLH1	12
Intellectual developmental disorder, X-linked 108	SLC9A7	NHX1	11
Intellectual developmental disorder, X-linked 113	CSTF2	RNA15	8
Intellectual developmental disorder, X-linked 114	SRPK3	SKY1	12
Intellectual disability, autosomal dominant 13	DYNC1H1	DYN1	12
Intellectual disability, autosomal dominant 15	SMARCB1	SNF5	9
Intellectual disability, autosomal dominant 16	SMARCA4	STH1	12
Intellectual disability, autosomal dominant 33	DPP6	STE13	13
Intellectual disability, autosomal dominant 38	EEF1A2	TEF1	11
Intellectual disability, autosomal dominant 41	TBL1XR1	SIF2	12
Intellectual disability, autosomal dominant 42	GNB1	STE4	10
Intellectual disability, autosomal dominant 47	STAG1	IRR1	9
Intellectual disability, autosomal dominant 5	SYNGAP1	BUD2	5
Intellectual disability, autosomal dominant 50	NAA15	NAT1	13
Intellectual disability, autosomal dominant 55, with seizures	NUS1	NUS1	12
Intellectual disability, autosomal dominant 56	CLTC	CHC1	12
Intellectual disability, autosomal dominant 58	SET	VPS75	7
Intellectual disability, autosomal recessive 13	TRAPPC9	TRS120	7
Intellectual disability, autosomal recessive 14	TECR	TSC13	13
Intellectual disability, autosomal recessive 42	PGAP1	BST1	9
Intellectual disability, autosomal recessive 5	NSUN2	NCL1	13
Intellectual disability, autosomal recessive 50	EDC3	EDC3	7
Intellectual disability, autosomal recessive 52	LMAN2L	UIP5	7
Intellectual disability, autosomal recessive 53	PIGG	LAS21	11
Intellectual disability, autosomal recessive 56	ZC3H14	NAB2	5
Intellectual disability, autosomal recessive 58	ELP2	ELP2	12
Intellectual disability, autosomal recessive 59	IMPA1	INM1	12
Intellectual disability, autosomal recessive 60	TAF13	TAF13	12
Intellectual disability, autosomal recessive 65	KDM5B	JHD2	10
Intellectual disability, autosomal recessive 7	TUSC3	OST3	13
Intellectual disability, X-linked 102	DDX3X	DED1	12
Intellectual disability, X-linked 105	USP27X	UBP8	11
Intellectual disability, X-linked 19	RPS6KA3	YPK3	5
Intellectual disability, X-linked 30	PAK3	STE20	9
Intellectual disability, X-linked 41	GDI1	GDI1	13
Intellectual disability, X-linked 49	CLCN4	GEF1	12
Intellectual disability, X-linked 63	ACSL4	FAA1	13
Intellectual disability, X-linked 9	FTSJ1	TRM7	13
Intellectual disability, X-linked syndromic, Turner type	HUWE1	TOM1	11
Intellectual disability, X-linked, syndromic 33	TAF1	TAF1	12
Intellectual disability, X-linked, syndromic, 35	RPL10	RPL10	10
Intellectual disability, X-linked, with panhypopituitarism	SOX3	ROX1	6
Intellectual disability-early-onset cataract-microcephaly syndrome	COPB1	SEC26	13
Intellectual disability-obesity-brain malformations-facial dysmorphism syndrome	TRAPPC9	TRS120	7
Intellectual disability-strabismus syndrome	ADAT3	TAD3	10
Intrauterine growth retardation, metaphyseal dysplasia, adrenal hypoplasia congenita, genital anomalies, and immunodeficiency	POLE	POL2	13
Isolated congenital breast hypoplasia/aplasia	PTPRF	PTP1	7
Isolated microphthalmia 8	ALDH1A3	ALD5	11
Isolated Pierre-Robin syndrome	SOX9	ROX1	5
Jalili syndrome	CNNM4	MAM3	8
Johanson-Blizzard syndrome	UBR1	UBR1	10
Juberg-Hayward syndrome	ESCO2	ECO1	10
Juvenile cataract-microcornea-renal glucosuria syndrome	SLC16A12	ESBP6	11
Juvenile nephropathic cystinosis	CTNS	ERS1	12
Juvenile onset Parkinson disease 19A	DNAJC6	SWA2	6
Kabuki syndrome 2	KDM6A	CYC8	8
Kaposiform hemangioendothelioma	GNA14	GPA1	8
Kaya-Barakat-Masson syndrome	YIF1B	YIF1	13
Kearns-Sayre syndrome	RRM2B	RNR2	13
Keratoconus 9	TUBA3D	TUB1	9
Keratoderma with scleroatrophy of the extremities	SMARCAD1	FUN30	10
Keratosis follicularis	ATP2A2	PMR1	5
Keratosis linearis-ichthyosis congenita-sclerosing keratoderma syndrome	POMP	UMP1	12
Ketoacidosis due to monocarboxylate transporter-1 deficiency	SLC16A1	ESBP6	10
Knobloch syndrome 2	PAK2	SKM1	8
Kufor-Rakeb syndrome	ATP13A2	YPK9	13
Lactic aciduria due to D-lactic acid	LDHD	DLD1	12
Lathosterolosis	SC5D	ERG3	12
Laurence-Moon syndrome	PNPLA6	NTE1	12
Lazy leukocyte syndrome	WDR1	AIP1	12
Leber congenital amaurosis 11	IMPDH1	IMD2	13
Leber congenital amaurosis 13	RDH12	ENV9	9
Leber congenital amaurosis 9	NMNAT1	NMA2	13
Leber congenital amaurosis with early-onset deafness	TUBB4B	TUB2	12
Leigh syndrome	IARS2	ISM1	13
LEOPARD syndrome 1	PTPN11	PTP1	5
Lethal arthrogryposis-anterior horn cell disease syndrome	GLE1	GLE1	9
Lethal congenital contracture syndrome 1	GLE1	GLE1	9
Lethal congenital contracture syndrome 3	PIP5K1C	MSS4	8
Lethal congenital glycogen storage disease of heart	PRKAG2	SNF4	11
Lethal left ventricular non-compaction-seizures-hypotonia-cataract-developmental delay syndrome	MIPEP	1-Oct	13
Lethal occipital encephalocele-skeletal dysplasia syndrome	CYP26B1	ERG5	6
Leucine-induced hypoglycemia	ABCC8	VMR1	6
Leukodystrophy, childhood-onset, remitting	FBP2	FBP1	13
Leukodystrophy, hypomyelinating, 15	EPRS1	GUS1	7
Leukodystrophy, hypomyelinating, 19, transient infantile	TMEM63A	CSC1	10
Leukodystrophy, hypomyelinating, 21	POLR3K	RPC11	13
Leukodystrophy, hypomyelinating, 24	ATP11A	DNF3	5
Leukodystrophy, hypomyelinating, 26, with chondrodysplasia	SLC35B2	HUT1	7
Leukodystrophy, hypomyelinating, 27	POLR1A	RPA190	13
Leukoencephalopathy with brain stem and spinal cord involvement-high lactate syndrome	DARS2	MSD1	13
Leukoencephalopathy with vanishing white matter 1	EIF2B1	GCN3	13
Leukoencephalopathy with vanishing white matter 2	EIF2B2	GCD7	13
Leukoencephalopathy with vanishing white matter 3	EIF2B3	GCD1	11
Leukoencephalopathy with vanishing white matter 4	EIF2B4	GCD2	12
Leukoencephalopathy with vanishing white matter 5	EIF2B5	GCD6	12
Leukoencephalopathy, acute reversible, with increased urinary alpha-ketoglutarate	SLC13A3	PHO90	10
Leukoencephalopathy, hereditary diffuse, with spheroids 2	AARS1	ALA1	13
Leukoencephalopathy, porphyria-related	HMBS	HEM3	13
Leukoencephalopathy, progressive, with ovarian failure	AARS2	ALA1	7
Leukoencephalopathy-thalamus and brainstem anomalies-high lactate syndrome	EARS2	MSE1	13
Leukonychia totalis	PLCD1	PLC1	11
Lhermitte-Duclos disease	PTEN	TEP1	10
Li-Ghorbani-Weisz-Hubshman syndrome	KAT8	SAS2	6
Liberfarb syndrome	PISD	PSD1	12
Lichtenstein-Knorr syndrome	SLC9A1	NHX1	6
Linear hypopigmentation and craniofacial asymmetry with acral, ocular and brain anomalies	RHOA	RHO1	12
Lipodystrophy, congenital generalized, type 5	PCYT1A	PCT1	10
Lipoic acid synthetase deficiency	LIAS	LIP5	13
Lipoyl transferase 1 deficiency	LIPT1	AIM22	13
Lissencephaly 7 with cerebellar hypoplasia	CDK5	PHO85	7
Lissencephaly due to LIS1 mutation	PAFAH1B1	PAC1	8
Lissencephaly due to TUBA1A mutation	TUBA1A	TUB1	10
Long QT syndrome 14	CALM1	CMD1	7
Long QT syndrome 15	CALM2	CMD1	7
Long QT syndrome 16	CALM3	CMD1	8
Long QT syndrome 3	SCN5A	CCH1	5
Long QT syndrome 8	CACNA1C	CCH1	7
Low phospholipid associated cholelithiasis	ABCB4	STE6	9
Lower motor neuron syndrome with late-adult onset	CHCHD10	MIX17	9
Luscan-Lumish syndrome	SETD2	SET2	7
Lynch syndrome 1	MSH2	MSH2	13
Lynch syndrome 4	PMS2	PMS1	12
Lynch syndrome 5	MSH6	MSH6	12
Lysinuric protein intolerance	SLC7A7	MUP1	11
Macrocephaly-autism syndrome	PTEN	TEP1	10
Macrocephaly-intellectual disability-neurodevelopmental disorder-small thorax syndrome	MTOR	TOR1	11
Macrothrombocytopenia and granulocyte inclusions with or without nephritis or sensorineural hearing loss	MYH9	MYO1	10
Macrothrombocytopenia, isolated, 1, autosomal dominant	TUBB1	TUB2	9
Macrothrombocytopenia, isolated, 2, autosomal dominant	TUBA8	TUB1	12
Macrothrombocytopenia-lymphedema-developmental delay-facial dysmorphism-camptodactyly syndrome	CDC42	CDC42	11
Majeed syndrome	LPIN2	PAH1	12
MAK-related retinopathy	MAK	IME2	11
MAN1B1-congenital disorder of glycosylation	MAN1B1	MNS1	13
Mandibular hypoplasia-deafness-progeroid syndrome	POLD1	POL3	13
Mandibuloacral dysplasia with type B lipodystrophy	ZMPSTE24	STE24	13
Mandibulofacial dysostosis-microcephaly syndrome	EFTUD2	SNU114	11
Maple syrup urine disease, mild variant	PPM1K	PTC6	7
Marbach-Schaaf neurodevelopmental syndrome	PRKAR1B	BCY1	9
Marinesco-Sjögren syndrome	SIL1	SIL1	7
Maturity-onset diabetes of the young type 2	GCK	HXK1	12
MEDNIK syndrome	AP1S1	APS1	12
Megaconial type congenital muscular dystrophy	CHKB	CKI1	10
Megacystis-microcolon-intestinal hypoperistalsis syndrome 2	MYH11	MYO1	11
MEHMO syndrome	EIF2S3	GCD11	13
Meier-Gorlin syndrome 1	ORC1	ORC1	10
Meier-Gorlin syndrome 2	ORC4	ORC4	11
Meier-Gorlin syndrome 5	CDC6	CDC6	12
Meier-Gorlin syndrome 7	CDC45	CDC45	13
Meier-Gorlin syndrome 8	MCM5	MCM5	13
Melorheostosis	MAP2K1	STE7	9
Menkes kinky-hair syndrome	ATP7A	CCC2	13
Metabolic myopathy due to lactate transporter defect	SLC16A1	ESBP6	10
Metachondromatosis	PTPN11	PTP1	5
Metaphyseal chondrodysplasia-retinitis pigmentosa syndrome	CWC27	CWC27	8
Metaphyseal chondromatosis with D-2-hydroxyglutaric aciduria	IDH1	IDP1	12
Methemoglobinemia type 4	CYB5A	CYB5	10
Methylcobalamin deficiency type cblG	MTR	MHT1	5
Methylmalonic acidemia with homocystinuria, type cblJ	ABCD4	PXA1	6
Mevalonic aciduria	MVK	ERG12	13
Microcephalic osteodysplastic dysplasia, Saul-Wilson type	COG4	COG4	13
Microcephalic primordial dwarfism, Alazami type	LARP7	LHP1	5
Microcephaly 18, primary, autosomal dominant	WDFY3	BPH1	7
Microcephaly 19, primary, autosomal recessive	COPB2	SEC27	12
Microcephaly 21, primary, autosomal recessive	NCAPD2	YCS4	13
Microcephaly 23, primary, autosomal recessive	NCAPH	BRN1	13
Microcephaly 28, primary, autosomal recessive	RRP7A	RRP7	11
Microcephaly 29, primary, autosomal recessive	PDCD6IP	RIM20	11
Microcephaly 30, primary, autosomal recessive	BUB1	BUB1	12
Microcephaly with or without chorioretinopathy, lymphedema, or intellectual disability	KIF11	KIP1	9
Microcephaly, epilepsy, and diabetes syndrome 1	IER3IP1	YOS1	13
Microcephaly, epilepsy, and diabetes syndrome 2	YIPF5	YIP1	13
Microcephaly, growth restriction, and increased sister chromatid exchange 2	TOP3A	TOP3	12
Microcephaly, seizures, and developmental delay	PNKP	TPP1	8
Microcephaly, short stature, and impaired glucose metabolism 1	TRMT10A	TRM10	13
Microcephaly-congenital cataract-psoriasiform dermatitis syndrome	MSMO1	ERG25	13
Microcephaly-intellectual disability-sensorineural hearing loss-epilepsy-abnormal muscle tone syndrome	AFG2A	AFG2	12
Microcephaly-short stature-intellectual disability-facial dysmorphism syndrome	QARS1	GLN4	13
Microcephaly-thin corpus callosum-intellectual disability syndrome	TAF2	TAF2	11
Microcornea, rod-cone dystrophy, cataract, and posterior staphyloma 1	ARL2	CIN4	8
Microcytic anemia with liver iron overload	SLC11A2	SMF1	11
Migraine, familial hemiplegic, 1	CACNA1A	CCH1	5
Migraine, familial hemiplegic, 3	SCN1A	CCH1	5
Mild phosphoribosylpyrophosphate synthetase superactivity	PRPS1	PRS2	12
Miller syndrome	DHODH	URA1	8
Mirror movements 2	RAD51	RAD51	13
Mismatch repair cancer syndrome 1	MLH1	MLH1	13
Mismatch repair cancer syndrome 2	MSH2	MSH2	13
Mismatch repair cancer syndrome 3	MSH6	MSH6	12
Mismatch repair cancer syndrome 4	PMS2	PMS1	12
Mitchell syndrome	ACOX1	POX1	9
Mitochondrial complex 2 deficiency, nuclear type 2	SDHAF1	SDH6	6
Mitochondrial complex 2 deficiency, nuclear type 3	SDHD	TIM18	7
Mitochondrial complex 2 deficiency, nuclear type 4	SDHB	SDH2	13
Mitochondrial complex I deficiency, nuclear type 27	MTFMT	FMT1	11
Mitochondrial complex II deficiency, nuclear type 1	SDHA	SDH9	13
Mitochondrial complex III deficiency nuclear type 1	BCS1L	BCS1	13
Mitochondrial complex III deficiency nuclear type 3	UQCRB	QCR7	13
Mitochondrial complex III deficiency nuclear type 4	UQCRQ	QCR8	8
Mitochondrial complex III deficiency nuclear type 5	UQCRC2	QCR2	7
Mitochondrial complex III deficiency nuclear type 6	CYC1	CYT1	13
Mitochondrial complex III deficiency nuclear type 8	LYRM7	MZM1	5
Mitochondrial complex III deficiency, nuclear type 10	UQCRFS1	RIP1	12
Mitochondrial complex III deficiency, nuclear type 11	UQCRH	QCR6	5
Mitochondrial complex IV deficiency, nuclear type 1	SURF1	SHY1	13
Mitochondrial complex IV deficiency, nuclear type 16	COX4I1	COX5B	6
Mitochondrial complex IV deficiency, nuclear type 18	COX6A2	COX13	12
Mitochondrial complex IV deficiency, nuclear type 19	PET117	PET117	10
Mitochondrial complex IV deficiency, nuclear type 20	COX5A	COX6	13
Mitochondrial complex IV deficiency, nuclear type 22	COX16	COX16	6
Mitochondrial complex IV deficiency, nuclear type 23	COX11	COX11	12
Mitochondrial complex IV deficiency, nuclear type 3	COX10	COX10	13
Mitochondrial complex IV deficiency, nuclear type 4	SCO1	SCO1	13
Mitochondrial complex IV deficiency, nuclear type 7	COX6B1	COX12	12
Mitochondrial complex IV deficiency, nuclear type 8	TACO1	DPC29	12
Mitochondrial complex V (ATP synthase) deficiency, nuclear type 1	ATPAF2	ATP12	10
Mitochondrial complex V (ATP synthase) deficiency, nuclear type 3	ATP5F1E	ATP15	7
Mitochondrial complex V (ATP synthase) deficiency, nuclear type 4A	ATP5F1A	ATP1	13
Mitochondrial complex V (ATP synthase) deficiency, nuclear type 4B	ATP5F1A	ATP1	13
Mitochondrial complex V (ATP synthase) deficiency, nuclear type 5	ATP5F1D	ATP16	13
Mitochondrial complex V (ATP synthase) deficiency, nuclear type 7	ATP5PO	ATP5	13
Mitochondrial DNA deletion syndrome with progressive myopathy	DNA2	DNA2	12
Mitochondrial DNA depletion syndrome 12A (cardiomyopathic type), autosomal dominant	SLC25A4	AAC1	12
Mitochondrial DNA depletion syndrome 12B (cardiomyopathic type), autosomal recessive	SLC25A4	AAC1	12
Mitochondrial DNA depletion syndrome 15 (hepatocerebral type)	TFAM	ABF2	6
Mitochondrial DNA depletion syndrome 17	MRM2	MRM2	9
Mitochondrial DNA depletion syndrome 18	SLC25A21	ODC1	12
Mitochondrial DNA depletion syndrome 19	SLC25A10	DIC1	11
Mitochondrial dna depletion syndrome 21	GUK1	GUK1	12
Mitochondrial DNA depletion syndrome 4b	POLG	MIP1	13
Mitochondrial DNA depletion syndrome 6 (hepatocerebral type)	MPV17	SYM1	11
Mitochondrial DNA depletion syndrome 8a	RRM2B	RNR2	13
Mitochondrial DNA depletion syndrome 9	SUCLG1	LSC1	13
Mitochondrial DNA depletion syndrome, encephalomyopathic form with methylmalonic aciduria	SUCLA2	LSC2	13
Mitochondrial hypertrophic cardiomyopathy with lactic acidosis due to MTO1 deficiency	MTO1	MTO1	13
Mitochondrial myopathy, episodic, with optic atrophy and reversible leukoencephalopathy	FDX2	YAH1	12
Mitochondrial myopathy-cerebellar ataxia-pigmentary retinopathy syndrome	MSTO1	DML1	11
Mitochondrial pyruvate carrier deficiency	MPC1	MPC1	13
MOGS-congenital disorder of glycosylation	MOGS	CWH41	13
Monocytopenia with susceptibility to infections	GATA2	GZF3	7
Morimoto-Ryu-Malicdan neuromuscular syndrome	RFC4	RFC2	12
Mosaic variegated aneuploidy syndrome 1	BUB1B	MAD3	10
Mosaic variegated aneuploidy syndrome 3	TRIP13	PCH2	10
Mosaic variegated aneuploidy syndrome 7 with inflammation and tumor predisposition	MAD1L1	MAD1	6
Moyamoya disease	DIAPH1	BNI1	8
Moyamoya disease 5	ACTA2	ACT1	10
Moyamoya disease 7	ANO1	IST2	5
MPI-congenital disorder of glycosylation	MPI	PMI40	13
MTOR-related overgrowth spectrum	MTOR	TOR1	11
Mucopolysaccharidosis-plus syndrome	VPS33A	VPS33	12
Multiple benign circumferential skin creases on limbs 1	TUBB	TUB2	12
Multiple congenital anomalies-hypotonia-seizures syndrome 1	PIGN	MCD4	13
Multiple congenital anomalies-hypotonia-seizures syndrome 2	PIGA	SPT14	13
Multiple congenital anomalies-hypotonia-seizures syndrome 3	PIGT	GPI16	13
Multiple epiphyseal dysplasia type 4	SLC26A2	SUL1	6
Multiple mitochondrial dysfunctions syndrome 1	NFU1	NFU1	12
Multiple mitochondrial dysfunctions syndrome 10	CIAO1	CIA1	11
Multiple mitochondrial dysfunctions syndrome 2	BOLA3	BOL3	13
Multiple mitochondrial dysfunctions syndrome 3	IBA57	IBA57	12
Multiple mitochondrial dysfunctions syndrome 4	ISCA2	ISA2	12
Multiple mitochondrial dysfunctions syndrome 5	ISCA1	ISA1	10
Multiple mitochondrial dysfunctions syndrome 6	PMPCB	MAS1	13
Multiple mitochondrial dysfunctions syndrome 7	GCSH	GCV3	12
Multiple mitochondrial dysfunctions syndrome 9b	FDXR	ARH1	13
Multiple system atrophy	COQ2	COQ2	13
Multisystemic smooth muscle dysfunction syndrome	ACTA2	ACT1	10
Muscle AMP deaminase deficiency	AMPD1	AMD1	13
Muscular dystrophy, congenital, with rapid progression	BET1	BET1	10
Muscular dystrophy, limb-girdle, autosomal recessive 28	HMGCR	HMG1	12
Muscular dystrophy-dystroglycanopathy (congenital with brain and eye anomalies), type A14	GMPPB	PSA1	13
Muscular dystrophy-dystroglycanopathy (congenital with brain and eye anomalies), type A2	POMT2	PMT2	12
Muscular dystrophy-dystroglycanopathy (congenital with intellectual disability), type B1	POMT1	PMT4	11
Muscular dystrophy-dystroglycanopathy (congenital with intellectual disability), type B14	GMPPB	PSA1	13
Muscular dystrophy-dystroglycanopathy (congenital with intellectual disability), type B2	POMT2	PMT2	12
Myasthenic syndrome, congenital, 23, presynaptic	SLC25A1	CTP1	13
Myasthenic syndrome, congenital, 25, presynaptic	VAMP1	SNC1	9
Myelodysplastic syndrome associated with isolated del(5q)	RPS14	RPS14A	13
MYH10-related neurodevelopmental disorder with congenital anomalies	MYH10	MYO1	11
MYH7-related skeletal myopathy	MYH7	MYO1	10
MYO5B-related progressive familial intrahepatic cholestasis	MYO5B	MYO2	11
Myoclonus, familial, 2	SCN8A	CCH1	5
Myofibrillar myopathy 11	UNC45B	SHE4	7
Myoglobinuria, acute recurrent, autosomal recessive	LPIN1	PAH1	12
Myopathic intestinal pseudoobstruction	ACTG2	ACT1	11
Myopathy caused by variation in GMPPB	GMPPB	PSA1	13
Myopathy caused by variation in POMT1	POMT1	PMT4	11
Myopathy caused by variation in POMT2	POMT2	PMT2	12
Myopathy with abnormal lipid metabolism	FLAD1	FAD1	9
Myopathy, distal, 5	ADSS1	ADE12	13
Myopathy, epilepsy, and progressive cerebral atrophy	ALG14	ALG14	13
Myopathy, lactic acidosis, and sideroblastic anemia 1	PUS1	PUS1	12
Myopathy, lactic acidosis, and sideroblastic anemia 2	YARS2	MSY1	13
Myopathy, myofibrillar, 12, infantile-onset, with cardiomyopathy	MYL2	MLC2	5
Myopathy, myosin storage, autosomal recessive	MYH7	MYO1	10
Myopathy, proximal, and ophthalmoplegia	MYH2	MYO1	10
Myopia 6	SCO2	SCO1	12
Myosin storage myopathy	MYH7	MYO1	10
Myotonia fluctuans	SCN4A	CCH1	6
Myotonia permanens	SCN4A	CCH1	6
Myotonic dystrophy type 2	CNBP	GIS2	7
NAA10-related syndrome	NAA10	ARD1	13
NAD(P)HX dehydratase deficiency	NAXD	NNR2	13
Nager syndrome	SF3B4	HSH49	10
Nemaline myopathy 7	CFL2	COF1	11
Neonatal encephalomyopathy-cardiomyopathy-respiratory distress syndrome	COQ4	COQ4	13
Neonatal intrahepatic cholestasis due to citrin deficiency	SLC25A13	AGC1	11
Neonatal pseudo-hydrocephalic progeroid syndrome	POLR3A	RPO31	13
Neonatal-onset severe multisystemic autoinflammatory disease with increased IL18	CDC42	CDC42	11
Nephronophthisis-like nephropathy 1	XPNPEP3	ICP55	13
Nephropathic cystinosis	CTNS	ERS1	12
Nephrotic syndrome 14	SGPL1	DPL1	13
Nephrotic syndrome, type 11	NUP107	NUP84	12
Nephrotic syndrome, type 12	NUP93	NIC96	13
Nephrotic syndrome, type 13	NUP205	NUP192	7
Nephrotic syndrome, type 17	NUP85	NUP85	6
Nephrotic syndrome, type 18	NUP133	NUP133	7
Nephrotic syndrome, type 20	TBC1D8B	MDR1	10
Nephrotic syndrome, type 24	DAAM2	BNR1	8
Nephrotic syndrome, type 3	PLCE1	PLC1	5
Nephrotic syndrome, type 8	ARHGDIA	RDI1	13
Nephrotic syndrome, type 9	COQ8B	COQ8	13
Neu-Laxova syndrome 1	PHGDH	SER3	8
Neu-Laxova syndrome 2	PSAT1	SER1	13
Neu-laxova syndrome due to 3-phosphoserine phosphatase deficiency	PSPH	SER2	12
Neurodegeneration and seizures due to copper transport defect	SLC31A1	CTR2	11
Neurodegeneration with ataxia and late-onset optic atrophy	SDHA	SDH9	13
Neurodegeneration with brain iron accumulation 5	WDR45	HSV2	10
Neurodegeneration with brain iron accumulation 6	COASY	CAB4	9
Neurodegeneration with brain iron accumulation 8	CRAT	CAT2	12
Neurodegeneration, childhood-onset, with ataxia, tremor, optic atrophy, and cognitive decline	SLC44A1	PNS1	6
Neurodegeneration, childhood-onset, with multisystem involvement due to mitochondrial dysfunction	LETM1	YLH47	10
Neurodegeneration, childhood-onset, with progressive microcephaly	DTYMK	CDC8	12
Neurodegenerative disorder, X-linked, female-restricted, with parkinsonism and cognitive impairment	SLC9A6	NHX1	12
Neurodevelopmental disorder with alopecia and brain abnormalities	ODC1	SPE1	13
Neurodevelopmental disorder with dysmorphic facies and cerebellar hypoplasia	EXOC2	SEC5	10
Neurodevelopmental disorder with dysmorphic facies and distal skeletal anomalies	ZMIZ1	SIZ1	6
Neurodevelopmental disorder with hearing loss and spasticity	AFG2B	AFG2	5
Neurodevelopmental disorder with hypotonia and cerebellar atrophy, with or without seizures	PIGK	GPI8	13
Neurodevelopmental disorder with hypotonia and characteristic brain abnormalities	SLC4A10	BOR1	10
Neurodevelopmental disorder with hypotonia, impaired speech, and behavioral abnormalities	GNAI1	GPA1	10
Neurodevelopmental disorder with hypotonia, stereotypic hand movements, and impaired language	MEF2C	SMP1	8
Neurodevelopmental disorder with impaired intellectual development, hypotonia, and ataxia	DOCK3	DCK1	10
Neurodevelopmental disorder with involuntary movements	GNAO1	GPA1	10
Neurodevelopmental disorder with microcephaly, ataxia, and seizures	SARS1	SES1	13
Neurodevelopmental disorder with microcephaly, epilepsy, and hypomyelination	MTHFS	FAU1	13
Neurodevelopmental disorder with microcephaly, hypotonia, and variable brain anomalies	PRUNE1	PPX1	13
Neurodevelopmental disorder with microcephaly, impaired language, and gait abnormalities	NARS1	DED81	13
Neurodevelopmental disorder with microcephaly, impaired language, epilepsy, and gait abnormalities	NARS1	DED81	13
Neurodevelopmental disorder with microcephaly, seizures, and brain atrophy	EXOC8	EXO84	11
Neurodevelopmental disorder with or without autism or seizures	CUL3	CUL3	12
Neurodevelopmental disorder with progressive microcephaly, spasticity, and brain anomalies	PLAA	DOA1	12
Neurodevelopmental disorder with seizures and brain atrophy	EXOC7	EXO70	12
Neurodevelopmental disorder with speech impairment and dysmorphic facies	SETD1A	SET1	10
Neurodevelopmental disorder, mitochondrial, with abnormal movements and lactic acidosis, with or without seizures	WARS2	MSW1	13
Neuroectodermal melanolysosomal disease	MYO5A	MYO2	11
Neurofibromatosis type 1 due to NF1 mutation or intragenic deletion	NF1	IRA1	10
Neurofibromatosis, familial spinal	NF1	IRA1	10
Neurofibromatosis, type 1	NF1	IRA1	10
Neurofibromatosis-Noonan syndrome	NF1	IRA1	10
Neurologic, endocrine, and pancreatic disease, multisystem, infantile-onset 1	PTRH2	PTH2	12
Neuromuscular disease caused by qualitative or quantitative defects of beta-myosin heavy chain (MYH7)	MYH7	MYO1	10
Neuronal ceroid lipofuscinosis 10	CTSD	PEP4	12
Neuronal ceroid lipofuscinosis 3	CLN3	YHC3	13
Neuronopathy, distal hereditary motor, autosomal recessive 11, with spasticity	RTN2	RTN2	8
Neuronopathy, distal hereditary motor, autosomal recessive 8	SORD	XYL2	11
Neuronopathy, distal hereditary motor, autosomal recessive 9	COQ7	CAT5	13
Neuronopathy, distal hereditary motor, type 5A	GARS1	GRS1	13
Neuronopathy, distal hereditary motor, type 9	WARS1	WRS1	13
Neuropathy, hereditary motor and sensory, type VIc, with optic atrophy	PDXK	BUD16	13
Neuropathy, hereditary sensory and autonomic, type 1A	SPTLC1	LCB1	13
Neuropathy, hereditary sensory and autonomic, type 1C	SPTLC2	LCB2	13
Neutropenia, severe congenital, 10, autosomal recessive	SRP68	SRP68	13
Neutropenia, severe congenital, 11, autosomal dominant	SEC61A1	SEC61	12
Neutropenia, severe congenital, 8, autosomal dominant	SRP54	SRP54	13
Neutropenia, severe congenital, 9, autosomal dominant	CLPB	HSP78	8
Nicolaides-Baraitser syndrome	SMARCA2	STH1	12
Niemann-Pick disease, type A	SMPD1	PPN1	8
Niemann-Pick disease, type B	SMPD1	PPN1	8
Niemann-Pick disease, type C1	NPC1	NCR1	13
Nijmegen breakage syndrome-like disorder	RAD50	RAD50	13
NMNAT1-related retinopathy	NMNAT1	NMA2	13
Non-severe combined immunodeficiency due to COPG1 deficiency	COPG1	SEC21	13
Nonsyndromic congenital nail disorder 3	PLCD1	PLC1	11
Noonan syndrome 12	RRAS2	RAS1	11
Noonan syndrome 13	MAPK1	FUS3	12
Noonan syndrome 4	SOS1	CDC25	8
Noonan syndrome 9	SOS2	CDC25	8
Noonan syndrome-like disorder with loose anagen hair 2	PPP1CB	GLC7	10
Norum disease	LCAT	LRO1	8
NTHL1-deficiency tumor predisposition syndrome	NTHL1	NTG1	12
Obesity due to prohormone convertase I deficiency	PCSK1	KEX2	8
Ocular cystinosis	CTNS	ERS1	12
Oculocerebrofacial syndrome, Kaufman type	UBE3B	HUL5	9
Oculopharyngeal muscular dystrophy	PABPN1	SGN1	8
Oculopharyngeal muscular dystrophy 1	PABPN1	SGN1	8
Odontohypophosphatasia	ALPL	PHO8	11
Odontoleukodystrophy	POLR3A	RPO31	13
Ogden syndrome	NAA10	ARD1	13
Okur-Chung neurodevelopmental syndrome	CSNK2A1	CKA1	11
Oocyte maturation defect 2	TUBB8	TUB2	11
Oocyte maturation defect 4	PATL2	PAT1	6
Oocyte maturation defect 9	TRIP13	PCH2	10
Optic atrophy 10 with or without ataxia, intellectual disability, and seizures	RTN4IP1	YIM1	10
Optic atrophy 11	YME1L1	YME1	12
Optic atrophy 12	AFG3L2	AFG3	13
Optic atrophy 13 with retinal and foveal abnormalities	SSBP1	RIM1	5
Optic atrophy 15	MCAT	MCT1	5
Optic atrophy 16	MECR	ETR1	12
Optic atrophy 5	DNM1L	DNM1	12
Optic atrophy 9	ACO2	ACO1	13
Optic atrophy-ataxia-peripheral neuropathy-global developmental delay syndrome	FDXR	ARH1	13
Ornithine aminotransferase deficiency	OAT	CAR2	12
Ornithine carbamoyltransferase deficiency	OTC	ARG3	13
Orofacial cleft 10	SUMO1	SMT3	9
Osteogenesis imperfecta type 9	PPIB	CPR5	11
Osteogenesis imperfecta, type 21	KDELR2	ERD2	13
Osteopetrosis, autosomal recessive 9	SLC4A2	BOR1	10
Otosclerosis 11	FOXL1	HCM1	5
Otosclerosis 12	SMARCA4	STH1	12
Ovarian dysgenesis 3	PSMC3IP	HOP2	9
Ovarian dysgenesis 6	NUP107	NUP84	12
Ovarian small cell carcinoma	SMARCA4	STH1	12
Oxoglutaricaciduria	OGDH	KGD1	13
P5CS deficiency	ALDH18A1	PRO2	11
PAICS deficiency	PAICS	ADE1	10
Palatal anomalies-widely spaced teeth-facial dysmorphism-developmental delay syndrome	KDM1A	FMS1	5
Palmoplantar keratoderma, Bothnian type	AQP5	AQY1	9
Pancreatic agenesis-holoprosencephaly syndrome	CNOT1	CDC39	13
Pancreatic hypoplasia-diabetes-congenital heart disease syndrome	GATA6	GZF3	8
Pancreatic insufficiency-anemia-hyperostosis syndrome	COX4I2	COX5B	6
Panhypopituitarism, X-linked	SOX3	ROX1	6
Paramyotonia congenita of Von Eulenburg	SCN4A	CCH1	6
Parathyroid carcinoma	CDC73	CDC73	10
Parkinson disease 17	VPS35	VPS35	13
Parkinson disease 22, autosomal dominant	CHCHD2	MIX17	11
Parkinsonism due to ATP13A2 deficiency	ATP13A2	YPK9	13
Parkinsonism with polyneuropathy	UQCRC1	MAS1	12
Parkinsonism-dystonia 3, childhood-onset	WARS2	MSW1	13
Paroxysmal extreme pain disorder	SCN9A	CCH1	5
Paroxysmal nocturnal hemoglobinuria	PIGA	SPT14	13
Paroxysmal nocturnal hemoglobinuria 1	PIGA	SPT14	13
Paroxysmal nocturnal hemoglobinuria 2	PIGT	GPI16	13
Paroxysmal nonkinesigenic dyskinesia 1	PNKD	GLO2	8
Partial corpus callosum agenesis-cerebellar vermis hypoplasia with posterior fossa cysts syndrome	KPNA7	SRP1	6
PCWH syndrome	SOX10	ROX1	5
PDE6A-related retinopathy	PDE6A	PDE2	5
PDE6C-related retinopathy	PDE6C	PDE2	5
Pediatric systemic lupus erythematosus	SAT1	HPA2	6
Pelger-Huët anomaly	LBR	ERG24	12
Perinatal lethal hypophosphatasia	ALPL	PHO8	11
Peripheral neuropathy-myopathy-hoarseness-hearing loss syndrome	MYH14	MYO1	8
Periventricular heterotopia with microcephaly, autosomal recessive	ARFGEF2	SEC7	13
Periventricular nodular heterotopia 7	NEDD4L	RSP5	11
Periventricular nodular heterotopia 8	ARF1	ARF1	9
Perlman syndrome	DIS3L2	SSD1	9
Permanent neonatal diabetes mellitus 1	GCK	HXK1	12
Peroxisome biogenesis disorder 10A (Zellweger)	PEX3	PEX3	10
Peroxisome biogenesis disorder 10B	PEX3	PEX3	10
Peroxisome biogenesis disorder 11A (Zellweger)	PEX13	PEX13	13
Peroxisome biogenesis disorder 11B	PEX13	PEX13	13
Peroxisome biogenesis disorder 12A (Zellweger)	PEX19	PEX19	9
Peroxisome biogenesis disorder 13A (Zellweger)	PEX14	PEX14	9
Peroxisome biogenesis disorder 14B	PEX11B	PEX11	11
Peroxisome biogenesis disorder 1A (Zellweger)	PEX1	PEX1	10
Peroxisome biogenesis disorder 1B	PEX1	PEX1	10
Peroxisome biogenesis disorder 2A (Zellweger)	PEX5	PEX5	12
Peroxisome biogenesis disorder 2B	PEX5	PEX5	12
Peroxisome biogenesis disorder 3A (Zellweger)	PEX12	PEX12	12
Peroxisome biogenesis disorder 4A (Zellweger)	PEX6	PEX6	11
Peroxisome biogenesis disorder 4B	PEX6	PEX6	11
Peroxisome biogenesis disorder 5A (Zellweger)	PEX2	PEX2	9
Peroxisome biogenesis disorder 5B	PEX2	PEX2	9
Peroxisome biogenesis disorder 6A (Zellweger)	PEX10	PEX10	12
Peroxisome biogenesis disorder 6B	PEX10	PEX10	12
Peroxisome biogenesis disorder 9B	PEX7	PEX7	12
Peroxisome biogenesis disorder due to PEX1 defect	PEX1	PEX1	10
Peroxisome biogenesis disorder due to PEX10 defect	PEX10	PEX10	12
Peroxisome biogenesis disorder due to PEX11B defect	PEX11B	PEX11	11
Peroxisome biogenesis disorder due to PEX12 defect	PEX12	PEX12	12
Peroxisome biogenesis disorder due to PEX13 defect	PEX13	PEX13	13
Peroxisome biogenesis disorder due to PEX14 defect	PEX14	PEX14	9
Peroxisome biogenesis disorder due to PEX19 defect	PEX19	PEX19	9
Peroxisome biogenesis disorder due to PEX2 defect	PEX2	PEX2	9
Peroxisome biogenesis disorder due to PEX3 defect	PEX3	PEX3	10
Peroxisome biogenesis disorder due to PEX5 defect	PEX5	PEX5	12
Peroxisome biogenesis disorder due to PEX6 defect	PEX6	PEX6	11
Peroxisome biogenesis disorder due to PEX7 defect	PEX7	PEX7	12
Peroxisome biogenesis disorder type 3B	PEX12	PEX12	12
Perrault syndrome 1	HSD17B4	FOX2	12
Perrault syndrome 2	HARS2	HTS1	13
Perrault syndrome 4	LARS2	NAM2	13
Perrault syndrome 7	DAP3	RSM23	6
Pettigrew syndrome	AP1S2	APS1	12
PGM1-congenital disorder of glycosylation	PGM1	PGM1	13
Phakomatosis cesiomarmorata	GNA11	GPA2	7
PHGDH deficiency	PHGDH	SER3	8
Phosphoribosylpyrophosphate synthetase superactivity	PRPS1	PRS2	12
Pierpont syndrome	TBL1XR1	SIF2	12
Pigmentary pallidal degeneration	PANK2	CAB1	6
Pigmented nodular adrenocortical disease, primary, 1	PRKAR1A	BCY1	8
Pigmented nodular adrenocortical disease, primary, 2	PDE11A	PDE2	5
Pigmented nodular adrenocortical disease, primary, 3	PDE8B	PDE2	6
Pigmented nodular adrenocortical disease, primary, 4	PRKACA	TPK2	12
Pilarowski-Bjornsson syndrome	CHD1	CHD1	13
Pili torti-deafness syndrome	BCS1L	BCS1	13
Pituitary dependent hypercortisolism	USP8	UBP5	7
Platelet-type bleeding disorder 19	PRKACG	TPK2	12
PMM2-congenital disorder of glycosylation	PMM2	SEC53	12
Poikiloderma with neutropenia	USB1	USB1	5
Poirier-Bienvenu neurodevelopmental syndrome	CSNK2B	CKB2	11
POLD2-related combined immunodeficiency	POLD2	POL31	13
Polycystic kidney disease 3 with or without polycystic liver disease	GANAB	ROT2	12
Polycystic kidney disease 7	ALG5	ALG5	13
Polycystic liver disease 1	PRKCSH	GTB1	9
Polycystic liver disease 2	SEC63	SEC63	11
Polycystic liver disease 3 with or without kidney cysts	ALG8	ALG8	13
Polyendocrine-polyneuropathy syndrome	DMXL2	RAV1	10
Polyglucosan body myopathy type 2	GYG1	GLG1	10
Polymicrogyria with optic nerve hypoplasia	TUBA8	TUB1	12
Polymicrogyria, perisylvian, with cerebellar hypoplasia and arthrogryposis	PI4KA	STT4	11
Pontocerebellar hypoplasia type 10	CLP1	CLP1	13
Pontocerebellar hypoplasia type 1B	EXOSC3	RRP40	12
Pontocerebellar hypoplasia type 2A	TSEN54	SEN54	8
Pontocerebellar hypoplasia type 2B	TSEN2	SEN2	10
Pontocerebellar hypoplasia type 2C	TSEN34	SEN34	13
Pontocerebellar hypoplasia type 2E	VPS53	VPS53	13
Pontocerebellar hypoplasia type 4	TSEN54	SEN54	8
Pontocerebellar hypoplasia type 5	TSEN54	SEN54	8
Pontocerebellar hypoplasia type 6	RARS2	MSR1	13
Pontocerebellar hypoplasia type 8	CHMP1A	DID2	9
Pontocerebellar hypoplasia type 9	AMPD2	AMD1	13
Pontocerebellar hypoplasia, type 12	COASY	CAB4	9
Pontocerebellar hypoplasia, type 15	CDC40	CDC40	12
Pontocerebellar hypoplasia, type 16	MINPP1	PHO11	11
Pontocerebellar hypoplasia, type 1C	EXOSC8	RRP43	7
Pontocerebellar hypoplasia, type 1D	EXOSC9	RRP45	13
Pontocerebellar hypoplasia, type 1F	EXOSC1	CSL4	10
Porokeratosis 3, disseminated superficial actinic type	MVK	ERG12	13
Porokeratosis 7, multiple types	MVD	MVD1	13
Porokeratosis 9, multiple types	FDPS	ERG20	13
Porphobilinogen synthase deficiency	ALAD	HEM2	13
Potassium-aggravated myotonia	SCN4A	CCH1	6
Precocious puberty, central, 2	MKRN3	LEE1	5
Premature ovarian failure 11	ERCC6	RAD26	12
Premature ovarian failure 13	MSH5	MSH5	13
Premature ovarian failure 15	FANCM	MPH1	9
Premature ovarian failure 20	MSH4	MSH4	13
Premature ovarian failure 2A	DIAPH2	BNI1	8
Premature ovarian failure 8	STAG3	IRR1	8
Premature ovarian failure 9	HFM1	HFM1	11
Primary ciliary dyskinesia 29	CCNO	CLB5	5
Primary ciliary dyskinesia 34	DNAJB13	SIS1	8
Primary coenzyme Q10 deficiency 8	COQ7	CAT5	13
Primary erythromelalgia	SCN9A	CCH1	5
Primary hyperoxaluria, type I	AGXT	AGX1	11
Primary hyperoxaluria, type II	GRHPR	GOR1	6
Primary hypomagnesemia-generalized seizures-intellectual disability-obesity syndrome	CNNM2	MAM3	8
Primary immunodeficiency with natural-killer cell deficiency and adrenal insufficiency	MCM4	MCM4	13
PRKAG2-related cardiomyopathy	PRKAG2	SNF4	11
PRKAR1B-related neurodegenerative dementia with intermediate filaments	PRKAR1B	BCY1	9
Progressive demyelinating neuropathy with bilateral striatal necrosis	SLC25A19	TPC1	13
Progressive external ophthalmoplegia with mitochondrial DNA deletions, autosomal dominant 1	POLG	MIP1	13
Progressive external ophthalmoplegia with mitochondrial DNA deletions, autosomal dominant 2	SLC25A4	AAC1	12
Progressive external ophthalmoplegia with mitochondrial DNA deletions, autosomal dominant 5	RRM2B	RNR2	13
Progressive external ophthalmoplegia with mitochondrial DNA deletions, autosomal recessive 1	POLG	MIP1	13
Progressive external ophthalmoplegia with mitochondrial DNA deletions, autosomal recessive 2	RNASEH1	RNH1	11
Progressive external ophthalmoplegia with mitochondrial DNA deletions, autosomal recessive 5	TOP3A	TOP3	12
Progressive external ophthalmoplegia with mitochondrial dna deletions, autosomal recessive 6	RRM1	RNR1	13
Progressive familial heart block, type 1A	SCN5A	CCH1	5
Progressive familial intrahepatic cholestasis type 1	ATP8B1	DNF2	7
Progressive familial intrahepatic cholestasis type 2	ABCB11	STE6	8
Progressive familial intrahepatic cholestasis type 3	ABCB4	STE6	9
Progressive hypotonia-intellectual disability-facial dysmorphism syndrome due to FYVE-defective RBSN	RBSN	PEP7	8
Progressive microcephaly-seizures-cortical blindness-developmental delay syndrome	DIAPH1	BNI1	8
Progressive myoclonic epilepsy type 6	GOSR2	BOS1	6
Progressive myoclonic epilepsy type 8	CERS1	LAC1	9
Progressive scapulohumeroperoneal distal myopathy	ACTA1	ACT1	11
Progressive sclerosing poliodystrophy	POLG	MIP1	13
Proline dehydrogenase deficiency	PRODH	PUT1	11
Prostate cancer, hereditary, 2	ELAC2	TRZ1	13
Proteasome-associated autoinflammatory syndrome 1	PSMB8	PRE2	12
Proteasome-associated autoinflammatory syndrome 2	POMP	UMP1	12
Proteasome-associated autoinflammatory syndrome 3	PSMB4	PRE4	12
Proteasome-associated autoinflammatory syndrome 4	PSMG2	ADD66	6
Proteasome-associated autoinflammatory syndrome 5	PSMB10	PUP1	11
Proteasome-associated autoinflammatory syndrome 6	PSMB9	PRE3	12
Proteinuria, low molecular weight, with hypercalciuria and nephrocalcinosis	CLCN5	GEF1	12
Proteosome-associated autoinflammatory syndrome	PSMB8	PRE2	12
Proteus-like syndrome	PTEN	TEP1	10
Protoporphyria, erythropoietic, 1	FECH	HEM15	13
Protoporphyria, erythropoietic, 2	CLPX	MCX1	13
Proximal myopathy with focal depletion of mitochondria	CHKB	CKI1	10
PRPF31-related retinopathy	PRPF31	PRP31	13
PRPF8-related retinopathy	PRPF8	PRP8	13
PRPS1 deficiency disorder	PRPS1	PRS2	12
PSAT deficiency	PSAT1	SER1	13
Pseudohypoaldosteronism type 2E	CUL3	CUL3	12
Pseudoxanthoma elasticum, forme fruste	ABCC6	YCF1	10
Pterin-4 alpha-carbinolamine dehydratase 1 deficiency	PCBD1	MCO14	9
Pulmonary fibrosis and/or bone marrow failure syndrome, telomere-related, 7	NAF1	NAF1	11
Pulmonary fibrosis and/or bone marrow failure syndrome, telomere-related, 9	NOP10	NOP10	13
Pulmonary fibrosis and/or bone marrow failure, Telomere-related, 1	TERT	EST2	11
Pulmonary fibrosis and/or bone marrow failure, telomere-related, 6	RPA1	RFA1	13
Pulmonary hypertension, primary, 4	KCNK3	TOK1	6
Pulmonary hypertension, primary, autosomal recessive	ATP13A3	YPK9	13
Pulmonary venoocclusive disease	EIF2AK4	GCN2	11
PUM1-associated developmental disability-ataxia-seizure syndrome	PUM1	PUF3	9
Purine-nucleoside phosphorylase deficiency	PNP	PNP1	13
Pustular pyoderma gangrenosum	PTPN6	PTP1	7
PYCR1-related de Barsy syndrome	PYCR1	PRO3	10
Pyridoxal phosphate-responsive seizures	PNPO	PDX3	13
Pyruvate carboxylase deficiency	PC	PYC1	13
Pyruvate carboxylase deficiency, benign type	PC	PYC1	13
Pyruvate carboxylase deficiency, infantile form	PC	PYC1	13
Pyruvate carboxylase deficiency, severe neonatal type	PC	PYC1	13
Pyruvate dehydrogenase E1-alpha deficiency	PDHA1	PDA1	12
Pyruvate dehydrogenase E1-beta deficiency	PDHB	PDB1	13
Pyruvate dehydrogenase E2 deficiency	DLAT	LAT1	12
Pyruvate dehydrogenase E3 deficiency	DLD	LPD1	13
Pyruvate dehydrogenase E3-binding protein deficiency	PDHX	PDX1	5
Pyruvate dehydrogenase phosphatase deficiency	PDP1	PTC5	13
Pyruvate kinase deficiency of red cells	PKLR	PYK2	13
Pyruvate kinase hyperactivity	PKLR	PYK2	13
Rafiq syndrome	MAN1B1	MNS1	13
Rahman syndrome	H1-4	HHO1	7
Rajab interstitial lung disease with brain calcifications 1	FARSB	FRS1	13
Rajab interstitial lung disease with brain calcifications 2	FARSA	FRS2	13
Rauch-Steindl syndrome	NSD2	SET2	5
RDH12-related dominant retinopathy	RDH12	ENV9	9
RDH12-related recessive retinopathy	RDH12	ENV9	9
Recessive mitochondrial ataxia syndrome	POLG	MIP1	13
RECON progeroid syndrome	RECQL	SGS1	5
REEP6-related retinopathy	REEP6	YOP1	13
Regressive spondylometaphyseal dysplasia	LBR	ERG24	12
Renal cell carcinoma, Xp11-associated	TFE3	RTG3	6
Renal hypomagnesemia 6	CNNM2	MAM3	8
Renal tubular acidosis with progressive nerve deafness	ATP6V1B1	VMA2	13
Renal tubular acidosis, distal, 3, with or without sensorineural hearing loss	ATP6V0A4	VPH1	12
Renal tubular acidosis, distal, 4, with hemolytic anemia	SLC4A1	BOR1	10
Renal tubulopathy-encephalopathy-liver failure syndrome	BCS1L	BCS1	13
Restrictive dermopathy 1	ZMPSTE24	STE24	13
Reticular dysgenesis	AK2	ADK1	13
Retinitis pigmentosa 10	IMPDH1	IMD2	13
Retinitis pigmentosa 11	PRPF31	PRP31	13
Retinitis pigmentosa 13	PRPF8	PRP8	13
Retinitis pigmentosa 18	PRPF3	PRP3	12
Retinitis pigmentosa 33	SNRNP200	BRR2	13
Retinitis pigmentosa 40	PDE6B	PDE2	5
Retinitis pigmentosa 43	PDE6A	PDE2	5
Retinitis pigmentosa 46	IDH3B	IDH1	13
Retinitis pigmentosa 48	GUCA1B	FRQ1	5
Retinitis pigmentosa 59	DHDDS	RER2	13
Retinitis pigmentosa 60	PRPF6	PRP6	11
Retinitis pigmentosa 62	MAK	IME2	11
Retinitis pigmentosa 67	NEK2	KIN3	10
Retinitis pigmentosa 68	SLC7A14	AGP1	7
Retinitis pigmentosa 70	PRPF4	PRP4	10
Retinitis pigmentosa 77	REEP6	YOP1	13
Retinitis pigmentosa 79	HK1	HXK1	8
Retinitis pigmentosa 84	DHX38	PRP16	12
Retinitis pigmentosa 90	IDH3A	IDH2	13
Retinitis pigmentosa 92	HKDC1	HXK1	9
Retinitis pigmentosa-hearing loss-premature aging-short stature-facial dysmorphism syndrome	EXOSC2	RRP4	13
Retinitis pigmentosa-juvenile cataract-short stature-intellectual disability syndrome	RDH11	ENV9	9
Reynolds syndrome	LBR	ERG24	12
RFT1-congenital disorder of glycosylation	RFT1	RFT1	13
Rhabdoid tumor predisposition syndrome 1	SMARCB1	SNF5	9
Rhabdoid tumor predisposition syndrome 2	SMARCA4	STH1	12
Rhizomelic chondrodysplasia punctata type 1	PEX7	PEX7	12
Rhizomelic chondrodysplasia punctata type 5	PEX5	PEX5	12
Rhizomelic dysplasia, Ain-Naz type	GNPNAT1	GNA1	13
Richieri Costa-Pereira syndrome	EIF4A3	FAL1	12
Ritscher-Schinzel syndrome 4	DPYSL5	DAL1	6
RNASEH2A-related type 1 interferonopathy	RNASEH2A	RNH201	13
Roberts-SC phocomelia syndrome	ESCO2	ECO1	10
Rothmund-Thomson syndrome type 1	ANAPC1	APC1	11
Saccharopinuria	AASS	LYS9	9
SBDS-related severe neonatal spondylometaphyseal dysplasia	SBDS	SDO1	13
Schneckenbecken dysplasia	SLC35D1	VRG4	6
Schwannomatosis	SMARCB1	SNF5	9
SCN4A-related channelopathy	SCN4A	CCH1	6
SCN4A-related myopathy, autosomal recessive	SCN4A	CCH1	6
SCOTT SYNDROME	ANO6	IST2	5
SDHC-related Mitochondrial Disease	SDHC	SDH3	12
SEC61B-related polycystic liver disease	SEC61B	SBH2	7
Seckel syndrome 1	ATR	MEC1	13
Seckel syndrome 8	DNA2	DNA2	12
Seizures, benign familial infantile, 3	SCN2A	CCH1	5
Seizures, benign familial infantile, 5	SCN8A	CCH1	5
Sensory ataxic neuropathy, dysarthria, and ophthalmoparesis	POLG	MIP1	13
SETD2-related microcephaly-severe intellectual disability-multiple congenital anomalies syndrome	SETD2	SET2	7
Severe combined immunodeficiency due to CORO1A deficiency	CORO1A	CRN1	12
Severe combined immunodeficiency due to CTPS1 deficiency	CTPS1	URA7	13
Severe combined immunodeficiency, autosomal recessive, T cell-negative, B cell-negative, NK cell-negative, due to adenosine deaminase deficiency	ADA	AAH1	12
Severe congenital myelofibrosis-pancytopenia-intellectual disability-neurologic and ophthalmic abnormalities syndrome	RBSN	PEP7	8
Severe early-onset pulmonary alveolar proteinosis due to MARS deficiency	MARS1	MES1	13
Severe growth deficiency-strabismus-extensive dermal melanocytosis-intellectual disability syndrome	PUS3	DEG1	13
Severe motor and intellectual disabilities-sensorineural deafness-dystonia syndrome	BCAP31	YET3	13
Severe myoclonic epilepsy in infancy	SCN1A	CCH1	5
Severe phosphoribosylpyrophosphate synthetase superactivity	PRPS1	PRS2	12
Severe primary trimethylaminuria	FMO3	FMO1	8
Severe X-linked myotubular myopathy	MTM1	YMR1	10
SF3B4-related acrofacial dysostosis	SF3B4	HSH49	10
Short QT syndrome 7	SLC4A3	BOR1	10
Short stature, amelogenesis imperfecta, and skeletal dysplasia with scoliosis	SLC10A7	RCH1	13
Short stature, rhizomelic, with microcephaly, micrognathia, and developmental delay	ARCN1	RET2	13
Shwachman-Diamond syndrome 1	SBDS	SDO1	13
Shwachman-Diamond syndrome 2	EFL1	RIA1	13
Sick sinus syndrome 1	SCN5A	CCH1	5
Sick sinus syndrome 4	GNB2	STE4	10
Sideroblastic anemia 2	SLC25A38	HEM25	13
Sideroblastic anemia 3	GLRX5	GRX5	12
SIN3A-related intellectual disability syndrome	SIN3A	SIN3	12
SIN3A-related intellectual disability syndrome due to a point mutation	SIN3A	SIN3	12
Singleton-Merten syndrome 1	IFIH1	MPH1	5
Singleton-Merten syndrome 2	RIGI	MPH1	5
Sinoatrial node dysfunction and deafness	CACNA1D	CCH1	8
Sjögren-Larsson syndrome	ALDH3A2	HFD1	13
Skin creases, congenital symmetric circumferential, 2	MAPRE2	BIM1	12
Skraban-Deardorff syndrome	WDR26	GID7	10
SMARCA4-deficient sarcoma of thorax	SMARCA4	STH1	12
SMARCB1-related schwannomatosis	SMARCB1	SNF5	9
Smith-Lemli-Opitz syndrome	DHCR7	ERG4	6
SNRNP200-related dominant retinopathy	SNRNP200	BRR2	13
Sotos syndrome	NSD1	SET2	5
Southeast Asian ovalocytosis	SLC4A1	BOR1	10
SOX11-related complex neurodevelopmental disorder with or without congenital anomalies	SOX11	ROX1	6
Spastic ataxia 1	VAMP1	SNC1	9
Spastic ataxia 10, autosomal recessive	COQ4	COQ4	13
Spastic ataxia 3	MARS2	MSM1	12
Spastic ataxia 5	AFG3L2	AFG3	13
Spastic paraplegia 70, autosomal recessive	MARS1	MES1	13
Spastic paraplegia 79A, autosomal dominant, with ataxia	UCHL1	YUH1	13
Spastic paraplegia 81, autosomal recessive	SELENOI	EPT1	13
Spastic paraplegia 82, autosomal recessive	PCYT2	ECT1	13
Spastic paraplegia 84, autosomal recessive	PI4KA	STT4	11
Spastic paraplegia 87, autosomal recessive	TMEM63C	CSC1	9
Spastic paraplegia 88, autosomal dominant	KPNA3	SRP1	9
Spastic paraplegia 93, autosomal recessive	NFU1	NFU1	12
Spastic paraplegia-Paget disease of bone syndrome	VCP	CDC48	12
Spastic paraplegia-severe developmental delay-epilepsy syndrome	HACE1	TOM1	5
Spasticity-ataxia-gait anomalies syndrome	GLRX5	GRX5	12
Specific granule deficiency 2	SMARCD2	SNF12	12
Spermatogenic failure 10	SEPTIN12	CDC10	11
Spermatogenic failure 13	TAF4B	TAF4	6
Spermatogenic failure 2	MSH4	MSH4	13
Spermatogenic failure 28	FANCM	MPH1	9
Spermatogenic failure, X-linked, 2	TEX11	SPO22	6
Spinal muscular atrophy with congenital bone fractures 1	TRIP4	RQT4	7
Spinal muscular atrophy with respiratory distress type 2	LAS1L	LAS1	9
Spinocerebellar ataxia 42, early-onset, severe, with neurodevelopmental deficits	CACNA1G	CCH1	5
Spinocerebellar ataxia 47	PUM1	PUF3	9
Spinocerebellar ataxia 7	ATXN7	SGF73	7
Spinocerebellar ataxia type 10	ATXN10	CTR86	7
Spinocerebellar ataxia type 12	PPP2R2B	CDC55	13
Spinocerebellar ataxia type 14	PRKCG	PKC1	6
Spinocerebellar ataxia type 17	TBP	SPT15	11
Spinocerebellar ataxia type 2	ATXN2	PBP1	8
Spinocerebellar ataxia type 26	EEF2	EFT1	13
Spinocerebellar ataxia type 28	AFG3L2	AFG3	13
Spinocerebellar ataxia type 34	ELOVL4	ELO3	7
Spinocerebellar ataxia type 36	NOP56	NOP56	13
Spinocerebellar ataxia type 38	ELOVL5	ELO2	7
Spinocerebellar ataxia type 42	CACNA1G	CCH1	5
Spinocerebellar ataxia type 6	CACNA1A	CCH1	5
Spinocerebellar ataxia with epilepsy	POLG	MIP1	13
Spinocerebellar ataxia, autosomal recessive 25	ATG5	ATG5	13
Spinocerebellar ataxia, autosomal recessive 28	THG1L	THG1	13
Spinocerebellar ataxia, autosomal recessive 29	VPS41	VPS41	13
Spinocerebellar ataxia, autosomal recessive 30	PITRM1	CYM1	13
Spinocerebellar ataxia, autosomal recessive 31	ATG7	ATG7	13
Spinocerebellar ataxia, autosomal recessive 32	PRDX3	TSA1	10
Spinocerebellar ataxia, autosomal recessive, with axonal neuropathy 1	TDP1	TDP1	13
Spinocerebellar ataxia, autosomal recessive, with axonal neuropathy 2	SETX	SEN1	9
Spondyloepimetaphyseal dysplasia with joint laxity, type 3	EXOC6B	SEC15	12
Spondyloepimetaphyseal dysplasia, Isidor type	RPL13	RPL13A	13
Spondyloepimetaphyseal dysplasia, Isidor-Toutain type	RPL13	RPL13A	13
Spondyloepimetaphyseal dysplasia, PAPSS2 type	PAPSS2	MET14	10
Spondyloepiphyseal dysplasia tarda	TRAPPC2	TRS20	11
Spondyloepiphyseal dysplasia tarda, X-linked	TRAPPC2	TRS20	11
Spondyloepiphyseal dysplasia, sensorineural hearing loss, impaired intellectual development, and leber congenital amaurosis	NMNAT1	NMA2	13
Spondylometaphyseal dysplasia with corneal dystrophy	PLCB3	PLC1	5
Spondylometaphyseal dysplasia, Sedaghatian type	GPX4	GPX1	9
Spondylometaphyseal dysplasia-cone-rod dystrophy syndrome	PCYT1A	PCT1	10
SRD5A3-congenital disorder of glycosylation	SRD5A3	DFG10	13
Stankiewicz-Isidor syndrome	PSMD12	RPN5	13
Stargardt disease 3	ELOVL4	ELO3	7
Striatal degeneration, autosomal dominant	PDE8B	PDE2	6
Striatonigral degeneration, childhood-onset	VAC14	VAC14	13
STT3A-congenital disorder of glycosylation	STT3A	STT3	11
STT3B-congenital disorder of glycosylation	STT3B	STT3	13
Sturge-Weber syndrome	GNAQ	GPA1	8
Succinate-semialdehyde dehydrogenase deficiency	ALDH5A1	UGA2	11
Sudden cardiac failure, infantile	PPA2	IPP1	13
Sudden infant death-dysgenesis of the testes syndrome	TSPYL1	VPS75	7
Symmetrical dyschromatosis of extremities	ADAR	TAD1	7
Symptomatic form of Coffin-Lowry syndrome in female carriers	RPS6KA3	YPK3	5
Syndromic multisystem autoimmune disease due to ITCH deficiency	ITCH	RSP5	7
Syndromic X-linked intellectual disability 14	UPF3B	UPF3	6
Syndromic X-linked intellectual disability Claes-Jensen type	KDM5C	JHD2	10
Syndromic X-linked intellectual disability Nascimento type	UBE2A	RAD6	13
Syndromic X-linked intellectual disability Raymond type	ZDHHC9	ERF2	12
Syndromic X-linked intellectual disability Siderius type	PHF8	JHD1	8
T-B+ severe combined immunodeficiency due to CD45 deficiency	PTPRC	PTP1	6
TELO2-related intellectual disability-neurodevelopmental disorder	TELO2	TEL2	7
Testicular anomalies with or without congenital heart disease	GATA4	GZF3	8
Testosterone 17-beta-dehydrogenase deficiency	HSD17B3	IFA38	10
TFRC-related combined immunodeficiency	TFRC	VPS70	8
Thrombocytopenia 1	WAS	LAS17	8
Thrombocytopenia 10	PTPRJ	PTP1	6
Thrombocytopenia 11 with multiple congenital anomalies and dysmorphic facies	RAP1B	RSR1	12
Thrombocytopenia 13, syndromic	GALE	GAL10	11
Thrombocytopenia 4	CYCS	CYC1	12
Thrombocytopenia with congenital dyserythropoietic anemia	GATA1	GZF3	8
Thrombocytopenia, X-linked, with or without dyserythropoietic anemia	GATA1	GZF3	8
Thyroid cancer, nonmedullary, 4	FOXE1	HCM1	5
Thyroid dyshormonogenesis 1	SLC5A5	DUR3	6
Thyroid dyshormonogenesis 6	DUOX2	FRE8	5
Tietz syndrome	MITF	RTG3	7
Timothy syndrome	CACNA1C	CCH1	7
Timothy syndrome type 1	CACNA1C	CCH1	7
Timothy syndrome type 2	CACNA1C	CCH1	7
Timothy syndrome, atypical type	CACNA1C	CCH1	7
TMEM165-congenital disorder of glycosylation	TMEM165	GDT1	13
TMEM63B-related developmental and epileptic encephalopathy with anemia	TMEM63B	CSC1	8
Toriello-Carey syndrome	DDX3X	DED1	12
Torsion dystonia 2	HPCA	FRQ1	8
Torsion dystonia 4	TUBB4A	TUB2	11
Transient infantile hypertriglyceridemia and hepatosteatosis	GPD1	GPD1	13
Transient myeloproliferative syndrome	GATA1	GZF3	8
Transketolase deficiency	TKT	TKL1	11
Treacher Collins syndrome 2	POLR1D	RPC19	13
Treacher Collins syndrome 3	POLR1C	RPC40	13
Treacher Collins syndrome 4	POLR1B	RPA135	13
Tremor-ataxia-central hypomyelination syndrome	POLR3A	RPO31	13
Trichohepatoenteric syndrome 1	SKIC3	SKI3	12
Trichohepatoenteric syndrome 2	SKIC2	SKI2	13
Trichomegaly-retina pigmentary degeneration-dwarfism syndrome	PNPLA6	NTE1	12
Trichothiodystrophy 1, photosensitive	ERCC2	RAD3	13
Trichothiodystrophy 2, photosensitive	ERCC3	SSL2	13
Trichothiodystrophy 3, photosensitive	GTF2H5	TFB5	10
Trichothiodystrophy 5, nonphotosensitive	RNF113A	CWC24	11
Trichothiodystrophy 6, nonphotosensitive	GTF2E2	TFA2	11
Trichothiodystrophy 7, nonphotosensitive	TARS1	THS1	12
Trichothiodystrophy 8, nonphotosensitive	AARS1	ALA1	13
Trichothiodystrophy 9, nonphotosensitive	MARS1	MES1	13
Triglyceride storage disease with ichthyosis	ABHD5	ICT1	11
Triosephosphate isomerase deficiency	TPI1	TPI1	12
TUBB2A-related tubulinopathy	TUBB2A	TUB2	11
TUBB4A-related neurologic disorder	TUBB4A	TUB2	11
TUBB4B-related ciliopathy	TUBB4B	TUB2	12
Tubular renal disease-cardiomyopathy syndrome	RRAGD	GTR2	12
Tufted angioma of skin	GNA14	GPA1	8
UDPglucose-4-epimerase deficiency	GALE	GAL10	11
UROD-related inherited porphyria	UROD	HEM12	13
Usher syndrome type 3B	HARS1	HTS1	13
UV-sensitive syndrome 1	ERCC6	RAD26	12
UV-sensitive syndrome 2	ERCC8	RAD28	9
Variegate porphyria	PPOX	HEM14	12
Variegate porphyria, childhood-onset	PPOX	HEM14	12
Vegetative pyoderma gangrenosum	PTPN6	PTP1	7
Ventricular fibrillation, paroxysmal familial, 2	DPP6	STE13	13
Ventricular fibrillation, paroxysmal familial, type 1	SCN5A	CCH1	5
Vertebral, cardiac, renal, and limb defects syndrome 1	HAAO	BNA1	12
Vertebral, cardiac, renal, and limb defects syndrome 2	KYNU	BNA5	13
Vertebral, cardiac, renal, and limb defects syndrome 3	NADSYN1	QNS1	13
Vesicoureteral reflux 3	SOX17	ROX1	5
VEXAS syndrome	UBA1	UBA1	12
Visceral myopathy 2	MYH11	MYO1	11
Waardenburg syndrome type 2A	MITF	RTG3	7
Waardenburg syndrome type 2E	SOX10	ROX1	5
Waardenburg syndrome type 4C	SOX10	ROX1	5
Warburg micro syndrome 4	TBC1D20	GYP8	11
Warsaw breakage syndrome	DDX11	CHL1	13
Welander distal myopathy	TIA1	PUB1	9
Wilson disease	ATP7B	CCC2	13
Wilson-Turner syndrome	LAS1L	LAS1	9
Wiskott-Aldrich syndrome	WAS	LAS17	8
Wiskott-Aldrich syndrome 2	WIPF1	VRP1	5
Wolman disease	LIPA	TGL1	12
Wrinkly skin syndrome	ATP6V0A2	VPH1	13
X-linked cerebral adrenoleukodystrophy	ABCD1	PXA1	12
X-linked colobomatous microphthalmia-microcephaly-intellectual disability-short stature syndrome	HMGB3	NHP6A	8
X-linked cone-rod dystrophy 3	CACNA1F	CCH1	8
X-linked congenital generalized hypertrichosis	SOX3	ROX1	6
X-linked congenital hemolytic anemia	ATP11C	DNF3	5
X-linked distal spinal muscular atrophy type 3	ATP7A	CCC2	13
X-linked dominant chondrodysplasia, Chassaing-Lacombe type	HDAC6	HDA1	10
X-linked dyserythropoetic anemia with abnormal platelets and neutropenia	GATA1	GZF3	8
X-linked dystonia-parkinsonism	TAF1	TAF1	12
X-linked erythropoietic protoporphyria	ALAS2	HEM1	13
X-linked immunodeficiency with magnesium defect, Epstein-Barr virus infection and neoplasia	MAGT1	OST3	13
X-linked intellectual disability Cabezas type	CUL4B	CUL3	8
X-linked intellectual disability with isolated growth hormone deficiency	SOX3	ROX1	6
X-linked intellectual disability, van Esch type	POLA1	POL1	13
X-linked intellectual disability-cerebellar hypoplasia-spondylo-epiphyseal dysplasia syndrome	RPL10	RPL10	10
X-linked intellectual disability-hypotonia-movement disorder syndrome	DDX3X	DED1	12
X-linked intellectual disability-limb spasticity-retinal dystrophy-diabetes insipidus syndrome	PRPS1	PRS2	12
X-linked intellectual disability-short stature-overweight syndrome	THOC2	THO2	13
X-linked Mendelian susceptibility to mycobacterial diseases	CYBB	FRE8	5
X-linked Mendelian susceptibility to mycobacterial diseases due to CYBB deficiency	CYBB	FRE8	5
X-linked microcephaly-growth retardation-prognathism-cryptorchidism syndrome	RPL10	RPL10	10
X-linked myopathy with excessive autophagy	VMA21	VMA21	5
X-linked non progressive cerebellar ataxia	ATP2B3	PMC1	10
X-linked osteoporosis with fractures	PLS3	SAC6	13
X-linked progressive cerebellar ataxia	ATP2B3	PMC1	10
X-linked recessive nephrolithiasis with renal failure	CLCN5	GEF1	12
X-linked reticulate pigmentary disorder	POLA1	POL1	13
X-linked severe congenital neutropenia	WAS	LAS17	8
X-linked sideroblastic anemia 1	ALAS2	HEM1	13
X-linked sideroblastic anemia with ataxia	ABCB7	ATM1	12
Xeroderma pigmentosum group A	XPA	RAD14	8
Xeroderma pigmentosum group B	ERCC3	SSL2	13
Xeroderma pigmentosum variant type	POLH	RAD30	13
Xeroderma pigmentosum, group C	XPC	RAD4	11
Xeroderma pigmentosum, group D	ERCC2	RAD3	13
Xeroderma pigmentosum, group F	ERCC4	RAD1	13
Xeroderma pigmentosum, group G	ERCC5	RAD2	11
XFE progeroid syndrome	ERCC4	RAD1	13
Yunis-Varon syndrome	FIG4	FIG4	13
Zebra body myopathy	ACTA1	ACT1	11
Ziegler-Huang syndrome	SLC30A7	MSC2	9
Zimmermann-Laband syndrome 2	ATP6V1B2	VMA2	12
