Human Symbol	Yeast Symbol	DIOPT Score	Best Score	Best Score Reverse
A1CF	NPL3	2	No	Yes
AADAC	SAY1	4	Yes	Yes
AADACL2	SAY1	4	Yes	Yes
AADACL3	SAY1	4	Yes	Yes
AADACL4	SAY1	4	Yes	Yes
AADAT	ARO8	11	Yes	Yes
AADAT	ARO9	10	Yes	No
AAK1	ARK1	8	No	Yes
AAK1	PRK1	8	No	Yes
AAK1	AKL1	7	No	No
AAMP	SQT1	9	Yes	Yes
AAMP	MDV1	2	Yes	No
AANAT	PAA1	10	Yes	Yes
AAR2	AAR2	12	Yes	Yes
AARS1	ALA1	13	Yes	Yes
AARS2	ALA1	7	No	Yes
AASDH	LYS2	5	Yes	Yes
AASDHPPT	LYS5	6	Yes	Yes
AASS	LYS9	9	Yes	Yes
AASS	LYS1	3	Yes	No
AATF	BFR2	13	Yes	Yes
ABAT	UGA1	12	Yes	Yes
ABCB1	STE6	9	Yes	Yes
ABCB10	MDL1	11	Yes	Yes
ABCB10	MDL2	10	Yes	No
ABCB11	STE6	8	No	Yes
ABCB4	STE6	9	Yes	Yes
ABCB5	STE6	9	Yes	Yes
ABCB6	ATM1	3	No	Yes
ABCB7	ATM1	12	Yes	Yes
ABCB8	MDL1	5	No	Yes
ABCB8	MDL2	5	No	Yes
ABCB9	MDL1	5	No	Yes
ABCB9	MDL2	5	No	Yes
ABCC1	YCF1	12	Yes	Yes
ABCC1	BPT1	6	No	No
ABCC1	VMR1	5	No	No
ABCC1	YBT1	5	No	No
ABCC1	YOR1	5	No	No
ABCC1	NFT1	4	No	No
ABCC10	YOR1	5	No	Yes
ABCC10	NFT1	4	No	No
ABCC10	VMR1	4	No	No
ABCC10	YBT1	4	No	No
ABCC10	YCF1	4	No	No
ABCC11	VMR1	5	No	Yes
ABCC11	YBT1	5	No	Yes
ABCC11	YOR1	5	No	Yes
ABCC11	NFT1	4	No	No
ABCC11	YCF1	4	No	No
ABCC12	VMR1	5	No	Yes
ABCC12	YBT1	5	No	Yes
ABCC12	YOR1	5	No	Yes
ABCC12	NFT1	4	No	No
ABCC2	YCF1	12	Yes	Yes
ABCC2	BPT1	6	No	No
ABCC2	VMR1	5	No	No
ABCC2	YBT1	5	No	No
ABCC2	YOR1	5	No	No
ABCC2	NFT1	4	No	No
ABCC3	YCF1	12	Yes	Yes
ABCC3	BPT1	7	Yes	No
ABCC3	VMR1	6	Yes	No
ABCC3	YBT1	6	Yes	No
ABCC3	NFT1	5	Yes	No
ABCC3	YOR1	5	No	No
ABCC4	VMR1	5	No	Yes
ABCC4	YBT1	5	No	Yes
ABCC4	YOR1	5	No	Yes
ABCC4	NFT1	4	No	No
ABCC4	YCF1	4	No	No
ABCC5	YOR1	6	Yes	Yes
ABCC5	VMR1	5	No	No
ABCC5	YBT1	5	No	No
ABCC5	NFT1	4	No	No
ABCC6	YCF1	10	No	Yes
ABCC6	BPT1	6	No	No
ABCC6	VMR1	4	No	No
ABCC6	YBT1	4	No	No
ABCC6	YOR1	4	No	No
ABCC8	VMR1	6	Yes	Yes
ABCC8	YBT1	5	No	No
ABCC8	BPT1	4	No	No
ABCC8	NFT1	4	No	No
ABCC8	YCF1	4	No	No
ABCC8	YOR1	4	No	No
ABCC9	VMR1	6	Yes	Yes
ABCC9	YBT1	6	Yes	Yes
ABCC9	BPT1	4	No	No
ABCC9	NFT1	4	No	No
ABCC9	YCF1	4	No	No
ABCC9	YOR1	4	No	No
ABCD1	PXA1	12	Yes	Yes
ABCD1	PXA2	10	Yes	No
ABCD2	PXA1	12	Yes	Yes
ABCD2	PXA2	10	Yes	No
ABCD3	PXA1	10	No	Yes
ABCD3	PXA2	5	No	No
ABCD4	PXA1	6	No	Yes
ABCD4	PXA2	4	No	No
ABCE1	RLI1	13	Yes	Yes
ABCF1	NEW1	5	Yes	Yes
ABCF1	HEF3	3	Yes	No
ABCF1	YEF3	3	Yes	No
ABCF2	ARB1	12	Yes	Yes
ABCF2	GCN20	4	No	No
ABCF2	HEF3	3	Yes	No
ABCF2	YEF3	3	Yes	No
ABCF2-H2BK1	ARB1	12	No	Yes
ABCF2-H2BK1	GCN20	4	No	No
ABCF2-H2BK1	HEF3	3	Yes	No
ABCF2-H2BK1	YEF3	3	Yes	No
ABCF3	GCN20	13	Yes	Yes
ABCF3	ARB1	4	No	No
ABCF3	HEF3	3	Yes	No
ABCF3	YEF3	3	Yes	No
ABCG1	ADP1	4	No	Yes
ABCG1	PDR10	3	Yes	No
ABCG1	PDR11	3	Yes	No
ABCG1	PDR12	3	Yes	No
ABCG1	PDR15	3	Yes	No
ABCG1	PDR18	3	Yes	No
ABCG1	PDR5	3	Yes	No
ABCG1	SNQ2	3	Yes	No
ABCG1	AUS1	2	Yes	No
ABCG2	ADP1	9	Yes	Yes
ABCG2	AUS1	2	Yes	No
ABCG4	ADP1	4	No	Yes
ABCG4	PDR10	3	Yes	No
ABCG4	PDR11	3	Yes	No
ABCG4	PDR12	3	Yes	No
ABCG4	PDR15	3	Yes	No
ABCG4	PDR18	3	Yes	No
ABCG4	PDR5	3	Yes	No
ABCG4	SNQ2	3	Yes	No
ABCG4	AUS1	2	Yes	No
ABCG8	ADP1	4	No	No
ABHD1	EEB1	11	Yes	Yes
ABHD1	EHT1	10	Yes	No
ABHD1	MGL2	10	Yes	No
ABHD11	IMO32	13	Yes	Yes
ABHD11	EAT1	6	Yes	No
ABHD14A-ACY1	CPS1	3	No	Yes
ABHD15	EEB1	5	No	Yes
ABHD15	MGL2	5	No	Yes
ABHD15	EHT1	4	No	No
ABHD2	MGL2	8	No	Yes
ABHD2	EEB1	7	No	No
ABHD2	EHT1	6	No	No
ABHD3	EEB1	10	No	Yes
ABHD3	EHT1	10	Yes	Yes
ABHD3	MGL2	9	No	No
ABHD4	CLD1	11	Yes	No
ABHD4	ECM18	11	Yes	Yes
ABHD4	ICT1	11	Yes	Yes
ABHD5	ECM18	11	Yes	Yes
ABHD5	ICT1	11	Yes	Yes
ABHD5	CLD1	10	No	No
ABHD6	LDH1	2	Yes	No
ABHD8	CLD1	2	No	Yes
ABHD8	EAT1	2	No	Yes
ABHD8	LDH1	2	No	Yes
ABL1	LSB1	2	No	Yes
ABL2	LSB1	2	No	Yes
ABR	BEM3	2	No	Yes
ABT1	ESF2	11	Yes	Yes
ACAA1	POT1	13	Yes	Yes
ACAA2	ERG10	4	No	Yes
ACACA	ACC1	13	Yes	Yes
ACACA	HFA1	13	Yes	Yes
ACACB	ACC1	13	Yes	Yes
ACACB	HFA1	13	Yes	Yes
ACAP1	AGE1	4	Yes	Yes
ACAP2	AGE1	3	No	Yes
ACAP3	AGE1	4	Yes	Yes
ACAT1	ERG10	10	Yes	Yes
ACAT2	ERG10	6	No	Yes
ACBD4	ACB1	3	No	Yes
ACBD5	ACB1	3	No	Yes
ACBD7	ACB1	11	No	Yes
ACCS	ALT1	2	No	Yes
ACCS	ALT2	2	No	Yes
ACCS	BNA3	2	No	Yes
ACCSL	ALT1	2	No	Yes
ACCSL	ALT2	2	No	Yes
ACCSL	ARO8	2	No	Yes
ACCSL	BNA3	2	No	Yes
ACER1	YDC1	6	No	Yes
ACER1	YPC1	6	No	Yes
ACER2	YDC1	5	No	Yes
ACER2	YPC1	5	No	Yes
ACER3	YDC1	13	Yes	Yes
ACER3	YPC1	13	Yes	Yes
ACO1	ACO2	3	No	Yes
ACO1	LYS4	3	Yes	Yes
ACO1	LEU1	2	Yes	No
ACO2	ACO1	13	Yes	Yes
ACO2	ACO2	6	Yes	No
ACOD1	PDH1	5	Yes	Yes
ACOT8	TES1	12	Yes	Yes
ACOX1	POX1	9	Yes	Yes
ACOX2	POX1	9	Yes	Yes
ACOX3	POX1	7	No	Yes
ACOXL	POX1	6	No	Yes
ACP1	LTP1	13	Yes	Yes
ACSBG1	FAA1	2	No	Yes
ACSBG1	FAA2	2	No	Yes
ACSBG1	FAA3	2	No	Yes
ACSBG1	FAA4	2	No	Yes
ACSBG2	FAA2	2	No	Yes
ACSF2	PCS60	3	No	Yes
ACSF3	PCS60	7	Yes	Yes
ACSL1	FAA2	11	Yes	Yes
ACSL1	FAA1	4	No	No
ACSL1	FAA3	4	No	No
ACSL1	FAA4	4	No	No
ACSL3	FAA1	12	No	Yes
ACSL3	FAA3	12	No	Yes
ACSL3	FAA4	12	No	Yes
ACSL3	FAA2	5	No	No
ACSL4	FAA1	13	Yes	Yes
ACSL4	FAA3	13	Yes	Yes
ACSL4	FAA4	13	Yes	Yes
ACSL4	FAA2	4	No	No
ACSL5	FAA2	10	No	Yes
ACSL6	FAA2	11	Yes	Yes
ACSL6	FAA1	4	No	No
ACSL6	FAA3	4	No	No
ACSL6	FAA4	4	No	No
ACSM1	ACS1	3	No	Yes
ACSM1	ACS2	3	No	Yes
ACSM2A	ACS1	2	No	Yes
ACSM2A	ACS2	2	No	Yes
ACSM2A	PCS60	2	No	Yes
ACSM2B	ACS1	2	No	Yes
ACSM2B	ACS2	2	No	Yes
ACSM2B	PCS60	2	No	Yes
ACSM3	ACS1	2	No	Yes
ACSM3	ACS2	2	No	Yes
ACSM3	PCS60	2	No	Yes
ACSM4	ACS1	2	No	Yes
ACSM4	ACS2	2	No	Yes
ACSM4	PCS60	2	No	Yes
ACSM5	ACS1	2	No	Yes
ACSM5	ACS2	2	No	Yes
ACSM5	PCS60	2	No	Yes
ACSM6	PCS60	2	No	Yes
ACSS1	ACS1	13	Yes	Yes
ACSS1	ACS2	13	Yes	Yes
ACSS2	ACS1	11	No	Yes
ACSS2	ACS2	11	No	Yes
ACSS3	ACS1	2	No	Yes
ACSS3	ACS2	2	No	Yes
ACTA1	ACT1	11	Yes	Yes
ACTA2	ACT1	10	No	Yes
ACTA2	ARP1	4	No	No
ACTB	ACT1	12	Yes	Yes
ACTBL2	ACT1	11	No	Yes
ACTBL2	ARP1	4	No	No
ACTBL2	ARP9	2	Yes	No
ACTC1	ACT1	11	Yes	Yes
ACTG1	ACT1	12	Yes	Yes
ACTG2	ACT1	11	Yes	Yes
ACTG2	ARP1	4	No	No
ACTL10	ACT1	2	No	Yes
ACTL10	ARP1	2	No	Yes
ACTL10	ARP2	2	No	Yes
ACTL10	ARP3	2	No	Yes
ACTL10	ARP4	2	No	Yes
ACTL10	ARP7	2	No	Yes
ACTL6A	ARP4	8	No	Yes
ACTL6A	ARP7	7	Yes	No
ACTL6B	ARP4	9	Yes	Yes
ACTL6B	ARP7	7	Yes	No
ACTL7A	ACT1	5	No	Yes
ACTL7A	ARP9	2	Yes	No
ACTL7B	ACT1	4	No	Yes
ACTL7B	ARP9	2	Yes	No
ACTL8	ACT1	4	No	Yes
ACTL9	ACT1	4	No	Yes
ACTR10	ARP10	4	Yes	Yes
ACTR1A	ARP1	6	No	Yes
ACTR1B	ARP1	8	Yes	Yes
ACTR1B	ACT1	4	No	No
ACTR1B	ARP2	4	No	No
ACTR2	ARP2	11	Yes	Yes
ACTR3	ARP3	13	Yes	Yes
ACTR3B	ARP3	12	No	Yes
ACTR3C	ARP3	5	No	Yes
ACTR5	ARP5	13	Yes	Yes
ACTR6	ARP6	12	Yes	Yes
ACTR8	ARP8	13	Yes	Yes
ACTRT1	ACT1	5	No	Yes
ACTRT1	ARP1	4	No	No
ACTRT2	ACT1	5	No	Yes
ACTRT2	ARP1	4	No	No
ACTRT3	ACT1	5	No	Yes
ACTRT3	ARP1	4	No	No
ACY1	CPS1	3	No	Yes
ADA	AAH1	12	Yes	Yes
ADA2	AAH1	2	No	Yes
ADAD1	TAD1	4	No	Yes
ADAD2	TAD1	4	No	Yes
ADAP2	GTS1	2	No	Yes
ADAR	TAD1	7	No	Yes
ADARB1	TAD1	6	No	Yes
ADARB2	TAD1	6	No	Yes
ADAT1	TAD1	8	Yes	Yes
ADAT2	TAD2	12	Yes	Yes
ADAT2	FCY1	4	Yes	No
ADAT3	TAD3	10	Yes	Yes
ADCK1	CQD2	13	Yes	Yes
ADCK2	CQD1	12	Yes	Yes
ADCK5	CQD2	9	No	Yes
ADGB	RIM13	2	No	Yes
ADH1A	SFA1	11	No	Yes
ADH1B	SFA1	13	Yes	Yes
ADH1C	SFA1	10	No	Yes
ADH4	SFA1	11	No	Yes
ADH5	SFA1	13	Yes	Yes
ADH6	SFA1	8	No	Yes
ADH7	SFA1	9	No	Yes
ADHFE1	ADH4	10	Yes	Yes
ADI1	ADI1	13	Yes	Yes
ADIPOR1	IZH1	12	Yes	Yes
ADIPOR1	IZH2	11	Yes	No
ADIPOR1	IZH3	6	Yes	No
ADIPOR1	IZH4	4	Yes	No
ADIPOR2	IZH1	11	No	Yes
ADIPOR2	IZH2	10	No	No
ADIPOR2	IZH3	6	Yes	No
ADIPOR2	IZH4	4	Yes	No
ADK	ADO1	13	Yes	Yes
ADRM1	RPN13	6	Yes	Yes
ADSL	ADE13	13	Yes	Yes
ADSS1	ADE12	13	Yes	Yes
ADSS2	ADE12	13	Yes	Yes
AEN	REX4	4	No	Yes
AFG1L	AFG1	13	Yes	Yes
AFG2A	AFG2	12	Yes	Yes
AFG2A	CDC48	4	No	No
AFG2B	AFG2	5	No	Yes
AFG2B	CDC48	4	No	No
AFG3L2	AFG3	13	Yes	Yes
AFG3L2	YTA12	13	Yes	Yes
AFMID	BNA7	3	Yes	Yes
AGGF1	SQS1	2	No	Yes
AGK	LCB4	3	No	Yes
AGK	LCB5	3	No	Yes
AGL	GDB1	13	Yes	Yes
AGMAT	CAR1	4	No	Yes
AGPAT1	SLC1	13	Yes	Yes
AGPAT2	SLC1	13	Yes	Yes
AGPAT3	MLG1	12	Yes	Yes
AGPAT3	CST26	11	Yes	No
AGPAT4	MLG1	12	Yes	Yes
AGPAT4	CST26	11	Yes	No
AGPAT5	CST26	6	No	Yes
AGPAT5	MLG1	5	No	No
AGPAT5	MUM3	4	Yes	No
AGPS	DLD1	2	No	Yes
AGXT	AGX1	11	Yes	Yes
AHCY	SAH1	13	Yes	Yes
AHCYL1	SAH1	6	No	Yes
AHCYL2	SAH1	5	No	Yes
AHSA1	AHA1	13	Yes	Yes
AHSA1	HCH1	8	Yes	No
AHSA2P	AHA1	7	No	Yes
AHSA2P	HCH1	4	No	No
AIFM1	AIF1	2	No	Yes
AIFM1	TRR1	2	Yes	Yes
AIFM1	TRR2	2	Yes	Yes
AIFM2	AIF1	5	Yes	Yes
AIFM2	NDE1	5	Yes	No
AIFM2	NDE2	5	Yes	No
AIFM2	NDI1	4	Yes	No
AIFM3	TRR1	2	Yes	Yes
AIFM3	TRR2	2	Yes	Yes
AIMP1	ARC1	10	Yes	Yes
AIRE	RCO1	2	No	Yes
AK1	URA6	6	No	Yes
AK2	ADK1	13	Yes	Yes
AK3	ADK2	11	No	Yes
AK4	ADK2	12	Yes	Yes
AK4P3	ADK2	8	No	Yes
AK5	ADK2	2	No	Yes
AK5	URA6	2	No	Yes
AK6	FAP7	13	Yes	Yes
AK8	ADK2	2	No	Yes
AK8	URA6	2	No	Yes
AK9	ADK1	2	No	Yes
AK9	ADK2	2	No	Yes
AK9	URA6	2	No	Yes
AKAP10	RAX1	3	Yes	Yes
AKR1A1	GCY1	10	Yes	Yes
AKR1A1	YPR1	10	Yes	Yes
AKR1A1	ARA1	5	Yes	No
AKR1A1	GRE3	5	No	No
AKR1B1	GCY1	8	No	No
AKR1B1	GRE3	8	Yes	Yes
AKR1B1	YPR1	8	No	No
AKR1B1	ARA1	5	Yes	No
AKR1B10	GCY1	8	No	No
AKR1B10	GRE3	8	Yes	Yes
AKR1B10	YPR1	8	No	No
AKR1B10	ARA1	5	Yes	No
AKR1B15	GCY1	8	No	No
AKR1B15	GRE3	8	Yes	Yes
AKR1B15	YPR1	8	No	No
AKR1B15	ARA1	5	Yes	No
AKR1C1	GCY1	8	No	No
AKR1C1	GRE3	8	Yes	Yes
AKR1C1	YPR1	8	No	No
AKR1C1	ARA1	5	Yes	No
AKR1C2	GCY1	8	No	No
AKR1C2	GRE3	8	Yes	Yes
AKR1C2	YPR1	8	No	No
AKR1C2	ARA1	5	Yes	No
AKR1C3	GCY1	8	No	No
AKR1C3	GRE3	8	Yes	Yes
AKR1C3	YPR1	8	No	No
AKR1C3	ARA1	5	Yes	No
AKR1C4	GCY1	7	No	No
AKR1C4	GRE3	7	No	Yes
AKR1C4	YPR1	7	No	No
AKR1C4	ARA1	4	No	No
AKR1C8	GRE3	8	No	Yes
AKR1C8	GCY1	6	No	No
AKR1C8	YPR1	6	No	No
AKR1C8	ARA1	4	No	No
AKR1D1	GCY1	8	No	No
AKR1D1	GRE3	8	Yes	Yes
AKR1D1	YPR1	8	No	No
AKR1D1	ARA1	5	Yes	No
AKR1E2	GCY1	8	No	No
AKR1E2	GRE3	8	Yes	Yes
AKR1E2	YPR1	8	No	No
AKR1E2	ARA1	5	Yes	No
AKR7A2	AAD14	8	Yes	Yes
AKR7A2	AAD10	7	Yes	No
AKR7A2	AAD3	7	Yes	No
AKR7A2	AAD4	7	Yes	No
AKR7A2	AAD15	3	Yes	No
AKR7A2	ARA2	2	Yes	No
AKR7A3	AAD14	8	Yes	Yes
AKR7A3	AAD10	7	Yes	No
AKR7A3	AAD3	7	Yes	No
AKR7A3	AAD4	7	Yes	No
AKR7A3	AAD15	3	Yes	No
AKR7A3	ARA2	2	Yes	No
AKR7L	AAD14	5	No	Yes
AKR7L	AAD10	4	No	No
AKR7L	AAD3	4	No	No
AKR7L	AAD4	4	No	No
AKT1	SCH9	4	Yes	Yes
AKT1	YPK1	3	No	No
AKT2	SCH9	4	Yes	Yes
AKT2	YPK1	3	No	No
AKT3	SCH9	4	Yes	Yes
AKT3	YPK1	3	No	No
ALAD	HEM2	13	Yes	Yes
ALAS1	HEM1	12	No	Yes
ALAS2	HEM1	13	Yes	Yes
ALDH16A1	ALD4	4	No	Yes
ALDH16A1	ALD5	4	No	Yes
ALDH16A1	ALD6	4	No	Yes
ALDH16A1	MSC7	2	Yes	No
ALDH18A1	PRO2	11	Yes	Yes
ALDH18A1	PRO1	5	Yes	No
ALDH1A1	ALD5	12	Yes	Yes
ALDH1A1	ALD4	11	Yes	No
ALDH1A1	ALD6	11	Yes	No
ALDH1A1	ALD2	7	Yes	No
ALDH1A1	ALD3	7	Yes	No
ALDH1A1	MSC7	2	Yes	No
ALDH1A2	ALD5	12	Yes	Yes
ALDH1A2	ALD4	11	Yes	No
ALDH1A2	ALD6	11	Yes	No
ALDH1A2	ALD2	7	Yes	No
ALDH1A2	ALD3	7	Yes	No
ALDH1A2	MSC7	2	Yes	No
ALDH1A3	ALD4	11	Yes	Yes
ALDH1A3	ALD5	11	No	Yes
ALDH1A3	ALD6	11	Yes	Yes
ALDH1A3	ALD2	7	Yes	No
ALDH1A3	ALD3	7	Yes	No
ALDH1A3	MSC7	2	Yes	No
ALDH1B1	ALD5	12	Yes	Yes
ALDH1B1	ALD4	11	Yes	No
ALDH1B1	ALD6	11	Yes	No
ALDH1B1	ALD2	7	Yes	No
ALDH1B1	ALD3	7	Yes	No
ALDH1B1	MSC7	2	Yes	No
ALDH1L1	ALD2	5	No	Yes
ALDH1L1	ALD3	5	No	Yes
ALDH1L1	ALD5	5	No	Yes
ALDH1L1	ALD6	5	No	Yes
ALDH1L1	ALD4	4	No	No
ALDH1L1	MSC7	2	Yes	No
ALDH1L2	ALD2	5	No	Yes
ALDH1L2	ALD3	5	No	Yes
ALDH1L2	ALD5	5	No	Yes
ALDH1L2	ALD6	5	No	Yes
ALDH1L2	ALD4	4	No	No
ALDH1L2	MSC7	2	Yes	No
ALDH2	ALD5	12	Yes	Yes
ALDH2	ALD4	11	Yes	No
ALDH2	ALD6	11	Yes	No
ALDH2	ALD2	7	Yes	No
ALDH2	ALD3	7	Yes	No
ALDH2	MSC7	2	Yes	No
ALDH3A1	HFD1	13	Yes	Yes
ALDH3A1	MSC7	2	Yes	No
ALDH3A2	HFD1	13	Yes	Yes
ALDH3A2	MSC7	2	Yes	No
ALDH3B1	HFD1	13	Yes	Yes
ALDH3B1	MSC7	2	Yes	No
ALDH3B2	HFD1	10	No	Yes
ALDH3B2	MSC7	2	Yes	No
ALDH4A1	PUT2	12	Yes	Yes
ALDH5A1	UGA2	11	Yes	Yes
ALDH6A1	ALD4	2	No	Yes
ALDH6A1	ALD6	2	No	Yes
ALDH7A1	ALD4	3	No	Yes
ALDH7A1	ALD6	3	No	Yes
ALDH8A1	ALD2	4	No	Yes
ALDH8A1	ALD3	4	No	Yes
ALDH8A1	ALD4	4	No	Yes
ALDH8A1	ALD6	4	No	Yes
ALDH9A1	ALD2	5	No	Yes
ALDH9A1	ALD3	5	No	Yes
ALDH9A1	ALD4	5	No	Yes
ALDH9A1	ALD5	5	No	Yes
ALDH9A1	ALD6	5	No	Yes
ALG1	ALG1	13	Yes	Yes
ALG10	DIE2	12	Yes	Yes
ALG10B	DIE2	12	Yes	Yes
ALG11	ALG11	13	Yes	Yes
ALG12	ALG12	13	Yes	Yes
ALG13	ALG13	7	Yes	Yes
ALG14	ALG14	13	Yes	Yes
ALG1L2	ALG1	9	No	Yes
ALG2	ALG2	13	Yes	Yes
ALG3	ALG3	13	Yes	Yes
ALG5	ALG5	13	Yes	Yes
ALG6	ALG6	12	Yes	Yes
ALG8	ALG8	13	Yes	Yes
ALG9	ALG9	13	Yes	Yes
ALKBH8	TRM9	8	Yes	Yes
ALLC	DAL2	13	Yes	Yes
ALLC	DAL3	2	Yes	No
ALPG	PHO8	11	Yes	Yes
ALPI	PHO8	11	Yes	Yes
ALPL	PHO8	11	Yes	Yes
ALPP	PHO8	10	No	Yes
ALS2	FMP25	2	No	Yes
ALS2	SRM1	2	No	Yes
ALX1	YHP1	3	Yes	Yes
ALX3	YHP1	3	Yes	Yes
ALX4	PHO2	2	No	Yes
ALX4	YHP1	2	No	Yes
ALYREF	YRA1	5	Yes	Yes
AMD1	SPE2	12	Yes	Yes
AMDHD1	GUD1	2	No	Yes
AMFR	HRD1	3	No	Yes
AMPD1	AMD1	13	Yes	Yes
AMPD2	AMD1	13	Yes	Yes
AMPD3	AMD1	13	Yes	Yes
AMPH	RVS161	4	No	Yes
AMPH	RVS167	3	Yes	No
AMT	GCV1	12	Yes	Yes
AMY1A	IMA1	2	No	Yes
AMY1A	IMA2	2	No	Yes
AMY1A	IMA3	2	No	Yes
AMY1A	IMA4	2	No	Yes
AMY1A	IMA5	2	No	Yes
AMY1A	MAL12	2	No	Yes
AMY1A	MAL32	2	No	Yes
AMY1B	IMA1	2	No	Yes
AMY1B	IMA2	2	No	Yes
AMY1B	IMA3	2	No	Yes
AMY1B	IMA4	2	No	Yes
AMY1B	IMA5	2	No	Yes
AMY1B	MAL12	2	No	Yes
AMY1B	MAL32	2	No	Yes
AMY1C	IMA1	2	No	Yes
AMY1C	IMA2	2	No	Yes
AMY1C	IMA3	2	No	Yes
AMY1C	IMA4	2	No	Yes
AMY1C	IMA5	2	No	Yes
AMY1C	MAL12	2	No	Yes
AMY1C	MAL32	2	No	Yes
AMY2B	IMA1	2	No	Yes
AMY2B	IMA2	2	No	Yes
AMY2B	IMA3	2	No	Yes
AMY2B	IMA4	2	No	Yes
AMY2B	IMA5	2	No	Yes
AMY2B	MAL12	2	No	Yes
AMY2B	MAL32	2	No	Yes
ANAPC1	APC1	11	Yes	Yes
ANAPC10	DOC1	11	Yes	Yes
ANAPC11	APC11	10	Yes	Yes
ANAPC2	APC2	11	Yes	Yes
ANAPC4	APC4	4	Yes	Yes
ANAPC5	APC5	6	Yes	Yes
ANGEL1	NGL2	3	No	Yes
ANGEL1	NGL3	3	No	Yes
ANGEL2	NGL2	3	No	Yes
ANGEL2	NGL3	3	No	Yes
ANKHD1	HOS4	2	No	Yes
ANKHD1-EIF4EBP3	HOS4	2	No	Yes
ANKIB1	HEL1	4	No	Yes
ANKRD16	NAS6	2	No	Yes
ANKRD28	HOS4	2	Yes	Yes
ANKRD35	AKR1	2	No	Yes
ANKRD35	AKR2	2	No	Yes
ANKRD39	NAS6	2	No	Yes
ANKRD44	HOS4	2	Yes	Yes
ANKRD50	HOS4	2	No	Yes
ANKRD52	HOS4	2	Yes	Yes
ANKRD55	NAS6	2	No	Yes
ANKRD61	NAS6	2	No	Yes
ANKRD66	AVO2	2	Yes	Yes
ANKZF1	VMS1	13	Yes	Yes
ANO1	IST2	5	No	Yes
ANO10	IST2	10	Yes	Yes
ANO2	IST2	5	No	Yes
ANO3	IST2	5	No	Yes
ANO4	IST2	4	No	Yes
ANO5	IST2	4	No	Yes
ANO6	IST2	5	No	Yes
ANO7	IST2	5	No	Yes
ANO8	IST2	8	No	Yes
ANO9	IST2	5	No	Yes
ANP32A	LEA1	2	No	Yes
ANP32B	LEA1	2	No	Yes
ANP32D	LEA1	2	No	Yes
ANP32E	LEA1	2	No	Yes
ANPEP	TMA108	6	No	Yes
ANPEP	AAP1	5	No	No
ANPEP	APE2	5	No	No
AOPEP	LAP2	2	No	Yes
AOPEP	TMA108	2	No	Yes
AP1B1	APL2	11	Yes	Yes
AP1B1	APL1	8	Yes	No
AP1G1	APL4	13	Yes	Yes
AP1G2	APL4	13	Yes	Yes
AP1M1	APM1	12	No	Yes
AP1M1	APM2	6	Yes	No
AP1M2	APM1	13	Yes	Yes
AP1M2	APM2	6	Yes	No
AP1S1	APS1	12	Yes	Yes
AP1S1	APS2	4	No	No
AP1S2	APS1	12	Yes	Yes
AP1S2	APS2	4	No	No
AP1S3	APS1	11	No	Yes
AP1S3	APS2	5	No	No
AP2A1	APL3	11	Yes	Yes
AP2A2	APL3	11	Yes	Yes
AP2B1	APL2	10	No	Yes
AP2B1	APL1	7	No	No
AP2M1	APM4	11	Yes	Yes
AP2S1	APS2	13	Yes	Yes
AP2S1	APS1	4	No	No
AP3B1	APL6	11	No	Yes
AP3B2	APL6	12	Yes	Yes
AP3D1	APL5	10	Yes	Yes
AP3M1	APM3	7	Yes	Yes
AP3M2	APM3	7	Yes	Yes
AP3S1	APS3	13	Yes	Yes
AP3S2	APS3	11	No	Yes
AP4B1	APL1	5	No	Yes
AP4B1	APL2	4	No	No
AP4E1	APL3	3	No	Yes
AP4M1	APM1	3	No	Yes
AP4M1	APM2	3	No	Yes
AP4S1	APS1	4	No	Yes
AP5M1	APM2	2	No	Yes
APEH	STE13	2	No	Yes
APEX1	APN2	3	No	Yes
APEX2	APN2	12	Yes	Yes
APIP	MDE1	13	Yes	Yes
APPL1	LAM1	2	No	Yes
APPL1	SIP3	2	No	Yes
APPL2	AGE1	2	No	Yes
APPL2	LAM1	2	No	Yes
APPL2	SIP3	2	No	Yes
APRT	APT1	12	Yes	Yes
APRT	APT2	11	Yes	No
APTX	HNT3	10	Yes	Yes
AQP1	AQY1	9	No	Yes
AQP1	AQY2	5	Yes	No
AQP10	AQY3	9	Yes	Yes
AQP10	FPS1	7	Yes	No
AQP2	AQY1	9	No	Yes
AQP2	AQY2	5	Yes	No
AQP3	AQY3	9	Yes	Yes
AQP3	FPS1	7	Yes	No
AQP3	AQY1	4	No	No
AQP4	AQY1	7	No	Yes
AQP5	AQY1	9	No	Yes
AQP5	AQY2	5	Yes	No
AQP6	AQY1	9	No	Yes
AQP6	AQY2	5	Yes	No
AQP7	AQY3	9	Yes	Yes
AQP7	FPS1	7	Yes	No
AQP7B	AQY3	9	Yes	Yes
AQP7B	FPS1	7	Yes	No
AQP7P3	AQY3	5	No	Yes
AQP7P3	FPS1	3	No	No
AQP8	AQY1	4	No	Yes
AQP9	AQY3	9	Yes	Yes
AQP9	FPS1	7	Yes	No
ARCN1	RET2	13	Yes	Yes
AREL1	TOM1	2	No	Yes
ARF1	ARF1	9	No	Yes
ARF1	ARF2	9	No	Yes
ARF3	ARF1	11	Yes	Yes
ARF3	ARF2	11	Yes	Yes
ARF4	ARF1	8	No	Yes
ARF4	ARF2	8	No	Yes
ARF4-AS1	NGL2	2	No	Yes
ARF4-AS1	NGL3	2	No	Yes
ARF5	ARF1	7	No	Yes
ARF5	ARF2	7	No	Yes
ARF6	ARF3	7	Yes	Yes
ARFGAP1	GCS1	11	Yes	Yes
ARFGAP1	SPS18	7	Yes	No
ARFGAP2	GLO3	13	Yes	Yes
ARFGAP2	GCS1	3	No	No
ARFGAP3	GLO3	11	No	Yes
ARFGAP3	GCS1	3	No	No
ARFGEF1	SEC7	13	Yes	Yes
ARFGEF1	SYT1	4	Yes	No
ARFGEF1	YEL1	2	Yes	No
ARFGEF2	SEC7	13	Yes	Yes
ARFGEF2	SYT1	4	Yes	No
ARFGEF2	YEL1	2	Yes	No
ARFRP1	ARL3	12	Yes	Yes
ARG1	CAR1	13	Yes	Yes
ARG2	CAR1	13	Yes	Yes
ARHGAP1	ECM25	6	Yes	Yes
ARHGAP11B	LRG1	2	No	Yes
ARHGAP12	BEM2	7	Yes	Yes
ARHGAP12	RGD1	4	Yes	No
ARHGAP12	RGA1	3	No	No
ARHGAP12	RGA2	3	No	No
ARHGAP12	BEM3	2	Yes	No
ARHGAP15	BEM2	6	No	Yes
ARHGAP15	RGA1	4	Yes	No
ARHGAP15	RGA2	4	Yes	No
ARHGAP15	RGD1	4	Yes	No
ARHGAP15	BEM3	2	Yes	No
ARHGAP21	BEM2	3	No	Yes
ARHGAP22	BAG7	3	No	Yes
ARHGAP22	SAC7	3	No	Yes
ARHGAP23	BEM2	3	No	Yes
ARHGAP24	BAG7	3	No	Yes
ARHGAP24	SAC7	3	No	Yes
ARHGAP25	BAG7	3	No	Yes
ARHGAP25	SAC7	3	No	Yes
ARHGAP27	BEM2	5	No	Yes
ARHGAP27	RGA1	4	Yes	No
ARHGAP27	RGA2	4	Yes	No
ARHGAP27	RGD1	3	No	No
ARHGAP27	BEM3	2	Yes	No
ARHGAP29	SAC7	4	Yes	Yes
ARHGAP29	BAG7	3	No	No
ARHGAP32	RGA1	2	No	Yes
ARHGAP32	RGA2	2	No	Yes
ARHGAP35	RGA1	2	No	Yes
ARHGAP35	RGA2	2	No	Yes
ARHGAP4	BZZ1	3	No	Yes
ARHGAP45	BAG7	3	No	Yes
ARHGAP45	SAC7	3	No	Yes
ARHGAP8	ECM25	5	No	Yes
ARHGAP9	BEM2	4	No	Yes
ARHGAP9	RGA1	4	Yes	Yes
ARHGAP9	RGA2	4	Yes	Yes
ARHGAP9	RGD1	3	No	No
ARHGAP9	BEM3	2	Yes	No
ARHGDIA	RDI1	13	No	Yes
ARHGDIB	RDI1	13	Yes	Yes
ARHGDIG	RDI1	13	Yes	Yes
ARHGEF11	ROM2	2	No	Yes
ARHGEF26	ROM1	2	No	Yes
ARHGEF26	ROM2	2	No	Yes
ARHGEF3	ROM1	7	Yes	Yes
ARHGEF3	ROM2	7	Yes	Yes
ARHGEF3	TUS1	3	Yes	No
ARHGEF37	FUS2	2	Yes	Yes
ARHGEF38	FUS2	2	Yes	Yes
ARHGEF4	CDC24	4	No	Yes
ARHGEF9	CDC24	5	Yes	Yes
ARID3A	RSC9	2	No	Yes
ARID3B	RSC9	2	No	Yes
ARID3C	RSC9	2	No	Yes
ARID4A	RSC9	3	Yes	No
ARID4A	SWI1	3	No	Yes
ARID4B	RSC9	3	Yes	No
ARID4B	SWI1	3	No	Yes
ARID5A	SWI1	6	No	Yes
ARID5B	SWI1	7	Yes	Yes
ARIH1	HEL1	13	Yes	Yes
ARIH2	HEL1	10	No	Yes
ARL1	ARL1	12	Yes	Yes
ARL10	ARF1	2	No	Yes
ARL10	ARF2	2	No	Yes
ARL10	ARF3	2	No	Yes
ARL10	SAR1	2	No	Yes
ARL11	ARF1	5	No	Yes
ARL11	ARF2	5	No	Yes
ARL13A	ARF3	2	No	Yes
ARL13A	CIN4	2	No	Yes
ARL13A	SAR1	2	No	Yes
ARL13B	ARF3	2	No	Yes
ARL13B	ARL3	2	No	Yes
ARL13B	SAR1	2	No	Yes
ARL14	ARF1	4	No	Yes
ARL14	ARF2	4	No	Yes
ARL17A	ARF1	3	No	Yes
ARL17A	ARF2	3	No	Yes
ARL17B	ARF1	2	No	Yes
ARL17B	ARF2	2	No	Yes
ARL2	CIN4	8	Yes	Yes
ARL3	ARL1	2	No	Yes
ARL4A	ARF1	3	No	Yes
ARL4A	ARF2	3	No	Yes
ARL4A	ARF3	3	No	Yes
ARL4C	ARF1	3	No	Yes
ARL4C	ARF2	3	No	Yes
ARL4C	ARF3	3	No	Yes
ARL4D	ARF1	3	No	Yes
ARL4D	ARF2	3	No	Yes
ARL4D	ARF3	3	No	Yes
ARL5A	ARF1	2	No	Yes
ARL5A	ARF2	2	No	Yes
ARL5A	ARF3	2	No	Yes
ARL5A	CIN4	2	No	Yes
ARL5B	ARF1	2	No	Yes
ARL5B	ARF2	2	No	Yes
ARL5B	CIN4	2	No	Yes
ARL5C	ARF1	2	No	Yes
ARL5C	ARF2	2	No	Yes
ARL5C	ARF3	2	No	Yes
ARL5C	CIN4	2	No	Yes
ARL5C	SAR1	2	No	Yes
ARL6	ARF1	2	No	Yes
ARL6	ARF2	2	No	Yes
ARL6	ARL1	2	No	Yes
ARL8A	ARF3	2	No	Yes
ARL8A	CIN4	2	No	Yes
ARL8B	CIN4	2	No	Yes
ARL9	ARF1	2	No	Yes
ARL9	ARF2	2	No	Yes
ARL9	ARF3	2	No	Yes
ARL9	SAR1	2	No	Yes
ARMC3	VAC8	3	Yes	Yes
ARMC8	VID28	6	Yes	Yes
ARPC1A	ARC40	13	Yes	Yes
ARPC1B	ARC40	13	Yes	Yes
ARPC2	ARC35	13	Yes	Yes
ARPC3	ARC18	13	Yes	Yes
ARPC4	ARC19	13	Yes	Yes
ARPC4-TTLL3	PBY1	3	No	Yes
ARPC5	ARC15	12	Yes	Yes
ARPC5L	ARC15	11	No	Yes
ARPIN-AP3S2	APS3	3	No	Yes
ARPP19	IGO1	6	Yes	Yes
ARPP19	IGO2	6	Yes	Yes
ARPP21	RBS1	6	No	Yes
ARRDC1	ALY1	3	Yes	Yes
ARRDC1	ALY2	3	Yes	Yes
ARRDC1	CSR2	3	No	Yes
ARRDC1	ECM21	3	No	Yes
ARRDC1	RIM8	3	Yes	Yes
ARRDC1	ROD1	3	No	Yes
ARRDC1	ROG3	3	No	Yes
ARRDC1	ART10	2	Yes	No
ARRDC1	LDB19	2	Yes	No
ARRDC2	ROD1	5	Yes	Yes
ARRDC2	ROG3	5	Yes	Yes
ARRDC2	CSR2	4	Yes	No
ARRDC2	ECM21	4	Yes	No
ARRDC2	ALY1	3	Yes	No
ARRDC2	ALY2	3	Yes	No
ARRDC2	ART5	3	Yes	No
ARRDC2	ART10	2	Yes	No
ARRDC2	LDB19	2	Yes	No
ARRDC3	ROD1	5	Yes	Yes
ARRDC3	ROG3	5	Yes	Yes
ARRDC3	CSR2	4	Yes	No
ARRDC3	ECM21	4	Yes	No
ARRDC3	ALY1	3	Yes	No
ARRDC3	ALY2	3	Yes	No
ARRDC3	ART5	3	Yes	No
ARRDC3	ART10	2	Yes	No
ARRDC3	LDB19	2	Yes	No
ARRDC4	ROD1	5	Yes	Yes
ARRDC4	ROG3	5	Yes	Yes
ARRDC4	CSR2	4	Yes	No
ARRDC4	ECM21	4	Yes	No
ARRDC4	ALY1	3	Yes	No
ARRDC4	ALY2	3	Yes	No
ARRDC4	ART5	3	Yes	No
ARRDC4	ART10	2	Yes	No
ARRDC4	LDB19	2	Yes	No
ARRDC5	RIM8	3	No	Yes
ARV1	ARV1	11	Yes	Yes
ARX	YHP1	3	Yes	Yes
ASAP1	AGE1	5	Yes	Yes
ASAP2	AGE1	5	Yes	Yes
ASAP3	AGE1	4	No	Yes
ASB14	HOS4	2	No	Yes
ASB16	HOS4	2	No	Yes
ASB2	NAS6	2	No	Yes
ASB3	HOS4	2	No	Yes
ASB4	HOS4	2	Yes	Yes
ASCC2	CUE3	4	Yes	Yes
ASCC3	SLH1	12	Yes	Yes
ASCC3	BRR2	5	No	No
ASF1A	ASF1	12	Yes	Yes
ASF1B	ASF1	12	Yes	Yes
ASH1L	SET2	2	No	Yes
ASH2L	BRE2	7	Yes	Yes
ASL	ARG4	13	Yes	Yes
ASNS	ASN1	10	Yes	Yes
ASNS	ASN2	10	Yes	Yes
ASPG	ASP3-4	4	Yes	Yes
ASPG	ASP1	3	Yes	No
ASPG	ASP3-1	3	Yes	No
ASPG	ASP3-2	3	Yes	No
ASPG	ASP3-3	3	Yes	No
ASPSCR1	UBX4	8	Yes	Yes
ASS1	ARG1	12	Yes	Yes
ATAD1	MSP1	12	Yes	Yes
ATAD2	YTA7	12	Yes	Yes
ATAD2B	YTA7	12	Yes	Yes
ATAD5	ELG1	5	Yes	Yes
ATE1	ATE1	10	Yes	Yes
ATF2	SKO1	6	Yes	Yes
ATF2	ACA1	5	Yes	No
ATF2	CST6	5	Yes	No
ATF7	SKO1	6	Yes	Yes
ATF7	ACA1	5	Yes	No
ATF7	CST6	5	Yes	No
ATF7-NPFF	SKO1	3	No	Yes
ATG12	ATG12	10	Yes	Yes
ATG13	ATG13	3	Yes	Yes
ATG2A	ATG2	9	Yes	Yes
ATG2B	ATG2	9	Yes	Yes
ATG3	ATG3	13	Yes	Yes
ATG4A	ATG4	11	No	Yes
ATG4B	ATG4	12	No	Yes
ATG4C	ATG4	12	No	Yes
ATG4D	ATG4	12	Yes	Yes
ATG5	ATG5	13	Yes	Yes
ATG7	ATG7	13	Yes	Yes
ATG9A	ATG9	12	Yes	Yes
ATG9B	ATG9	12	Yes	Yes
ATIC	ADE16	13	Yes	Yes
ATIC	ADE17	13	Yes	Yes
ATM	TEL1	8	Yes	Yes
ATM	MEC1	4	No	No
ATOX1	ATX1	11	Yes	Yes
ATP10A	DNF1	7	Yes	Yes
ATP10A	DNF2	6	No	No
ATP10A	DNF3	4	No	No
ATP10A	DRS2	4	No	No
ATP10B	DNF1	6	No	Yes
ATP10B	DNF2	6	No	Yes
ATP10B	DNF3	4	No	No
ATP10B	DRS2	4	No	No
ATP10D	DNF1	7	Yes	Yes
ATP10D	DNF2	7	Yes	Yes
ATP10D	DNF3	4	No	No
ATP11A	DNF3	5	No	Yes
ATP11A	DRS2	4	No	No
ATP11B	DNF3	5	No	Yes
ATP11B	DRS2	5	No	Yes
ATP11B	DNF1	4	No	No
ATP11B	DNF2	4	No	No
ATP11C	DNF3	5	No	Yes
ATP11C	DRS2	4	No	No
ATP12A	ENA1	4	No	Yes
ATP12A	ENA2	4	No	Yes
ATP12A	ENA5	4	No	Yes
ATP13A1	SPF1	13	Yes	Yes
ATP13A2	YPK9	13	Yes	Yes
ATP13A3	YPK9	13	Yes	Yes
ATP13A4	YPK9	12	No	Yes
ATP13A5	YPK9	12	No	Yes
ATP1A1	ENA1	2	No	Yes
ATP1A1	ENA2	2	No	Yes
ATP1A1	ENA5	2	No	Yes
ATP1A2	ENA1	3	No	Yes
ATP1A2	ENA2	3	No	Yes
ATP1A2	ENA5	3	No	Yes
ATP1A3	ENA1	2	No	Yes
ATP1A3	ENA2	2	No	Yes
ATP1A3	ENA5	2	No	Yes
ATP1A4	ENA1	3	No	Yes
ATP1A4	ENA2	3	No	Yes
ATP1A4	ENA5	3	No	Yes
ATP23	ATP23	12	Yes	Yes
ATP2A1	PMR1	5	No	Yes
ATP2A1	ENA1	4	No	No
ATP2A1	ENA2	4	No	No
ATP2A1	ENA5	4	No	No
ATP2A2	ENA1	5	Yes	Yes
ATP2A2	ENA2	5	Yes	Yes
ATP2A2	ENA5	5	Yes	Yes
ATP2A2	PMR1	5	No	Yes
ATP2A3	ENA1	4	No	Yes
ATP2A3	ENA2	4	No	Yes
ATP2A3	ENA5	4	No	Yes
ATP2A3	PMR1	4	No	Yes
ATP2B1	PMC1	9	No	Yes
ATP2B1	PMA1	2	Yes	No
ATP2B1	PMA2	2	Yes	No
ATP2B2	PMC1	10	Yes	Yes
ATP2B2	PMA1	2	Yes	No
ATP2B2	PMA2	2	Yes	No
ATP2B3	PMC1	10	Yes	Yes
ATP2B3	PMA1	2	Yes	No
ATP2B3	PMA2	2	Yes	No
ATP2B4	PMC1	9	No	Yes
ATP2B4	PMA1	2	Yes	No
ATP2B4	PMA2	2	Yes	No
ATP2C1	PMR1	12	No	Yes
ATP2C2	PMR1	13	Yes	Yes
ATP2C2	ENA1	4	No	No
ATP2C2	ENA2	4	No	No
ATP2C2	ENA5	4	No	No
ATP4A	ENA1	2	No	Yes
ATP5F1A	ATP1	13	Yes	Yes
ATP5F1B	ATP2	13	Yes	Yes
ATP5F1C	ATP3	13	Yes	Yes
ATP5F1D	ATP16	13	Yes	Yes
ATP5F1E	ATP15	7	Yes	Yes
ATP5F1EP2	ATP15	4	No	Yes
ATP5MC1	OLI1	11	Yes	Yes
ATP5MC2	OLI1	11	Yes	Yes
ATP5MC3	OLI1	11	Yes	Yes
ATP5MG	ATP20	7	Yes	Yes
ATP5MGL	ATP20	7	Yes	Yes
ATP5PB	ATP4	11	Yes	Yes
ATP5PD	ATP7	12	Yes	Yes
ATP5PO	ATP5	13	Yes	Yes
ATP6	ATP6	12	Yes	Yes
ATP6V0A1	VPH1	13	Yes	Yes
ATP6V0A1	STV1	12	Yes	No
ATP6V0A2	VPH1	13	Yes	Yes
ATP6V0A2	STV1	12	Yes	No
ATP6V0A4	VPH1	12	No	Yes
ATP6V0A4	STV1	11	No	No
ATP6V0B	VMA16	13	Yes	Yes
ATP6V0C	VMA3	12	Yes	Yes
ATP6V0C	VMA11	10	Yes	No
ATP6V0D1	VMA6	13	Yes	Yes
ATP6V0D2	VMA6	13	Yes	Yes
ATP6V0E1	VMA9	6	Yes	Yes
ATP6V0E2	VMA9	5	No	Yes
ATP6V1A	VMA1	12	Yes	Yes
ATP6V1A	HO	3	Yes	No
ATP6V1B1	VMA2	13	Yes	Yes
ATP6V1B2	VMA2	12	No	Yes
ATP6V1C1	VMA5	13	Yes	Yes
ATP6V1C2	VMA5	13	Yes	Yes
ATP6V1D	VMA8	13	Yes	Yes
ATP6V1E1	VMA4	13	Yes	Yes
ATP6V1E2	VMA4	13	Yes	Yes
ATP6V1F	VMA7	13	Yes	Yes
ATP6V1G1	VMA10	12	Yes	Yes
ATP6V1G2	VMA10	11	No	Yes
ATP6V1G3	VMA10	12	Yes	Yes
ATP6V1H	VMA13	11	Yes	Yes
ATP7A	CCC2	13	Yes	Yes
ATP7A	PCA1	4	Yes	No
ATP7B	CCC2	13	Yes	Yes
ATP7B	PCA1	4	Yes	No
ATP8A1	DRS2	11	No	Yes
ATP8A1	DNF3	6	Yes	No
ATP8A2	DRS2	12	Yes	Yes
ATP8A2	DNF3	6	Yes	No
ATP8A2	DNF1	4	No	No
ATP8A2	DNF2	4	No	No
ATP8B1	DNF1	7	Yes	Yes
ATP8B1	DNF2	7	Yes	Yes
ATP8B1	DNF3	6	No	No
ATP8B1	DRS2	6	No	No
ATP8B2	DNF1	6	No	Yes
ATP8B2	DNF2	6	No	Yes
ATP8B2	DRS2	6	No	Yes
ATP8B2	DNF3	5	No	No
ATP8B3	DNF1	6	No	Yes
ATP8B3	DNF2	6	No	Yes
ATP8B3	DNF3	6	No	Yes
ATP8B3	DRS2	6	No	Yes
ATP8B4	DNF1	6	No	Yes
ATP8B4	DNF2	6	No	Yes
ATP8B4	DRS2	6	No	Yes
ATP8B4	DNF3	5	No	No
ATP9A	NEO1	12	Yes	Yes
ATP9B	NEO1	12	Yes	Yes
ATPAF1	ATP11	10	Yes	Yes
ATPAF2	ATP12	10	Yes	Yes
ATR	MEC1	13	Yes	Yes
ATR	TEL1	3	No	No
ATRX	ISW1	2	No	Yes
ATRX	ISW2	2	No	Yes
ATRX	STH1	2	No	Yes
ATRX	ULS1	2	No	Yes
ATXN10	CTR86	7	Yes	Yes
ATXN2	PBP1	8	Yes	Yes
ATXN2L	PBP1	8	Yes	Yes
ATXN7	SGF73	7	Yes	Yes
ATXN7L1	SGF73	7	Yes	Yes
ATXN7L2	SGF73	7	Yes	Yes
ATXN7L3	SGF11	4	Yes	Yes
ATXN7L3B	SGF11	3	No	Yes
AUH	DCI1	2	No	Yes
AUH	ECI1	2	No	Yes
AURKA	IPL1	11	No	Yes
AURKB	IPL1	12	No	Yes
AURKC	IPL1	13	Yes	Yes
AVL9	AVL9	12	Yes	Yes
AWAT1	DGA1	13	Yes	Yes
AWAT2	DGA1	13	Yes	Yes
AXIN1	RGS2	2	No	Yes
AXIN2	RGS2	2	No	Yes
AZIN1	SPE1	13	Yes	Yes
AZIN2	SPE1	12	No	Yes
BACE1	BAR1	3	No	Yes
BACE1	YPS3	3	No	Yes
BACE1	YPS6	3	No	Yes
BACE1	YPS5	2	Yes	No
BACE2	BAR1	4	No	Yes
BACE2	YPS3	4	No	Yes
BACE2	YPS7	4	Yes	Yes
BACE2	YPS5	2	Yes	No
BAG5	SNL1	2	Yes	Yes
BARHL1	HMRA1	2	No	Yes
BARHL2	HMRA1	2	No	Yes
BARX1	HMRA1	2	No	Yes
BARX2	HMRA1	3	No	Yes
BATF	ACA1	2	No	Yes
BATF	CST6	2	No	Yes
BATF	SKO1	2	No	Yes
BATF2	ACA1	2	No	Yes
BATF2	CST6	2	No	Yes
BATF2	SKO1	2	No	Yes
BATF3	ACA1	2	No	Yes
BATF3	CST6	2	No	Yes
BATF3	SKO1	2	No	Yes
BAZ1A	ITC1	5	Yes	Yes
BBOX1	AIM17	11	Yes	Yes
BCAP29	YET3	9	No	Yes
BCAP29	YET1	8	Yes	Yes
BCAP29	YET2	8	Yes	Yes
BCAP31	YET3	13	Yes	Yes
BCAP31	YET1	7	No	No
BCAP31	YET2	7	No	No
BCAT1	BAT1	12	Yes	Yes
BCAT1	BAT2	12	Yes	Yes
BCAT2	BAT1	12	Yes	Yes
BCAT2	BAT2	12	Yes	Yes
BCCIP	BCP1	12	Yes	Yes
BCKDHB	PDB1	2	No	Yes
BCKDK	PKP1	12	Yes	Yes
BCKDK	PKP2	8	Yes	No
BCL2L2-PABPN1	SGN1	5	No	Yes
BCR	BEM3	2	No	Yes
BCS1L	BCS1	13	Yes	Yes
BDH1	AYR1	3	No	Yes
BDH2	OAR1	2	No	Yes
BDP1	BDP1	8	Yes	Yes
BECN1	VPS30	13	Yes	Yes
BECN2	VPS30	12	No	Yes
BET1	BET1	10	Yes	Yes
BET1	SFT1	3	No	No
BET1L	BET1	6	No	Yes
BET1L	SFT1	4	Yes	No
BHMT	SAM4	5	Yes	Yes
BHMT	MHT1	3	No	No
BHMT2	SAM4	5	Yes	Yes
BHMT2	MHT1	3	No	No
BIN1	RVS161	4	No	Yes
BIN1	RVS167	3	Yes	No
BIN2	RVS161	2	No	Yes
BIN2	RVS167	2	No	Yes
BIN3	RVS161	13	Yes	Yes
BIN3	RVS167	2	Yes	No
BIRC2	BIR1	2	No	Yes
BIRC3	BIR1	2	No	Yes
BIRC5	BIR1	3	Yes	Yes
BIRC7	BIR1	2	No	Yes
BIVM	RAD2	4	No	Yes
BIVM-ERCC5	RAD2	7	No	Yes
BLK	LSB1	2	No	Yes
BLK	SLA1	2	Yes	Yes
BLM	SGS1	9	Yes	Yes
BLMH	LAP3	13	Yes	Yes
BLTP1	CSF1	5	Yes	Yes
BLTP2	FMP27	11	Yes	Yes
BLTP2	HOB2	11	Yes	Yes
BMP2K	ARK1	9	Yes	Yes
BMP2K	PRK1	9	Yes	Yes
BMP2K	AKL1	8	Yes	No
BMS1	BMS1	12	Yes	Yes
BMX	LSB1	2	No	Yes
BNIP1	SEC20	5	Yes	Yes
BOLA1	BOL1	10	Yes	Yes
BOLA1	BOL2	4	No	No
BOLA2	BOL2	10	No	Yes
BOLA2B	BOL2	13	Yes	Yes
BOLA3	BOL3	13	Yes	Yes
BOP1	ERB1	13	Yes	Yes
BORCS8-MEF2B	RLM1	6	No	Yes
BORCS8-MEF2B	SMP1	6	No	Yes
BPGM	GPM1	11	No	Yes
BPGM	GPM2	8	Yes	No
BPGM	GPM3	8	Yes	No
BPNT1	MET22	3	Yes	Yes
BPNT2	INM1	2	No	Yes
BPNT2	INM2	2	No	Yes
BPNT2	MET22	2	No	Yes
BPTF	BDF1	2	No	Yes
BPTF	BDF2	2	No	Yes
BRAP	ETP1	13	Yes	Yes
BRD1	NTO1	10	Yes	Yes
BRD2	BDF1	9	No	Yes
BRD2	BDF2	9	No	Yes
BRD3	BDF1	10	Yes	Yes
BRD3	BDF2	9	No	No
BRD4	BDF1	9	No	Yes
BRD4	BDF2	9	No	Yes
BRDT	BDF1	10	Yes	Yes
BRDT	BDF2	10	Yes	Yes
BRF1	BRF1	13	Yes	Yes
BRIP1	CHL1	3	No	Yes
BRIX1	BRX1	13	Yes	Yes
BRMS1	SDS3	3	No	Yes
BRMS1	DEP1	2	Yes	No
BRMS1L	SDS3	3	No	Yes
BRMS1L	DEP1	2	Yes	No
BRPF1	NTO1	10	Yes	Yes
BRPF3	NTO1	10	Yes	Yes
BRSK1	HSL1	7	Yes	Yes
BRSK1	GIN4	6	Yes	No
BRSK1	KCC4	5	Yes	No
BRSK1	FRK1	3	Yes	No
BRSK1	KIN4	3	Yes	No
BRSK2	HSL1	7	Yes	Yes
BRSK2	GIN4	6	Yes	No
BRSK2	KCC4	5	Yes	No
BSDC1	DOS2	7	Yes	Yes
BSX	HMRA1	2	No	Yes
BTAF1	MOT1	13	Yes	Yes
BTF3	EGD1	11	No	Yes
BTF3	BTT1	10	Yes	No
BTF3L4	EGD1	12	Yes	Yes
BTF3L4	BTT1	10	Yes	No
BTK	LSB1	2	No	Yes
BTK	SLA1	2	Yes	Yes
BTRC	CDC4	2	No	Yes
BTRC	MET30	2	No	Yes
BUB1	BUB1	12	Yes	Yes
BUB1	MAD3	7	No	No
BUB1B	MAD3	10	Yes	Yes
BUB1B	BUB1	8	No	No
BUB1B-PAK6	CLA4	4	No	Yes
BUB3	BUB3	8	Yes	Yes
BUD13	BUD13	8	Yes	Yes
BUD23	BUD23	12	Yes	Yes
BUD31	BUD31	13	Yes	Yes
BYSL	ENP1	13	Yes	Yes
C1D	LRP1	7	Yes	Yes
C1QBP	MAM33	4	Yes	Yes
C2orf76	AIM29	13	Yes	Yes
C5orf63	MGP12	5	Yes	Yes
C6orf52	NAM8	2	No	Yes
C6orf52	NGR1	2	No	Yes
C8orf44-SGK3	YPK1	7	No	Yes
C8orf44-SGK3	YPK2	6	No	No
CAB39	HYM1	13	Yes	Yes
CAB39L	HYM1	13	Yes	Yes
CABIN1	HIR3	2	Yes	Yes
CACNA1A	CCH1	5	No	Yes
CACNA1B	CCH1	5	No	Yes
CACNA1C	CCH1	7	No	Yes
CACNA1D	CCH1	8	Yes	Yes
CACNA1E	CCH1	5	No	Yes
CACNA1F	CCH1	8	Yes	Yes
CACNA1G	CCH1	5	No	Yes
CACNA1H	CCH1	4	No	Yes
CACNA1I	CCH1	5	No	Yes
CACNA1S	CCH1	7	No	Yes
CACUL1	CUL3	2	No	Yes
CAD	URA2	11	Yes	Yes
CAD	CPA1	3	Yes	No
CALM1	CMD1	7	No	Yes
CALM2	CMD1	7	No	Yes
CALM3	CMD1	8	Yes	Yes
CALML3	CMD1	8	Yes	Yes
CALML4	CMD1	3	No	Yes
CALML5	CMD1	3	No	Yes
CALML6	CMD1	2	No	Yes
CALR	CNE1	5	No	Yes
CALR3	CNE1	5	No	Yes
CAMK1	CMK2	9	No	Yes
CAMK1	CMK1	8	No	No
CAMK1	MEK1	4	Yes	No
CAMK1	RCK1	4	Yes	No
CAMK1	RCK2	4	Yes	No
CAMK1D	CMK1	8	No	Yes
CAMK1D	CMK2	8	No	Yes
CAMK1D	MEK1	4	Yes	No
CAMK1D	RCK2	3	No	No
CAMK1G	CMK2	10	Yes	Yes
CAMK1G	CMK1	9	Yes	No
CAMK1G	MEK1	4	Yes	No
CAMK1G	RCK1	4	Yes	No
CAMK1G	RCK2	4	Yes	No
CAMK2A	CMK1	3	No	Yes
CAMK2A	CMK2	3	No	Yes
CAMK2A	RCK2	3	No	Yes
CAMK2B	CMK1	3	No	Yes
CAMK2B	CMK2	3	No	Yes
CAMK2B	RCK2	3	No	Yes
CAMK2D	RCK2	3	No	Yes
CAMK2G	RCK2	4	No	Yes
CAMK4	CMK1	7	No	Yes
CAMK4	CMK2	7	No	Yes
CAMKK1	TOS3	10	No	Yes
CAMKK1	SAK1	7	No	No
CAMKK1	ELM1	3	Yes	No
CAMKK2	TOS3	12	Yes	Yes
CAMKK2	SAK1	8	Yes	No
CAMKK2	ELM1	3	Yes	No
CAMKV	CMK1	8	No	Yes
CAMKV	CMK2	8	No	Yes
CAMKV	RCK2	3	No	No
CANX	CNE1	12	Yes	Yes
CAP1	SRV2	12	Yes	Yes
CAP2	SRV2	12	Yes	Yes
CAPN1	RIM13	3	No	Yes
CAPN10	RIM13	4	No	Yes
CAPN11	RIM13	3	No	Yes
CAPN12	RIM13	3	No	Yes
CAPN13	RIM13	3	No	Yes
CAPN14	RIM13	3	No	Yes
CAPN15	RIM13	3	No	Yes
CAPN2	RIM13	3	No	Yes
CAPN3	RIM13	3	No	Yes
CAPN5	RIM13	3	No	Yes
CAPN6	RIM13	3	No	Yes
CAPN7	RIM13	7	Yes	Yes
CAPN8	RIM13	3	No	Yes
CAPN9	RIM13	3	No	Yes
CAPNS1	PEF1	4	No	Yes
CAPNS2	PEF1	4	No	Yes
CAPZA1	CAP1	12	No	Yes
CAPZA2	CAP1	13	Yes	Yes
CAPZA3	CAP1	12	No	Yes
CAPZB	CAP2	13	Yes	Yes
CARM1	HMT1	3	No	Yes
CARS1	CRS1	13	Yes	Yes
CARS2	CRS1	6	No	Yes
CAT	CTA1	13	Yes	Yes
CAT	CTT1	9	Yes	No
CATSPER2	CCH1	2	No	Yes
CATSPER3	CCH1	2	No	Yes
CBR1	OAR1	2	No	Yes
CBR3	OAR1	2	No	Yes
CBR4	OAR1	5	Yes	Yes
CBS	CYS4	13	Yes	Yes
CBS	MCY1	3	Yes	No
CCDC186	KEL2	2	No	Yes
CCDC25	JLP2	13	Yes	Yes
CCDC90B	FMP32	13	Yes	Yes
CCDC90B	PUT7	2	Yes	No
CCNA1	CLB3	5	No	Yes
CCNA1	CLB4	5	No	Yes
CCNA1	CLB1	4	No	No
CCNA1	CLB2	4	No	No
CCNA1	CLB5	4	No	No
CCNA1	CLB6	4	No	No
CCNA2	CLB3	5	No	Yes
CCNA2	CLB4	5	No	Yes
CCNA2	CLB1	4	No	No
CCNA2	CLB2	4	No	No
CCNA2	CLB5	4	No	No
CCNA2	CLB6	4	No	No
CCNB1	CLB1	11	Yes	Yes
CCNB1	CLB2	11	Yes	Yes
CCNB1	CLB3	9	Yes	No
CCNB1	CLB4	9	Yes	No
CCNB1	CLB6	7	Yes	No
CCNB1	CLB5	6	Yes	No
CCNB1	CLN3	4	No	No
CCNB1	CLN1	3	Yes	No
CCNB1	CLN2	3	Yes	No
CCNB2	CLB1	11	Yes	Yes
CCNB2	CLB2	11	Yes	Yes
CCNB2	CLB3	9	Yes	No
CCNB2	CLB4	9	Yes	No
CCNB2	CLB6	7	Yes	No
CCNB2	CLB5	6	Yes	No
CCNB2	CLN3	4	No	No
CCNB2	CLN1	3	Yes	No
CCNB2	CLN2	3	Yes	No
CCNB3	CLB2	5	No	Yes
CCNB3	CLN3	5	Yes	Yes
CCNB3	CLB1	4	No	No
CCNB3	CLB5	4	No	No
CCNB3	CLB6	4	No	No
CCNB3	CLN1	3	Yes	No
CCNB3	CLN2	3	Yes	No
CCNC	SSN8	12	Yes	Yes
CCND1	CLB1	2	No	Yes
CCND1	CLB2	2	No	Yes
CCND1	CLB3	2	No	Yes
CCND1	CLB4	2	No	Yes
CCND1	CLB5	2	No	Yes
CCND1	CLB6	2	No	Yes
CCND1	CLN3	2	No	Yes
CCND2	CLB1	2	No	Yes
CCND2	CLB2	2	No	Yes
CCND2	CLB3	2	No	Yes
CCND2	CLB4	2	No	Yes
CCND2	CLB5	2	No	Yes
CCND2	CLB6	2	No	Yes
CCND2	CLN3	2	No	Yes
CCND3	CLB1	2	No	Yes
CCND3	CLB2	2	No	Yes
CCND3	CLB3	2	No	Yes
CCND3	CLB4	2	No	Yes
CCND3	CLB5	2	No	Yes
CCND3	CLB6	2	No	Yes
CCND3	CLN3	2	No	Yes
CCNE1	CLB1	2	No	Yes
CCNE1	CLB2	2	No	Yes
CCNE1	CLB3	2	No	Yes
CCNE1	CLB4	2	No	Yes
CCNE1	CLB5	2	No	Yes
CCNE1	CLB6	2	No	Yes
CCNE1	CLN3	2	No	Yes
CCNE2	CLB1	2	No	Yes
CCNE2	CLB2	2	No	Yes
CCNE2	CLB3	2	No	Yes
CCNE2	CLB4	2	No	Yes
CCNE2	CLB5	2	No	Yes
CCNE2	CLB6	2	No	Yes
CCNE2	CLN3	2	No	Yes
CCNG1	CLB1	2	No	Yes
CCNG1	CLB2	2	No	Yes
CCNG1	CLB3	2	No	Yes
CCNG1	CLB4	2	No	Yes
CCNG1	CLB5	2	No	Yes
CCNG1	CLB6	2	No	Yes
CCNG1	CLN1	2	No	Yes
CCNG1	CLN2	2	No	Yes
CCNG1	CLN3	2	No	Yes
CCNG2	CLB1	2	No	Yes
CCNG2	CLB2	2	No	Yes
CCNG2	CLB3	2	No	Yes
CCNG2	CLB4	2	No	Yes
CCNG2	CLB5	2	No	Yes
CCNG2	CLB6	2	No	Yes
CCNG2	CLN1	2	No	Yes
CCNG2	CLN2	2	No	Yes
CCNG2	CLN3	2	No	Yes
CCNH	CCL1	12	Yes	Yes
CCNI	CLB1	2	No	Yes
CCNI	CLB2	2	No	Yes
CCNI	CLB3	2	No	Yes
CCNI	CLB4	2	No	Yes
CCNI	CLB5	2	No	Yes
CCNI	CLB6	2	No	Yes
CCNI	CLN1	2	No	Yes
CCNI	CLN2	2	No	Yes
CCNI	CLN3	2	No	Yes
CCNI2	CLB1	2	No	Yes
CCNI2	CLB2	2	No	Yes
CCNI2	CLB3	2	No	Yes
CCNI2	CLB4	2	No	Yes
CCNI2	CLB5	2	No	Yes
CCNI2	CLB6	2	No	Yes
CCNI2	CLN1	2	No	Yes
CCNI2	CLN2	2	No	Yes
CCNI2	CLN3	2	No	Yes
CCNJ	CLB1	2	No	Yes
CCNJ	CLB2	2	No	Yes
CCNJ	CLB3	2	No	Yes
CCNJ	CLB4	2	No	Yes
CCNJ	CLB5	2	No	Yes
CCNJ	CLB6	2	No	Yes
CCNJ	CLN3	2	No	Yes
CCNJL	CLB1	2	No	Yes
CCNJL	CLB2	2	No	Yes
CCNJL	CLB3	2	No	Yes
CCNJL	CLB4	2	No	Yes
CCNJL	CLB5	2	No	Yes
CCNJL	CLB6	2	No	Yes
CCNJL	CLN3	2	No	Yes
CCNK	CTK2	4	No	Yes
CCNK	BUR2	3	Yes	No
CCNL1	CCL1	2	No	Yes
CCNL1	CTK2	2	No	Yes
CCNL1	SSN8	2	No	Yes
CCNL2	CCL1	2	No	Yes
CCNL2	CTK2	2	No	Yes
CCNL2	SSN8	2	No	Yes
CCNO	CLB2	5	No	Yes
CCNO	CLB5	5	No	Yes
CCNO	CLB1	4	No	No
CCNO	CLB3	4	No	No
CCNO	CLB4	4	No	No
CCNO	CLB6	4	No	No
CCNP	CLB2	4	No	Yes
CCNP	CLN3	4	No	Yes
CCNP	CLN1	3	Yes	No
CCNP	CLN2	3	Yes	No
CCNQ	CTK2	3	No	Yes
CCNT1	CTK2	5	Yes	Yes
CCNT1	BUR2	3	Yes	No
CCNT2	CTK2	5	Yes	Yes
CCNT2	BUR2	3	Yes	No
CCNY	PCL1	4	No	Yes
CCNY	PCL2	4	No	Yes
CCNY	PCL9	4	No	Yes
CCNY	LAM1	2	Yes	No
CCNY	SIP3	2	Yes	No
CCNYL1	PCL1	4	No	Yes
CCNYL1	PCL2	4	No	Yes
CCNYL1	PCL9	4	No	Yes
CCNYL1	LAM1	2	Yes	No
CCNYL1	SIP3	2	Yes	No
CCNYL1B	LAM1	2	No	Yes
CCNYL1B	SIP3	2	No	Yes
CCS	CCS1	11	Yes	Yes
CCT2	CCT2	12	Yes	Yes
CCT3	CCT3	12	Yes	Yes
CCT4	CCT4	13	Yes	Yes
CCT5	CCT5	13	Yes	Yes
CCT6A	CCT6	13	Yes	Yes
CCT6B	CCT6	12	No	Yes
CCT7	CCT7	12	Yes	Yes
CCT8	CCT8	13	Yes	Yes
CCT8L2	CCT8	4	No	Yes
CCZ1	CCZ1	3	Yes	Yes
CCZ1B	CCZ1	3	Yes	Yes
CD2AP	BZZ1	2	No	Yes
CD2BP2	LIN1	9	Yes	Yes
CDA	CDD1	12	Yes	Yes
CDADC1	DCD1	4	No	Yes
CDC123	CDC123	13	Yes	Yes
CDC14A	CDC14	10	Yes	Yes
CDC14B	CDC14	10	Yes	Yes
CDC14C	CDC14	9	No	Yes
CDC16	CDC16	13	Yes	Yes
CDC20	CDC20	7	Yes	Yes
CDC20	AMA1	5	No	No
CDC20B	AMA1	6	Yes	Yes
CDC20B	CDC20	5	No	No
CDC23	CDC23	13	Yes	Yes
CDC25A	MIH1	9	No	Yes
CDC25A	YCH1	3	Yes	No
CDC25A	ARR2	2	Yes	No
CDC25B	MIH1	8	No	Yes
CDC25B	YCH1	3	Yes	No
CDC25B	ARR2	2	Yes	No
CDC25C	MIH1	10	Yes	Yes
CDC25C	YCH1	3	Yes	No
CDC25C	ARR2	2	Yes	No
CDC27	CDC27	13	Yes	Yes
CDC34	CDC34	10	Yes	Yes
CDC37	CDC37	10	Yes	Yes
CDC37L1	CDC37	8	No	Yes
CDC40	CDC40	12	Yes	Yes
CDC42	CDC42	11	Yes	Yes
CDC45	CDC45	13	Yes	Yes
CDC5L	CEF1	10	Yes	Yes
CDC6	CDC6	12	Yes	Yes
CDC7	CDC7	12	Yes	Yes
CDC73	CDC73	10	Yes	Yes
CDIPT	PIS1	13	Yes	Yes
CDK1	CDC28	10	No	Yes
CDK10	CAK1	3	No	Yes
CDK11A	CAK1	2	No	Yes
CDK11A	CDC28	2	No	Yes
CDK11A	PHO85	2	No	Yes
CDK12	CTK1	8	No	Yes
CDK12	SGV1	5	No	No
CDK13	CTK1	9	Yes	Yes
CDK13	SGV1	5	No	No
CDK14	PHO85	5	No	Yes
CDK15	PHO85	5	No	Yes
CDK16	PHO85	4	No	Yes
CDK17	PHO85	5	No	Yes
CDK18	PHO85	5	No	Yes
CDK19	SSN3	12	No	Yes
CDK2	CDC28	10	No	Yes
CDK2	CAK1	4	Yes	No
CDK20	KIN28	3	No	Yes
CDK3	CDC28	12	Yes	Yes
CDK4	CAK1	4	Yes	Yes
CDK4	PHO85	4	No	Yes
CDK4	CDC28	3	No	Yes
CDK5	PHO85	7	Yes	Yes
CDK6	CAK1	4	Yes	Yes
CDK6	CDC28	3	No	Yes
CDK7	KIN28	12	Yes	Yes
CDK8	SSN3	13	Yes	Yes
CDK9	CTK1	7	No	Yes
CDK9	SGV1	6	Yes	No
CDKL1	CAK1	2	No	Yes
CDKL1	CDC28	2	No	Yes
CDKL1	CTK1	2	No	Yes
CDKL1	PHO85	2	No	Yes
CDKL1	SSN3	2	No	Yes
CDKL2	CAK1	2	No	Yes
CDKL2	CTK1	2	No	Yes
CDKL2	PHO85	2	No	Yes
CDKL2	SSN3	2	No	Yes
CDKL3	CAK1	2	No	Yes
CDKL3	CTK1	2	No	Yes
CDKL3	PHO85	2	No	Yes
CDKL3	SSN3	2	No	Yes
CDKL4	CAK1	2	No	Yes
CDKL4	CTK1	2	No	Yes
CDKL4	PHO85	2	No	Yes
CDKL4	SSN3	2	No	Yes
CDKL5	YGK3	2	Yes	Yes
CDS1	CDS1	13	Yes	Yes
CDS2	CDS1	13	Yes	Yes
CDX1	HMRA1	3	No	Yes
CDX2	HMRA1	3	No	Yes
CDX4	HMRA1	3	No	Yes
CDY1	DCI1	8	No	Yes
CDY1	ECI1	7	No	No
CDY1B	DCI1	8	No	Yes
CDY1B	ECI1	7	No	No
CDY2A	DCI1	7	No	Yes
CDY2A	ECI1	6	No	No
CDY2B	DCI1	7	No	Yes
CDY2B	ECI1	6	No	No
CDYL	DCI1	8	No	Yes
CDYL	ECI1	7	No	No
CDYL2	DCI1	9	No	Yes
CDYL2	ECI1	8	No	No
CEBPZ	MAK21	13	Yes	Yes
CECR2	GCN5	3	No	Yes
CECR2	IOC2	2	Yes	No
CECR2	SPT7	2	Yes	No
CENPA	CSE4	5	Yes	Yes
CENPA	HHT2	4	No	No
CENPB	PDC2	9	No	Yes
CENPC	MIF2	5	Yes	Yes
CENPE	KIP2	4	Yes	Yes
CENPN	CHL4	2	Yes	Yes
CENPS	MHF1	8	Yes	Yes
CENPS-CORT	MHF1	9	Yes	Yes
CENPX	MHF2	5	Yes	Yes
CEP350	NIP100	2	No	Yes
CEPT1	CPT1	10	No	Yes
CEPT1	EPT1	10	No	Yes
CERK	LCB4	3	No	Yes
CERK	LCB5	3	No	Yes
CERKL	LCB4	4	No	Yes
CERKL	LCB5	4	No	Yes
CERS1	LAC1	9	No	Yes
CERS1	LAG1	9	No	Yes
CERS2	LAC1	11	Yes	Yes
CERS2	LAG1	11	Yes	Yes
CERS3	LAC1	10	No	Yes
CERS3	LAG1	10	No	Yes
CERS4	LAC1	11	Yes	Yes
CERS4	LAG1	11	Yes	Yes
CERS5	LAC1	11	Yes	Yes
CERS5	LAG1	10	No	No
CERS6	LAC1	11	Yes	Yes
CERS6	LAG1	11	Yes	Yes
CETN1	CDC31	8	No	Yes
CETN2	CDC31	7	No	Yes
CETN3	CDC31	13	Yes	Yes
CFDP1	SWC5	11	Yes	Yes
CFL1	COF1	11	Yes	Yes
CFL2	COF1	11	Yes	Yes
CFTR	NFT1	4	No	Yes
CFTR	VMR1	4	No	Yes
CFTR	YBT1	4	No	Yes
CFTR	YOR1	4	No	Yes
CH25H	ERG25	4	No	Yes
CH25H	SUR2	4	Yes	No
CHAC1	GCG1	13	Yes	Yes
CHAC2	GCG1	13	Yes	Yes
CHAF1A	RLF2	3	Yes	Yes
CHAF1B	CAC2	13	Yes	Yes
CHAT	CAT2	12	Yes	Yes
CHCHD10	MIX17	9	No	Yes
CHCHD2	MIX17	11	Yes	Yes
CHCHD2P9	MIX17	7	No	Yes
CHCHD4	MIA40	10	Yes	Yes
CHCHD5	MIX14	4	Yes	Yes
CHCHD7	COX23	8	Yes	Yes
CHD1	CHD1	13	Yes	Yes
CHD1L	ISW1	3	No	Yes
CHD1L	ISW2	3	No	Yes
CHD2	CHD1	13	Yes	Yes
CHD3	CHD1	3	No	Yes
CHD3	IRC5	3	No	Yes
CHD3	ISW1	3	No	Yes
CHD3	ISW2	3	No	Yes
CHD3	SNF2	3	No	Yes
CHD3	STH1	3	No	Yes
CHD4	CHD1	3	No	Yes
CHD4	ISW1	3	No	Yes
CHD4	ISW2	3	No	Yes
CHD4	STH1	3	No	Yes
CHD5	CHD1	3	No	Yes
CHD5	ISW1	3	No	Yes
CHD5	ISW2	3	No	Yes
CHD5	STH1	3	No	Yes
CHD6	CHD1	4	No	Yes
CHD7	CHD1	4	No	Yes
CHD8	CHD1	3	No	Yes
CHD9	CHD1	4	No	Yes
CHEK1	CHK1	8	Yes	Yes
CHEK1	KSP1	3	Yes	No
CHEK1	HAL5	2	Yes	No
CHEK1	HRK1	2	Yes	No
CHEK1	KKQ8	2	Yes	No
CHEK1	NPR1	2	Yes	No
CHEK1	PRR2	2	Yes	No
CHEK1	RTK1	2	Yes	No
CHEK1	SAT4	2	Yes	No
CHEK2	DUN1	11	Yes	Yes
CHEK2	RAD53	6	Yes	No
CHI3L1	CTS2	12	Yes	Yes
CHI3L2	CTS2	11	No	Yes
CHIA	CTS2	12	Yes	Yes
CHIT1	CTS2	12	Yes	Yes
CHKA	CKI1	11	Yes	Yes
CHKA	EKI1	11	Yes	Yes
CHKB	CKI1	10	No	Yes
CHKB	EKI1	10	No	Yes
CHLSN	RBP95	7	Yes	Yes
CHM	MRS6	5	Yes	Yes
CHML	MRS6	5	Yes	Yes
CHMP1A	DID2	9	No	Yes
CHMP1B	DID2	12	Yes	Yes
CHMP2A	DID4	13	Yes	Yes
CHMP2B	VPS24	3	No	Yes
CHMP3	VPS24	13	Yes	Yes
CHMP4A	SNF7	10	No	Yes
CHMP4B	SNF7	12	Yes	Yes
CHMP4BP1	SNF7	6	No	Yes
CHMP4C	SNF7	12	Yes	Yes
CHMP5	VPS60	11	Yes	Yes
CHMP6	VPS20	12	Yes	Yes
CHMP7	CHM7	6	Yes	Yes
CHN1	RGA1	4	No	Yes
CHN1	RGA2	4	No	Yes
CHN2	RGA1	4	No	Yes
CHN2	RGA2	4	No	Yes
CHP1	CNB1	3	No	Yes
CHP2	CNB1	3	No	Yes
CHPT1	CPT1	10	No	Yes
CHPT1	EPT1	9	No	No
CHRAC1	DLS1	5	No	Yes
CHRAC1	DPB3	4	No	No
CHTF18	CTF18	13	Yes	Yes
CHTF8	CTF8	3	Yes	Yes
CHURC1-FNTB	RAM1	11	No	Yes
CIAO1	CIA1	11	Yes	Yes
CIAO2A	CIA2	8	No	Yes
CIAO2B	CIA2	11	Yes	Yes
CIAO3	NAR1	13	Yes	Yes
CIAPIN1	DRE2	10	Yes	Yes
CIB1	CNB1	2	No	Yes
CIB4	CNB1	2	No	Yes
CILK1	IME2	11	Yes	Yes
CIRBP	NSR1	3	No	Yes
CKAP5	STU2	9	Yes	Yes
CKS1B	CKS1	12	Yes	Yes
CKS2	CKS1	12	Yes	Yes
CLASP1	STU1	3	Yes	Yes
CLASP2	STU1	3	Yes	Yes
CLCN1	GEF1	3	No	Yes
CLCN2	GEF1	3	No	Yes
CLCN3	GEF1	12	Yes	Yes
CLCN4	GEF1	12	Yes	Yes
CLCN5	GEF1	12	Yes	Yes
CLCN6	GEF1	4	No	Yes
CLCN7	GEF1	4	No	Yes
CLCNKA	GEF1	3	No	Yes
CLCNKB	GEF1	3	No	Yes
CLEC18A	PRY1	3	No	Yes
CLEC18A	PRY2	3	No	Yes
CLEC18A	PRY3	3	No	Yes
CLEC18B	PRY1	3	No	Yes
CLEC18B	PRY2	3	No	Yes
CLEC18B	PRY3	3	No	Yes
CLEC18C	PRY1	3	No	Yes
CLEC18C	PRY2	3	No	Yes
CLEC18C	PRY3	3	No	Yes
CLGN	CNE1	11	No	Yes
CLHC1	CHC1	4	No	Yes
CLINT1	ENT3	7	Yes	Yes
CLINT1	ENT1	4	No	No
CLINT1	ENT2	4	No	No
CLINT1	ENT5	4	Yes	No
CLINT1	ENT4	3	No	No
CLIP1	NIP100	6	Yes	Yes
CLIP2	NIP100	5	No	Yes
CLIP3	NIP100	6	Yes	Yes
CLIP3	BIK1	3	Yes	No
CLIP4	NIP100	6	Yes	Yes
CLIP4	BIK1	3	Yes	No
CLK1	KNS1	12	Yes	Yes
CLK2	KNS1	11	No	Yes
CLK3	KNS1	12	Yes	Yes
CLK4	KNS1	12	Yes	Yes
CLN3	YHC3	13	Yes	Yes
CLN8	TDA4	3	No	Yes
CLNS1A	LOT5	3	Yes	Yes
CLP1	CLP1	13	Yes	Yes
CLPB	HSP78	8	Yes	Yes
CLPB	HSP104	7	Yes	Yes
CLPX	MCX1	13	Yes	Yes
CLTA	CLC1	7	Yes	Yes
CLTB	CLC1	7	Yes	Yes
CLTC	CHC1	12	Yes	Yes
CLTCL1	CHC1	12	Yes	Yes
CLUH	CLU1	13	Yes	Yes
CLVS1	PDR16	2	No	Yes
CLVS1	PDR17	2	No	Yes
CLVS2	PDR16	2	No	Yes
CLVS2	PDR17	2	No	Yes
CLXN	FRQ1	3	No	Yes
CMBL	AIM2	12	Yes	Yes
CMC1	CMC1	5	Yes	Yes
CMC2	CMC2	9	Yes	Yes
CMC4	CMC4	12	Yes	Yes
CMPK1	URA6	13	Yes	Yes
CMPK2	CDC8	3	No	Yes
CMSS1	CMS1	6	Yes	Yes
CNBD2	BCY1	2	No	Yes
CNBP	GIS2	7	Yes	Yes
CNDP1	DUG1	12	Yes	Yes
CNDP1	DUG2	5	Yes	No
CNDP2	DUG1	12	Yes	Yes
CNDP2	DUG2	4	No	No
CNIH1	ERV14	8	No	Yes
CNIH1	ERV15	8	No	Yes
CNIH2	ERV14	7	No	Yes
CNIH2	ERV15	7	No	Yes
CNIH3	ERV14	7	No	Yes
CNIH3	ERV15	7	No	Yes
CNIH4	ERV14	12	Yes	Yes
CNIH4	ERV15	12	Yes	Yes
CNN1	SCP1	10	No	Yes
CNN2	SCP1	10	No	Yes
CNN3	SCP1	10	No	Yes
CNNM1	MAM3	8	Yes	Yes
CNNM2	MAM3	8	Yes	Yes
CNNM3	MAM3	7	No	Yes
CNNM4	MAM3	8	Yes	Yes
CNOT1	CDC39	13	Yes	Yes
CNOT2	CDC36	8	Yes	Yes
CNOT3	NOT3	10	Yes	Yes
CNOT3	NOT5	10	Yes	Yes
CNOT4	MOT2	12	Yes	Yes
CNOT6	CCR4	13	Yes	Yes
CNOT6	NGL1	5	Yes	No
CNOT6L	CCR4	12	No	Yes
CNOT6L	NGL1	5	Yes	No
CNOT7	POP2	12	Yes	Yes
CNOT8	POP2	12	Yes	Yes
CNOT9	CAF40	13	Yes	Yes
CNPPD1	CLG1	5	Yes	Yes
CNPPD1	PCL1	5	Yes	Yes
CNPPD1	PCL2	5	Yes	Yes
CNPPD1	PCL9	5	Yes	Yes
CNPPD1	PCL10	4	Yes	No
CNPPD1	PCL6	4	Yes	No
CNPPD1	PCL7	4	Yes	No
CNPPD1	PCL8	4	Yes	No
CNPPD1	PHO80	4	Yes	No
CNPPD1	PCL5	3	Yes	No
COA3	COA3	2	Yes	Yes
COA4	COA4	7	Yes	Yes
COA5	PET191	10	Yes	Yes
COA6	COA6	8	Yes	Yes
COA7	ACK1	2	No	Yes
COA7	SHC1	2	No	Yes
COA7	SKT5	2	No	Yes
COASY	CAB4	9	Yes	Yes
COG3	COG3	13	Yes	Yes
COG4	COG4	13	Yes	Yes
COG5	COG5	3	Yes	Yes
COG6	COG6	12	Yes	Yes
COG8	COG8	6	Yes	Yes
COPA	COP1	13	Yes	Yes
COPB1	SEC26	13	Yes	Yes
COPB2	SEC27	12	Yes	Yes
COPE	SEC28	9	Yes	Yes
COPG1	SEC21	13	Yes	Yes
COPG2	SEC21	13	Yes	Yes
COPS5	RRI1	10	Yes	Yes
COPS6	RPN8	3	No	Yes
COPS7A	CSN9	3	Yes	Yes
COPS7B	CSN9	3	Yes	Yes
COPZ1	RET3	13	Yes	Yes
COPZ2	RET3	13	Yes	Yes
COQ10A	COQ10	12	Yes	Yes
COQ10B	COQ10	12	Yes	Yes
COQ2	COQ2	13	Yes	Yes
COQ3	COQ3	13	Yes	Yes
COQ4	COQ4	13	Yes	Yes
COQ5	COQ5	13	Yes	Yes
COQ6	COQ6	12	Yes	Yes
COQ7	CAT5	13	Yes	Yes
COQ8A	COQ8	12	No	Yes
COQ8B	COQ8	13	Yes	Yes
COQ9	COQ9	11	Yes	Yes
CORO1A	CRN1	12	No	Yes
CORO1B	CRN1	12	No	Yes
CORO1C	CRN1	13	Yes	Yes
CORO2A	CRN1	12	No	Yes
CORO2B	CRN1	12	No	Yes
CORO6	CRN1	13	Yes	Yes
CORO7	CRN1	2	No	Yes
CORO7-PAM16	CRN1	2	No	Yes
CORO7-PAM16	PAM16	2	No	Yes
CORT	MHF1	2	No	Yes
COTL1	ABP1	2	No	Yes
COX1	COX1	12	Yes	Yes
COX1	AI5_ALPHA	6	Yes	No
COX1	AI4	5	Yes	No
COX1	AI3	2	Yes	No
COX10	COX10	13	Yes	Yes
COX11	COX11	12	Yes	Yes
COX15	COX15	13	Yes	Yes
COX16	COX16	6	Yes	Yes
COX17	COX17	11	Yes	Yes
COX18	COX18	10	Yes	Yes
COX19	COX19	10	Yes	Yes
COX2	COX2	12	Yes	Yes
COX20	COX20	4	Yes	Yes
COX3	COX3	12	Yes	Yes
COX4I1	COX5A	6	Yes	Yes
COX4I1	COX5B	6	Yes	Yes
COX4I1	MTC3	3	Yes	No
COX4I2	COX5A	6	Yes	Yes
COX4I2	COX5B	6	Yes	Yes
COX4I2	MTC3	3	Yes	No
COX5A	COX6	13	Yes	Yes
COX5B	COX4	12	Yes	Yes
COX6A1	COX13	12	Yes	Yes
COX6A2	COX13	12	Yes	Yes
COX6B1	COX12	12	Yes	Yes
COX6B2	COX12	12	Yes	Yes
COX7C	COX8	2	Yes	Yes
CP	FET3	2	Yes	Yes
CP	FET5	2	Yes	Yes
CP	GMC1	2	Yes	Yes
CPA1	ECM14	10	Yes	Yes
CPA2	ECM14	9	No	Yes
CPA3	ECM14	10	Yes	Yes
CPA4	ECM14	10	Yes	Yes
CPA5	ECM14	10	Yes	Yes
CPA6	ECM14	10	Yes	Yes
CPB1	ECM14	9	No	Yes
CPB2	ECM14	10	Yes	Yes
CPO	ECM14	10	Yes	Yes
CPOX	HEM13	13	Yes	Yes
CPQ	APE3	3	Yes	Yes
CPS1	CPA2	6	Yes	Yes
CPS1	URA2	4	No	No
CPS1	CPA1	3	Yes	No
CPSF1	CFT1	13	Yes	Yes
CPSF2	CFT2	12	Yes	Yes
CPSF3	YSH1	12	Yes	Yes
CPSF3	SYC1	3	Yes	No
CPSF4	YTH1	8	No	Yes
CPSF4L	YTH1	9	Yes	Yes
CPT1A	CAT2	5	No	Yes
CPT1B	CAT2	4	No	Yes
CPT1C	CAT2	3	No	Yes
CPT1C	YAT1	3	No	Yes
CPT2	YAT1	11	Yes	Yes
CPT2	YAT2	4	Yes	No
CPVL	ATG42	4	No	Yes
CPVL	KEX1	4	No	Yes
CPVL	PRC1	4	No	Yes
CRACR2A	SEC4	2	No	Yes
CRAT	CAT2	12	Yes	Yes
CRCP	RPC17	13	Yes	Yes
CREB5	SKO1	6	Yes	Yes
CREB5	ACA1	5	Yes	No
CREB5	CST6	5	Yes	No
CRISP1	PRY1	3	No	Yes
CRISP1	PRY2	3	No	Yes
CRISP1	PRY3	3	No	Yes
CRISP2	PRY1	3	No	Yes
CRISP2	PRY2	3	No	Yes
CRISP2	PRY3	3	No	Yes
CRISP3	PRY1	3	No	Yes
CRISP3	PRY2	3	No	Yes
CRISP3	PRY3	3	No	Yes
CRISPLD1	PRY1	2	No	Yes
CRISPLD1	PRY2	2	No	Yes
CRISPLD2	PRY1	2	No	Yes
CRISPLD2	PRY2	2	No	Yes
CRK	SHO1	2	Yes	Yes
CRKL	SHO1	2	Yes	Yes
CRLS1	CRD1	12	Yes	Yes
CRMP1	DAL1	6	No	Yes
CRNKL1	CLF1	13	Yes	Yes
CROT	CAT2	4	No	Yes
CROT	YAT2	4	Yes	Yes
CRX	PHO2	3	Yes	Yes
CRY1	PHR1	7	Yes	Yes
CRY2	PHR1	7	Yes	Yes
CRYZ	ZTA1	7	Yes	Yes
CRYZL1	AST1	2	No	Yes
CRYZL1	AST2	2	No	Yes
CRYZL2P-SEC16B	SEC16	2	No	Yes
CS	CIT1	13	Yes	Yes
CS	CIT2	13	Yes	Yes
CS	CIT3	7	Yes	No
CSAD	GAD1	2	Yes	Yes
CSE1L	CSE1	13	Yes	Yes
CSK	LSB1	2	No	Yes
CSNK1A1	HRR25	6	No	Yes
CSNK1A1L	HRR25	6	No	Yes
CSNK1D	HRR25	11	Yes	Yes
CSNK1D	YCK3	4	No	No
CSNK1E	HRR25	10	No	Yes
CSNK1G1	YCK1	11	No	Yes
CSNK1G1	YCK2	11	No	Yes
CSNK1G1	YCK3	11	No	Yes
CSNK1G2	YCK1	12	Yes	Yes
CSNK1G2	YCK2	12	Yes	Yes
CSNK1G2	YCK3	12	Yes	Yes
CSNK1G3	YCK1	11	No	Yes
CSNK1G3	YCK2	11	No	Yes
CSNK1G3	YCK3	11	No	Yes
CSNK2A1	CKA1	11	Yes	Yes
CSNK2A1	CKA2	10	No	No
CSNK2A2	CKA1	11	Yes	Yes
CSNK2A2	CKA2	11	Yes	No
CSNK2A3	CKA1	10	No	Yes
CSNK2A3	CKA2	10	No	No
CSNK2B	CKB2	11	Yes	Yes
CSNK2B	CKB1	7	Yes	No
CSRP1	LRG1	2	No	Yes
CSRP2	LRG1	2	No	Yes
CSRP3	LRG1	2	No	Yes
CSTF2	RNA15	8	Yes	Yes
CSTF2	PTI1	3	Yes	No
CSTF2T	RNA15	8	Yes	Yes
CSTF2T	PTI1	3	Yes	No
CSTF2T	SBP1	2	Yes	No
CSTF3	RNA14	13	Yes	Yes
CTAG1B	PCC1	2	No	Yes
CTBP1	SER3	2	No	Yes
CTBP1	SER33	2	No	Yes
CTBP2	SER3	3	No	Yes
CTDNEP1	NEM1	10	Yes	Yes
CTDP1	FCP1	11	Yes	Yes
CTDSP1	PSR1	10	Yes	Yes
CTDSP1	PSR2	10	Yes	Yes
CTDSP2	PSR1	10	Yes	Yes
CTDSP2	PSR2	10	Yes	Yes
CTDSPL	PSR1	10	Yes	Yes
CTDSPL	PSR2	10	Yes	Yes
CTDSPL2	NEM1	3	No	Yes
CTDSPL2	PSR1	3	No	Yes
CTDSPL2	PSR2	3	No	Yes
CTDSPL2	TIM50	3	No	Yes
CTH	CYS3	13	Yes	Yes
CTH	STR3	4	Yes	No
CTH	IRC7	3	Yes	No
CTH	MET17	3	Yes	No
CTNS	ERS1	12	Yes	Yes
CTPS1	URA7	13	Yes	Yes
CTPS1	URA8	13	Yes	Yes
CTPS2	URA7	13	Yes	Yes
CTPS2	URA8	13	Yes	Yes
CTR9	CTR9	12	Yes	Yes
CTSA	PRC1	10	Yes	Yes
CTSA	ATG42	9	Yes	No
CTSA	KEX1	4	No	No
CTSD	PEP4	12	No	Yes
CTSD	BAR1	5	No	No
CTSD	MKC7	4	No	No
CTSD	YPS1	4	No	No
CTSD	YPS3	4	No	No
CTSD	YPS6	4	No	No
CTSE	PEP4	12	No	Yes
CTSE	BAR1	6	Yes	No
CTSE	MKC7	5	Yes	No
CTSE	YPS1	5	Yes	No
CTSE	YPS3	5	Yes	No
CTSE	YPS6	5	Yes	No
CTTN	ABP1	4	No	Yes
CTU1	NCS6	13	Yes	Yes
CTU2	NCS2	10	Yes	Yes
CUL1	CDC53	13	Yes	Yes
CUL1	CUL3	4	No	No
CUL2	CDC53	6	No	Yes
CUL3	CUL3	12	Yes	Yes
CUL3	CDC53	4	No	No
CUL3	RTT101	3	Yes	No
CUL4A	CUL3	7	No	Yes
CUL4B	CUL3	8	No	Yes
CUL5	CDC53	4	No	Yes
CUL5	CUL3	4	No	No
CUL9	HEL1	2	No	Yes
CUX1	COY1	10	Yes	Yes
CUX2	COY1	9	No	Yes
CWC15	CWC15	5	Yes	Yes
CWC22	CWC22	11	Yes	Yes
CWC25	CWC25	8	Yes	Yes
CWC27	CWC27	8	Yes	Yes
CWF19L1	DRN1	13	Yes	Yes
CWH43	CWH43	12	Yes	Yes
CXXC1	SPP1	6	Yes	Yes
CYB5A	CYB5	10	Yes	Yes
CYB5B	CYB5	10	No	Yes
CYB5D1	CYB2	2	No	Yes
CYB5R1	CBR1	11	No	No
CYB5R1	PGA3	11	Yes	Yes
CYB5R1	AIM33	10	Yes	No
CYB5R1	MCR1	6	Yes	No
CYB5R1	CYC2	4	No	No
CYB5R2	CBR1	11	Yes	Yes
CYB5R2	PGA3	8	No	No
CYB5R2	AIM33	7	No	No
CYB5R2	MCR1	5	No	No
CYB5R2	CYC2	4	No	No
CYB5R3	CBR1	11	No	No
CYB5R3	PGA3	11	Yes	Yes
CYB5R3	AIM33	10	Yes	No
CYB5R3	MCR1	5	No	No
CYB5R4	IRC21	8	Yes	Yes
CYB5RL	CBR1	6	No	Yes
CYB5RL	MCR1	6	Yes	Yes
CYB5RL	AIM33	5	No	No
CYB5RL	CYC2	5	Yes	No
CYB5RL	PGA3	5	No	No
CYBB	FRE8	5	Yes	Yes
CYBB	AIM14	4	Yes	No
CYBB	FRE1	4	Yes	No
CYBB	FRE5	4	Yes	No
CYBB	FRE6	4	Yes	No
CYBB	FRE7	4	No	No
CYBB	FRE2	3	Yes	No
CYBB	FRE3	3	Yes	No
CYBB	FRE4	3	Yes	No
CYC1	CYT1	13	Yes	Yes
CYCS	CYC1	12	Yes	Yes
CYCS	CYC7	12	Yes	Yes
CYP26A1	ERG5	6	Yes	Yes
CYP26B1	ERG5	6	Yes	Yes
CYP26C1	ERG5	4	No	Yes
CYP27C1	DIT2	2	No	Yes
CYP2A13	DIT2	2	No	Yes
CYP2A6	DIT2	2	No	Yes
CYP2A7	DIT2	2	No	Yes
CYP2B6	DIT2	2	No	Yes
CYP2C18	DIT2	2	No	Yes
CYP2C19	DIT2	2	No	Yes
CYP2C8	DIT2	2	No	Yes
CYP2C9	DIT2	2	No	Yes
CYP2D6	DIT2	2	No	Yes
CYP2E1	DIT2	2	No	Yes
CYP2F1	DIT2	2	No	Yes
CYP2J2	DIT2	3	No	Yes
CYP2R1	DIT2	2	No	Yes
CYP2S1	DIT2	2	No	Yes
CYP2U1	DIT2	2	No	Yes
CYP2W1	DIT2	2	No	Yes
CYP3A4	DIT2	4	No	Yes
CYP3A43	DIT2	4	No	Yes
CYP3A5	DIT2	4	No	Yes
CYP3A7	DIT2	4	No	Yes
CYP3A7-CYP3A51P	DIT2	4	No	Yes
CYP46A1	DIT2	2	No	Yes
CYP46A1	ERG5	2	No	Yes
CYP4A11	DIT2	6	No	Yes
CYP4A22	DIT2	6	No	Yes
CYP4B1	DIT2	6	No	Yes
CYP4F11	DIT2	7	No	Yes
CYP4F12	DIT2	8	No	Yes
CYP4F2	DIT2	9	Yes	Yes
CYP4F22	DIT2	7	No	Yes
CYP4F3	DIT2	7	No	Yes
CYP4F8	DIT2	8	No	Yes
CYP4V2	DIT2	6	No	Yes
CYP4X1	DIT2	6	No	Yes
CYP4X1	ERG5	4	No	No
CYP4Z1	DIT2	6	No	Yes
CYP4Z2P	DIT2	2	No	Yes
CYP51A1	ERG11	12	Yes	Yes
CYTB	COB	12	Yes	Yes
CYTB	BI4	9	Yes	No
CYTB	BI2	7	Yes	No
CYTB	BI3	7	Yes	No
CYTH1	SEC7	4	No	Yes
CYTH1	SYT1	4	Yes	Yes
CYTH1	YEL1	2	Yes	No
CYTH2	SYT1	4	Yes	Yes
CYTH2	YEL1	2	Yes	No
CYTH3	SYT1	4	Yes	Yes
CYTH3	YEL1	2	Yes	No
CYTH4	SYT1	4	Yes	Yes
CYTH4	YEL1	2	Yes	No
D2HGDH	DLD2	12	Yes	Yes
D2HGDH	DLD3	11	Yes	No
DAAM1	BNI1	9	Yes	Yes
DAAM1	BNR1	8	Yes	No
DAAM2	BNI1	8	No	Yes
DAAM2	BNR1	8	Yes	Yes
DAB2IP	BUD2	6	Yes	Yes
DAD1	OST2	13	Yes	Yes
DAO	TDA3	2	Yes	Yes
DAP3	RSM23	6	Yes	Yes
DAPK1	TDA1	2	Yes	Yes
DAPK2	MEK1	2	No	Yes
DAPK2	TDA1	2	Yes	Yes
DAPK3	MEK1	2	No	Yes
DAPK3	TDA1	2	Yes	Yes
DARS1	DPS1	13	Yes	Yes
DARS2	MSD1	13	Yes	Yes
DAW1	SWD3	3	No	Yes
DAZAP1	HRP1	6	No	Yes
DAZAP1	NOP13	4	No	No
DBF4	DBF4	6	Yes	Yes
DBF4B	DBF4	6	Yes	Yes
DBI	ACB1	12	Yes	Yes
DBN1	ABP1	5	No	Yes
DBNL	ABP1	11	Yes	Yes
DBR1	DBR1	12	Yes	Yes
DBT	PDX1	2	No	Yes
DBX1	HMRA1	3	No	Yes
DBX2	HMRA1	2	No	Yes
DCAF13	SOF1	13	Yes	Yes
DCAKD	CAB5	13	Yes	Yes
DCLK1	RCK1	3	No	Yes
DCLK1	RCK2	3	No	Yes
DCLK2	RCK1	3	No	Yes
DCLK2	RCK2	3	No	Yes
DCLK3	RCK1	4	Yes	Yes
DCLRE1A	PSO2	10	Yes	Yes
DCLRE1B	PSO2	4	No	Yes
DCLRE1C	PSO2	3	No	Yes
DCP1A	DCP1	5	Yes	Yes
DCP1B	DCP1	5	Yes	Yes
DCP2	DCP2	10	Yes	Yes
DCPS	DCS1	12	Yes	Yes
DCPS	DCS2	12	Yes	Yes
DCTD	DCD1	9	Yes	Yes
DCTN1	BIK1	2	Yes	Yes
DCTN2	JNM1	5	Yes	Yes
DCUN1D1	DCN1	11	Yes	Yes
DCUN1D2	DCN1	11	Yes	Yes
DCUN1D3	DCN1	12	Yes	Yes
DCUN1D4	DCN1	8	No	Yes
DCUN1D5	DCN1	9	No	Yes
DCX	MEK1	2	No	Yes
DCX	RCK1	2	No	Yes
DCX	RCK2	2	No	Yes
DDB2	CMR1	3	No	Yes
DDC	GAD1	2	Yes	Yes
DDHD1	DDL1	8	No	Yes
DDHD2	DDL1	9	Yes	Yes
DDI1	DDI1	11	No	Yes
DDI2	DDI1	12	Yes	Yes
DDO	TDA3	2	Yes	Yes
DDOST	WBP1	13	Yes	Yes
DDX10	HCA4	12	Yes	Yes
DDX11	CHL1	13	Yes	Yes
DDX11L8	CHL1	7	No	Yes
DDX12P	CHL1	8	No	Yes
DDX17	DBP2	11	Yes	Yes
DDX18	HAS1	13	Yes	Yes
DDX18	MSS116	4	Yes	No
DDX19A	DBP5	13	Yes	Yes
DDX19B	DBP5	12	No	Yes
DDX20	FAL1	2	No	Yes
DDX20	TIF1	2	No	Yes
DDX20	TIF2	2	No	Yes
DDX21	DBP3	2	No	Yes
DDX23	PRP28	11	Yes	Yes
DDX24	MAK5	13	Yes	Yes
DDX25	DBP5	13	Yes	Yes
DDX27	DRS1	12	Yes	Yes
DDX28	MRH4	4	Yes	Yes
DDX31	DBP7	13	Yes	Yes
DDX39A	SUB2	12	Yes	Yes
DDX39B	SUB2	12	Yes	Yes
DDX3X	DED1	12	Yes	Yes
DDX3X	DBP1	11	Yes	No
DDX3Y	DED1	12	Yes	Yes
DDX3Y	DBP1	11	Yes	No
DDX4	DBP1	6	No	Yes
DDX4	DED1	4	No	No
DDX42	PRP5	2	No	Yes
DDX43	DBP3	3	No	Yes
DDX46	PRP5	10	Yes	Yes
DDX47	RRP3	13	Yes	Yes
DDX49	DBP8	13	Yes	Yes
DDX5	DBP2	10	No	Yes
DDX50	DBP3	2	No	Yes
DDX51	DBP6	11	Yes	Yes
DDX52	ROK1	13	Yes	Yes
DDX53	DBP3	4	Yes	Yes
DDX54	DBP10	13	Yes	Yes
DDX55	SPB4	13	Yes	Yes
DDX56	DBP9	13	Yes	Yes
DDX6	DHH1	13	Yes	Yes
DDX60	MTR4	3	No	Yes
DDX60	SKI2	3	No	Yes
DDX60L	MTR4	2	No	Yes
DDX60L	SKI2	2	No	Yes
DECR1	SPS19	3	No	Yes
DECR2	SPS19	12	Yes	Yes
DELE1	ACK1	5	Yes	Yes
DELE1	SKT5	5	Yes	Yes
DELE1	SHC1	4	Yes	No
DENND11	ANR2	10	Yes	Yes
DENR	TMA22	13	Yes	Yes
DEPDC4	SOK1	2	No	Yes
DEPDC5	IML1	12	Yes	Yes
DEPDC7	SOK1	2	No	Yes
DEPTOR	IML1	2	No	Yes
DERL1	DFM1	10	Yes	Yes
DERL2	DFM1	8	No	Yes
DERL2	DER1	6	Yes	No
DERL3	DFM1	7	No	Yes
DERL3	DER1	6	Yes	Yes
DESI1	MUM2	2	Yes	Yes
DGAT1	ARE1	8	Yes	Yes
DGAT1	ARE2	8	Yes	Yes
DGAT2	DGA1	13	Yes	Yes
DGAT2L6	DGA1	13	Yes	Yes
DHCR7	ERG4	6	Yes	Yes
DHCR7	ERG24	5	No	No
DHDDS	RER2	13	Yes	Yes
DHDDS	SRT1	10	Yes	No
DHDH	GAL80	2	Yes	No
DHFR	DFR1	12	Yes	Yes
DHFR2	DFR1	11	No	Yes
DHODH	URA1	8	Yes	Yes
DHPS	DYS1	13	Yes	Yes
DHRS11	ORA1	7	Yes	Yes
DHRS12	PBR1	3	No	Yes
DHRS13	ENV9	9	Yes	Yes
DHRS13	PBR1	5	No	No
DHRS2	OAR1	3	No	Yes
DHRS3	TDA5	8	No	Yes
DHRS4	OAR1	3	No	Yes
DHRS4L2	OAR1	4	No	Yes
DHRS7	IRC24	2	No	Yes
DHRS7	NRE1	2	No	Yes
DHRS7B	ORA1	2	No	Yes
DHRS7C	ORA1	2	No	Yes
DHRS9	AYR1	2	No	Yes
DHRSX	ENV9	8	No	Yes
DHRSX	PBR1	5	No	No
DHTKD1	KGD1	5	No	Yes
DHX15	PRP43	12	Yes	Yes
DHX15	DHR2	4	No	No
DHX15	PRP16	4	No	No
DHX15	PRP2	4	No	No
DHX15	PRP22	4	No	No
DHX16	PRP2	11	Yes	Yes
DHX16	PRP22	6	No	No
DHX16	DHR2	4	No	No
DHX16	PRP16	4	No	No
DHX16	PRP43	4	No	No
DHX32	PRP43	7	No	Yes
DHX32	DHR2	4	No	No
DHX32	PRP16	4	No	No
DHX32	PRP2	4	No	No
DHX32	PRP22	4	No	No
DHX33	DHR2	10	Yes	Yes
DHX33	PRP16	4	No	No
DHX33	PRP2	4	No	No
DHX33	PRP22	4	No	No
DHX33	PRP43	4	No	No
DHX34	DHR2	2	No	Yes
DHX34	ECM16	2	No	Yes
DHX34	PRP16	2	No	Yes
DHX34	PRP2	2	No	Yes
DHX34	PRP22	2	No	Yes
DHX34	PRP43	2	No	Yes
DHX35	DHR2	4	No	Yes
DHX35	PRP16	4	No	Yes
DHX35	PRP2	4	No	Yes
DHX35	PRP22	4	No	Yes
DHX35	PRP43	4	No	Yes
DHX37	ECM16	11	Yes	Yes
DHX38	PRP16	12	Yes	Yes
DHX38	PRP22	5	No	No
DHX38	DHR2	4	No	No
DHX38	PRP2	4	No	No
DHX38	PRP43	4	No	No
DHX40	PRP16	5	No	Yes
DHX40	DHR2	4	No	No
DHX40	PRP2	4	No	No
DHX40	PRP22	4	No	No
DHX40	PRP43	4	No	No
DHX58	MPH1	5	No	Yes
DHX58	YRF1-1	2	Yes	No
DHX58	YRF1-2	2	Yes	No
DHX58	YRF1-3	2	Yes	No
DHX58	YRF1-4	2	Yes	No
DHX58	YRF1-5	2	Yes	No
DHX58	YRF1-6	2	Yes	No
DHX58	YRF1-7	2	Yes	No
DHX58	YRF1-8	2	Yes	No
DHX8	PRP22	13	Yes	Yes
DHX8	PRP2	5	No	No
DHX8	DHR2	4	No	No
DHX8	PRP16	4	No	No
DHX8	PRP43	4	No	No
DIAPH1	BNI1	8	No	Yes
DIAPH1	BNR1	7	No	No
DIAPH2	BNI1	8	No	Yes
DIAPH2	BNR1	7	No	No
DIAPH3	BNI1	8	No	Yes
DIAPH3	BNR1	7	No	No
DICER1	RNT1	4	No	Yes
DIMT1	DIM1	13	Yes	Yes
DIP2A	CMR2	11	No	Yes
DIP2B	CMR2	11	No	Yes
DIP2C	CMR2	12	Yes	Yes
DIRAS1	RSR1	5	No	Yes
DIRAS2	RSR1	5	No	Yes
DIRAS3	RSR1	4	No	Yes
DIS3	DIS3	13	Yes	Yes
DIS3L	DIS3	5	No	Yes
DIS3L2	SSD1	9	Yes	Yes
DIS3L2	DIS3	4	No	No
DIS3L2	DSS1	4	Yes	No
DKC1	CBF5	13	Yes	Yes
DLAT	LAT1	12	Yes	Yes
DLAT	PDX1	3	No	No
DLD	LPD1	13	Yes	Yes
DLD	IRC15	6	Yes	No
DLST	KGD2	13	Yes	Yes
DLX1	HMRA1	3	No	Yes
DLX2	HMRA1	3	No	Yes
DLX3	HMRA1	3	No	Yes
DLX4	HMRA1	3	No	Yes
DLX5	HMRA1	3	No	Yes
DLX6	HMRA1	3	No	Yes
DMAP1	SWC4	11	Yes	Yes
DMBX1	PHO2	3	Yes	Yes
DMC1	DMC1	12	Yes	Yes
DMC1	RAD51	4	No	No
DMGDH	TDA3	2	Yes	Yes
DMPK	CBK1	4	No	Yes
DMPK	DBF2	3	Yes	No
DMPK	DBF20	3	Yes	No
DMTF1	NSI1	9	Yes	Yes
DMTF1	REB1	7	Yes	No
DMXL1	RAV1	10	Yes	Yes
DMXL2	RAV1	10	Yes	Yes
DNA2	DNA2	12	Yes	Yes
DNAH1	DYN1	4	No	Yes
DNAH10	DYN1	3	No	Yes
DNAH11	DYN1	3	No	Yes
DNAH12	DYN1	3	No	Yes
DNAH14	DYN1	3	No	Yes
DNAH17	DYN1	3	No	Yes
DNAH2	DYN1	3	No	Yes
DNAH3	DYN1	3	No	Yes
DNAH5	DYN1	3	No	Yes
DNAH6	DYN1	3	No	Yes
DNAH7	DYN1	3	No	Yes
DNAH8	DYN1	4	No	Yes
DNAH9	DYN1	3	No	Yes
DNAI1	PAC11	2	No	Yes
DNAI2	PAC11	2	No	Yes
DNAI4	PAC11	2	No	Yes
DNAJA1	YDJ1	12	No	Yes
DNAJA1	APJ1	6	Yes	No
DNAJA1	XDJ1	5	Yes	No
DNAJA2	YDJ1	13	Yes	Yes
DNAJA2	APJ1	4	No	No
DNAJA2	XDJ1	4	No	No
DNAJA3	MDJ1	11	Yes	Yes
DNAJA4	YDJ1	12	No	Yes
DNAJA4	APJ1	6	Yes	No
DNAJA4	XDJ1	5	Yes	No
DNAJB1	SIS1	11	Yes	Yes
DNAJB11	SCJ1	4	Yes	Yes
DNAJB12	HLJ1	9	Yes	Yes
DNAJB13	SIS1	8	No	Yes
DNAJB14	HLJ1	8	No	Yes
DNAJB2	HLJ1	2	No	Yes
DNAJB3	HLJ1	2	No	Yes
DNAJB4	SIS1	10	No	Yes
DNAJB5	SIS1	10	No	Yes
DNAJB6	HLJ1	2	No	Yes
DNAJB7	HLJ1	2	No	Yes
DNAJB8	HLJ1	2	No	Yes
DNAJC1	ERJ5	4	Yes	Yes
DNAJC10	DJP1	2	Yes	Yes
DNAJC10	EPS1	2	No	Yes
DNAJC12	CWC23	3	Yes	Yes
DNAJC15	PAM18	10	Yes	Yes
DNAJC15	MDJ2	8	Yes	No
DNAJC17	CWC23	2	Yes	Yes
DNAJC18	HLJ1	6	No	Yes
DNAJC19	PAM18	10	Yes	Yes
DNAJC19	MDJ2	8	Yes	No
DNAJC2	ZUO1	10	Yes	Yes
DNAJC21	JJJ1	11	Yes	Yes
DNAJC24	JJJ3	3	Yes	Yes
DNAJC3	JEM1	2	Yes	Yes
DNAJC4	CAJ1	2	Yes	Yes
DNAJC4	DJP1	2	Yes	Yes
DNAJC5	HLJ1	2	No	Yes
DNAJC5B	HLJ1	2	No	Yes
DNAJC5G	HLJ1	2	No	Yes
DNAJC6	SWA2	6	Yes	Yes
DNAL1	SDS22	2	No	Yes
DNAL4	DYN2	3	No	Yes
DNHD1	DYN1	2	No	Yes
DNLZ	ZIM17	10	Yes	Yes
DNM1	DNM1	4	No	Yes
DNM1	VPS1	4	No	Yes
DNM1L	DNM1	12	Yes	Yes
DNM1L	VPS1	8	Yes	No
DNM2	DNM1	5	No	Yes
DNM2	VPS1	5	No	Yes
DNM3	DNM1	5	No	Yes
DNM3	VPS1	5	No	Yes
DNMBP	FUS2	2	Yes	Yes
DNPEP	APE4	12	Yes	Yes
DNPEP	APE1	7	Yes	No
DNTT	POL4	4	No	Yes
DNTTIP2	FCF2	10	Yes	Yes
DOC2A	TCB1	3	No	Yes
DOC2B	TCB1	2	No	Yes
DOC2B	TCB2	2	No	Yes
DOC2B	TCB3	2	No	Yes
DOCK1	DCK1	10	Yes	Yes
DOCK2	DCK1	10	Yes	Yes
DOCK3	DCK1	10	Yes	Yes
DOCK4	DCK1	10	Yes	Yes
DOCK5	DCK1	10	Yes	Yes
DOHH	LIA1	12	Yes	Yes
DOLK	SEC59	11	Yes	Yes
DOLPP1	CAX4	12	Yes	Yes
DOP1A	DOP1	10	Yes	Yes
DOP1B	DOP1	10	Yes	Yes
DOT1L	DOT1	9	Yes	Yes
DPAGT1	ALG7	13	Yes	Yes
DPH1	DPH1	13	Yes	Yes
DPH2	DPH2	13	Yes	Yes
DPH3	KTI11	12	Yes	Yes
DPH3P1	KTI11	6	No	Yes
DPH5	DPH5	13	Yes	Yes
DPH6	DPH6	10	Yes	Yes
DPH7	RRT2	9	Yes	Yes
DPM1	DPM1	13	Yes	Yes
DPP10	STE13	13	Yes	Yes
DPP10	DAP2	12	No	No
DPP4	DAP2	13	Yes	Yes
DPP4	STE13	12	No	No
DPP6	STE13	13	Yes	Yes
DPP6	DAP2	12	No	No
DPP8	STE13	4	No	Yes
DPP9	STE13	4	No	Yes
DPRX	YHP1	2	No	Yes
DPY30	SDC1	5	Yes	Yes
DPYD	GLT1	4	Yes	Yes
DPYS	DAL1	7	Yes	Yes
DPYSL2	DAL1	6	No	Yes
DPYSL3	DAL1	6	No	Yes
DPYSL4	DAL1	7	Yes	Yes
DPYSL5	DAL1	6	No	Yes
DQX1	PRP43	7	No	Yes
DQX1	DHR2	4	No	No
DQX1	PRP16	4	No	No
DQX1	PRP2	4	No	No
DQX1	PRP22	4	No	No
DR1	NCB2	12	Yes	Yes
DRAM1	SFK1	2	Yes	Yes
DRAM2	SFK1	2	Yes	Yes
DRAP1	BUR6	10	Yes	Yes
DRC11	SAP1	2	No	Yes
DRC11	YTA6	2	No	Yes
DRC11L	SAP1	2	No	Yes
DRC11L	YTA6	2	No	Yes
DRG1	RBG1	13	Yes	Yes
DRG1	RBG2	4	No	No
DRG2	RBG2	12	Yes	Yes
DRGX	YHP1	3	Yes	Yes
DROSHA	RNT1	7	Yes	Yes
DROSHA	MRPL3	3	No	No
DSCC1	DCC1	12	Yes	Yes
DSTN	COF1	11	Yes	Yes
DSTNP4	COF1	4	No	Yes
DTD1	DTD1	12	Yes	Yes
DTD2	DTD1	4	No	Yes
DTYMK	CDC8	12	Yes	Yes
DUOX1	FRE8	5	Yes	Yes
DUOX1	AIM14	4	Yes	No
DUOX1	FRE5	4	Yes	No
DUOX1	FRE6	4	Yes	No
DUOX1	FRE7	4	No	No
DUOX1	FRE2	3	Yes	No
DUOX1	FRE3	3	Yes	No
DUOX1	FRE4	3	Yes	No
DUOX2	FRE8	5	Yes	Yes
DUOX2	AIM14	4	Yes	No
DUOX2	FRE5	4	Yes	No
DUOX2	FRE6	4	Yes	No
DUOX2	FRE7	4	No	No
DUOX2	FRE2	3	Yes	No
DUOX2	FRE3	3	Yes	No
DUOX2	FRE4	3	Yes	No
DUS1L	DUS1	12	Yes	Yes
DUS2	SMM1	12	Yes	Yes
DUS3L	DUS3	13	Yes	Yes
DUS4L	DUS4	13	Yes	Yes
DUS4L-BCAP29	YET1	4	No	Yes
DUS4L-BCAP29	YET2	4	No	Yes
DUS4L-BCAP29	YET3	4	No	Yes
DUSP1	MSG5	4	No	Yes
DUSP1	YVH1	4	No	Yes
DUSP10	MSG5	6	Yes	Yes
DUSP10	SDP1	5	No	No
DUSP11	CEG1	3	No	Yes
DUSP12	YVH1	12	Yes	Yes
DUSP13B	MSG5	3	No	Yes
DUSP13B	SDP1	3	No	Yes
DUSP13B	YVH1	3	No	Yes
DUSP14	SDP1	6	No	Yes
DUSP14	MSG5	5	No	No
DUSP15	MSG5	4	No	Yes
DUSP15	SDP1	4	No	Yes
DUSP16	MSG5	5	No	Yes
DUSP16	SDP1	4	No	No
DUSP16	YVH1	4	No	No
DUSP18	SDP1	6	No	Yes
DUSP18	MSG5	5	No	No
DUSP19	MSG5	3	No	Yes
DUSP19	SDP1	3	No	Yes
DUSP2	SDP1	4	No	Yes
DUSP2	YVH1	4	No	Yes
DUSP21	SDP1	6	No	Yes
DUSP21	MSG5	5	No	No
DUSP22	MSG5	3	No	Yes
DUSP22	SDP1	3	No	Yes
DUSP23	CDC14	3	No	Yes
DUSP26	SDP1	6	No	Yes
DUSP26	MSG5	4	No	No
DUSP26	YVH1	4	No	No
DUSP28	SDP1	7	Yes	Yes
DUSP28	MSG5	5	No	No
DUSP28	PPS1	3	Yes	No
DUSP29	MSG5	3	No	Yes
DUSP29	SDP1	3	No	Yes
DUSP29	YVH1	3	No	Yes
DUSP3	MSG5	3	No	Yes
DUSP3	SDP1	3	No	Yes
DUSP4	MSG5	5	No	Yes
DUSP4	YVH1	4	No	No
DUSP5	MSG5	4	No	Yes
DUSP5	YVH1	4	No	Yes
DUSP6	MSG5	3	No	Yes
DUSP7	MSG5	4	No	Yes
DUSP8	MSG5	5	No	Yes
DUSP8	SDP1	4	No	No
DUSP8	YVH1	4	No	No
DUSP9	MSG5	4	No	Yes
DUT	DUT1	13	Yes	Yes
DUX4	PHO2	2	No	Yes
DUXA	PHO2	2	No	Yes
DUXA	YHP1	2	No	Yes
DUXB	PHO2	2	No	Yes
DUXB	YHP1	2	No	Yes
DXO	RAI1	12	Yes	Yes
DXO	DXO1	4	Yes	No
DYNC1H1	DYN1	12	Yes	Yes
DYNC1I1	PAC11	5	Yes	Yes
DYNC1I2	PAC11	5	Yes	Yes
DYNC2H1	DYN1	3	No	Yes
DYNC2I2	PAC11	3	No	Yes
DYNLL1	DYN2	12	Yes	Yes
DYNLL2	DYN2	12	Yes	Yes
DYNLT1	TDA2	3	Yes	Yes
DYNLT3	TDA2	3	Yes	Yes
DYRK1A	YAK1	3	No	Yes
DYRK1B	YAK1	4	No	Yes
DYRK2	YAK1	6	Yes	Yes
DYRK3	YAK1	6	Yes	Yes
DYRK4	YAK1	6	Yes	Yes
EARS2	MSE1	13	Yes	Yes
EBF1	MGA2	2	Yes	Yes
EBF1	SPT23	2	Yes	Yes
EBF2	MGA2	2	Yes	Yes
EBF2	SPT23	2	Yes	Yes
EBF3	MGA2	2	Yes	Yes
EBF3	SPT23	2	Yes	Yes
EBF4	MGA2	2	Yes	Yes
EBF4	SPT23	2	Yes	Yes
EBNA1BP2	EBP2	11	Yes	Yes
ECHDC2	DCI1	2	No	Yes
ECHDC2	ECI1	2	No	Yes
ECHS1	DCI1	2	No	Yes
ECHS1	ECI1	2	No	Yes
ECI2	DCI1	10	Yes	Yes
ECI2	ECI1	9	Yes	No
ECPAS	ECM29	13	Yes	Yes
EDC3	EDC3	7	Yes	Yes
EDEM1	MNL1	11	Yes	Yes
EDEM2	MNL1	4	No	Yes
EDEM3	MNL1	5	No	Yes
EDF1	MBF1	13	Yes	Yes
EEA1	PIB2	3	Yes	Yes
EEF1A1	TEF1	11	Yes	No
EEF1A1	TEF2	11	Yes	Yes
EEF1A1	HBS1	4	No	No
EEF1A1P5	TEF1	7	No	No
EEF1A1P5	TEF2	7	No	Yes
EEF1A2	TEF1	11	Yes	No
EEF1A2	TEF2	11	Yes	Yes
EEF1A2	HBS1	5	No	No
EEF1AKMT1	EFM5	13	Yes	Yes
EEF1AKMT2	EFM4	12	Yes	Yes
EEF1AKMT3	EFM6	10	No	Yes
EEF1AKMT3	NNT1	2	Yes	No
EEF1B2	EFB1	12	Yes	Yes
EEF1D	EFB1	10	No	Yes
EEF1G	CAM1	12	Yes	Yes
EEF1G	TEF4	12	Yes	Yes
EEF1G	GTT1	2	Yes	No
EEF2	EFT1	13	Yes	Yes
EEF2	EFT2	12	Yes	Yes
EEF2KMT	EFM3	11	Yes	Yes
EFCAB11	CDC31	2	No	Yes
EFCAB11	CMD1	2	No	Yes
EFCAB13	MLC2	2	No	Yes
EFL1	RIA1	13	Yes	Yes
EFR3A	EFR3	5	Yes	Yes
EFR3B	EFR3	5	Yes	Yes
EFTUD2	SNU114	11	Yes	Yes
EGR1	USV1	3	Yes	Yes
EGR1	ADR1	2	Yes	No
EGR1	MIG1	2	Yes	No
EGR1	RGM1	2	Yes	No
EGR1	RIM101	2	Yes	No
EGR1	STP3	2	Yes	No
EGR1	STP4	2	Yes	No
EGR2	MIG1	2	Yes	Yes
EGR2	RIM101	2	Yes	Yes
EGR3	MIG1	2	Yes	Yes
EGR3	RIM101	2	Yes	Yes
EGR4	MIG1	2	Yes	Yes
EGR4	MIG2	2	Yes	Yes
EHD1	END3	5	No	Yes
EHD2	END3	5	No	Yes
EHD3	END3	4	No	Yes
EHD4	END3	4	No	Yes
EHHADH	DCI1	2	No	Yes
EHHADH	ECI1	2	No	Yes
EHMT1	SET2	2	No	Yes
EHMT2	SET2	2	No	Yes
EID3	NSE4	9	No	Yes
EIF1	SUI1	12	Yes	Yes
EIF1AX	TIF11	13	Yes	Yes
EIF1AY	TIF11	13	Yes	Yes
EIF1B	SUI1	12	Yes	Yes
EIF2AK1	GCN2	3	No	Yes
EIF2AK1	IKS1	2	Yes	No
EIF2AK2	IKS1	2	Yes	Yes
EIF2AK3	GCN2	3	No	Yes
EIF2AK4	GCN2	11	Yes	Yes
EIF2B1	GCN3	13	Yes	Yes
EIF2B2	GCD7	13	Yes	Yes
EIF2B3	GCD1	11	Yes	Yes
EIF2B4	GCD2	12	Yes	Yes
EIF2B5	GCD6	12	Yes	Yes
EIF2D	TMA64	13	Yes	Yes
EIF2S1	SUI2	13	Yes	Yes
EIF2S2	SUI3	13	Yes	Yes
EIF2S3	GCD11	13	Yes	Yes
EIF2S3B	GCD11	13	Yes	Yes
EIF3A	RPG1	12	Yes	Yes
EIF3B	PRT1	13	Yes	Yes
EIF3C	NIP1	13	Yes	Yes
EIF3CL	NIP1	13	Yes	Yes
EIF3F	RPN8	3	No	Yes
EIF3G	TIF35	12	Yes	Yes
EIF3I	TIF34	12	Yes	Yes
EIF3J	HCR1	8	Yes	Yes
EIF4A1	TIF1	11	No	Yes
EIF4A1	TIF2	11	Yes	No
EIF4A1	FAL1	4	No	No
EIF4A2	TIF1	12	Yes	Yes
EIF4A2	TIF2	11	Yes	No
EIF4A2	FAL1	5	No	No
EIF4A3	FAL1	12	Yes	Yes
EIF4A3	TIF1	8	No	No
EIF4A3	TIF2	7	No	No
EIF4B	TIF3	5	Yes	Yes
EIF4E	CDC33	13	Yes	Yes
EIF4E1B	CDC33	13	Yes	Yes
EIF4E2	CDC33	5	No	Yes
EIF4E3	CDC33	4	No	Yes
EIF4G1	TIF4631	7	No	Yes
EIF4G1	TIF4632	7	No	No
EIF4G2	TIF4631	8	Yes	Yes
EIF4G2	TIF4632	8	Yes	No
EIF4G3	TIF4631	7	No	Yes
EIF4G3	TIF4632	7	No	No
EIF4H	TIF3	5	Yes	Yes
EIF5	TIF5	13	Yes	Yes
EIF5A	ANB1	11	No	Yes
EIF5A	HYP2	11	No	Yes
EIF5A2	ANB1	13	Yes	Yes
EIF5A2	HYP2	13	Yes	Yes
EIF5AL1	ANB1	12	No	Yes
EIF5AL1	HYP2	12	No	Yes
EIF5B	FUN12	10	Yes	Yes
EIF6	TIF6	13	Yes	Yes
ELAC1	TRZ1	4	No	Yes
ELAC2	TRZ1	13	Yes	Yes
ELAVL1	GBP2	2	No	Yes
ELAVL1	HRB1	2	No	Yes
ELAVL2	GBP2	2	No	Yes
ELAVL2	HRB1	2	No	Yes
ELAVL3	GBP2	2	No	Yes
ELAVL4	GBP2	2	No	Yes
ELMO1	LMO1	3	No	Yes
ELMO2	LMO1	4	Yes	Yes
ELMO3	LMO1	4	Yes	Yes
ELOA	ELA1	8	Yes	Yes
ELOA2	ELA1	6	No	Yes
ELOC	ELC1	13	Yes	Yes
ELOF1	ELF1	12	Yes	Yes
ELOVL1	ELO3	7	Yes	Yes
ELOVL1	ELO2	6	No	No
ELOVL1	ELO1	5	No	No
ELOVL2	ELO2	7	Yes	Yes
ELOVL2	ELO3	6	No	No
ELOVL2	ELO1	5	No	No
ELOVL3	ELO1	8	No	Yes
ELOVL3	ELO2	6	No	No
ELOVL3	ELO3	6	No	No
ELOVL4	ELO3	7	Yes	Yes
ELOVL4	ELO2	6	No	No
ELOVL4	ELO1	5	No	No
ELOVL5	ELO2	7	Yes	Yes
ELOVL5	ELO3	7	No	No
ELOVL5	ELO1	5	No	No
ELOVL6	ELO1	9	Yes	Yes
ELOVL6	ELO2	7	No	No
ELOVL6	ELO3	6	No	No
ELOVL7	ELO2	7	No	Yes
ELOVL7	ELO3	6	No	Yes
ELOVL7	ELO1	5	No	No
ELP1	IKI3	13	Yes	Yes
ELP2	ELP2	12	Yes	Yes
ELP3	ELP3	13	Yes	Yes
ELP4	ELP4	12	Yes	Yes
ELP5	IKI1	6	Yes	Yes
ELP6	ELP6	2	Yes	Yes
EMC1	EMC1	11	Yes	Yes
EMC2	EMC2	8	Yes	Yes
EMC3	EMC3	13	Yes	Yes
EMC4	EMC4	13	Yes	Yes
EMC6	EMC6	6	Yes	Yes
EME1	MMS4	2	Yes	Yes
EME2	MMS4	2	Yes	Yes
EMG1	EMG1	13	Yes	Yes
EMX1	HMRA1	3	No	Yes
EMX2	HMRA1	3	No	Yes
EN1	HMRA1	2	No	Yes
EN2	HMRA1	2	No	Yes
ENDOG	NUC1	13	Yes	Yes
ENO1	ENO1	13	Yes	Yes
ENO1	ENO2	13	Yes	Yes
ENO1	ERR2	12	Yes	No
ENO1	ERR3	12	Yes	No
ENO1	ERR1	11	Yes	No
ENO2	ENO1	13	Yes	Yes
ENO2	ENO2	13	Yes	Yes
ENO2	ERR2	12	Yes	No
ENO2	ERR3	12	Yes	No
ENO2	ERR1	11	Yes	No
ENO3	ENO1	13	Yes	Yes
ENO3	ENO2	13	Yes	Yes
ENO3	ERR2	12	Yes	No
ENO3	ERR3	12	Yes	No
ENO3	ERR1	11	Yes	No
ENO4	ENO1	5	No	Yes
ENO4	ENO2	5	No	Yes
ENO4	ERR1	5	No	Yes
ENO4	ERR2	5	No	Yes
ENO4	ERR3	5	No	Yes
ENOPH1	UTR4	13	Yes	Yes
ENPEP	AAP1	6	No	Yes
ENPEP	APE2	6	No	Yes
ENPEP	TMA108	6	No	Yes
ENPP1	NPP1	10	No	Yes
ENPP1	NPP2	10	No	Yes
ENPP2	NPP1	10	No	Yes
ENPP2	NPP2	10	No	Yes
ENPP3	NPP1	10	No	Yes
ENPP3	NPP2	10	No	Yes
ENPP4	NPP2	13	Yes	Yes
ENPP4	NPP1	11	Yes	No
ENPP5	NPP2	13	Yes	Yes
ENPP5	NPP1	11	Yes	No
ENPP6	NPP2	12	No	Yes
ENPP6	NPP1	10	No	No
ENPP7	NPP2	11	No	Yes
ENPP7	NPP1	9	No	No
ENSA	IGO1	6	Yes	Yes
ENSA	IGO2	6	Yes	Yes
ENTHD1	ENT1	8	No	Yes
ENTHD1	ENT3	8	Yes	No
ENTHD1	ENT2	7	No	No
ENTHD1	ENT4	5	Yes	No
ENTHD1	ENT5	4	No	No
ENTPD1	GDA1	5	No	Yes
ENTPD2	GDA1	5	No	Yes
ENTPD3	GDA1	4	No	Yes
ENTPD3	YND1	4	No	Yes
ENTPD4	YND1	13	Yes	Yes
ENTPD5	GDA1	13	Yes	Yes
ENTPD6	GDA1	13	Yes	Yes
ENTPD7	YND1	13	Yes	Yes
ENTPD8	GDA1	5	No	Yes
ENY2	SUS1	11	Yes	Yes
EP400	SWR1	5	No	Yes
EPC1	EPL1	10	Yes	Yes
EPC2	EPL1	10	Yes	Yes
EPM2A	PPS1	2	No	Yes
EPN1	ENT1	9	Yes	Yes
EPN1	ENT2	8	No	No
EPN1	ENT3	8	Yes	No
EPN1	ENT4	5	Yes	No
EPN1	ENT5	4	No	No
EPN2	ENT1	9	Yes	Yes
EPN2	ENT2	8	No	No
EPN2	ENT3	7	No	No
EPN2	ENT4	5	Yes	No
EPN2	ENT5	4	No	No
EPN3	ENT1	9	Yes	Yes
EPN3	ENT2	9	Yes	Yes
EPN3	ENT3	7	No	No
EPN3	ENT4	5	Yes	No
EPN3	ENT5	4	No	No
EPRS1	GUS1	7	Yes	No
EPS15	EDE1	8	No	Yes
EPS15	END3	6	Yes	No
EPS15	PAN1	5	Yes	No
EPS15	IRS4	4	Yes	No
EPS15	TAX4	3	Yes	No
EPS15L1	EDE1	9	Yes	Yes
EPS15L1	END3	6	Yes	No
EPS15L1	PAN1	5	Yes	No
EPS15L1	IRS4	4	Yes	No
EPS15L1	TAX4	3	Yes	No
ERAP1	TMA108	7	Yes	Yes
ERAP1	AAP1	6	No	No
ERAP1	APE2	6	No	No
ERAP2	AAP1	7	No	Yes
ERAP2	APE2	7	No	Yes
ERAP2	TMA108	6	No	No
ERAS	RAS1	3	No	Yes
ERAS	RAS2	3	No	Yes
ERAS	RSR1	3	No	Yes
ERCC1	RAD10	10	Yes	Yes
ERCC2	RAD3	13	Yes	Yes
ERCC3	SSL2	13	Yes	Yes
ERCC4	RAD1	13	Yes	Yes
ERCC5	RAD2	11	Yes	Yes
ERCC6	RAD26	12	Yes	Yes
ERCC6L	ULS1	3	No	Yes
ERCC6L2	RAD16	2	No	Yes
ERCC6L2	RAD5	2	No	Yes
ERCC6L2	ULS1	2	No	Yes
ERCC8	RAD28	9	Yes	Yes
ERG28	ERG28	13	Yes	Yes
ERGIC1	ERV46	6	No	Yes
ERGIC2	ERV41	13	Yes	Yes
ERGIC3	ERV46	13	Yes	Yes
ERGIC3	ERV41	4	No	No
ERI3	NRP1	2	No	Yes
ERLEC1	YOS9	6	Yes	Yes
ERMP1	PFF1	9	Yes	Yes
ERN1	IRE1	11	No	Yes
ERN2	IRE1	12	Yes	Yes
ERO1A	ERO1	13	Yes	Yes
ERO1B	ERO1	13	Yes	Yes
ERP27	EPS1	2	No	Yes
ERP27	MPD1	2	No	Yes
ESCO1	ECO1	10	Yes	Yes
ESCO2	ECO1	10	Yes	Yes
ESF1	ESF1	12	Yes	Yes
ESPL1	ESP1	8	Yes	Yes
ESX1	YHP1	2	No	Yes
ESYT1	TCB2	6	Yes	Yes
ESYT1	TCB1	5	Yes	No
ESYT1	TCB3	5	Yes	No
ESYT2	TCB2	6	Yes	Yes
ESYT2	TCB1	5	Yes	No
ESYT2	TCB3	5	Yes	No
ESYT3	TCB2	6	Yes	Yes
ESYT3	TCB1	5	Yes	No
ESYT3	TCB3	4	No	No
ETF1	SUP45	13	Yes	Yes
ETFA	AIM45	13	Yes	Yes
ETFB	CIR1	13	Yes	Yes
ETFDH	CIR2	13	Yes	Yes
ETNK1	CKI1	8	No	Yes
ETNK1	EKI1	8	No	Yes
ETNK2	CKI1	8	No	Yes
ETNK2	EKI1	8	No	Yes
ETNPPL	ARG8	2	No	Yes
ETNPPL	CAR2	2	No	Yes
EVI5	GYP5	8	Yes	Yes
EVI5	GYL1	7	No	No
EVI5L	GYL1	8	Yes	Yes
EVI5L	GYP5	8	Yes	Yes
EVX1	HMRA1	2	No	Yes
EVX2	HMRA1	2	No	Yes
EXO1	DIN7	10	Yes	Yes
EXO1	EXO1	10	Yes	Yes
EXO5	EXO5	5	Yes	Yes
EXOC1	SEC3	6	Yes	Yes
EXOC1L	SEC3	2	No	Yes
EXOC2	SEC5	10	Yes	Yes
EXOC3	SEC6	12	Yes	Yes
EXOC3L1	SEC6	9	No	Yes
EXOC3L2	SEC6	3	No	Yes
EXOC3L4	SEC6	4	No	Yes
EXOC4	SEC8	11	Yes	Yes
EXOC5	SEC10	13	Yes	Yes
EXOC5	RCY1	5	Yes	No
EXOC6	SEC15	12	Yes	Yes
EXOC6B	SEC15	12	Yes	Yes
EXOC7	EXO70	12	Yes	Yes
EXOC8	EXO84	11	Yes	Yes
EXOG	NUC1	6	No	Yes
EXOSC1	CSL4	10	Yes	Yes
EXOSC10	RRP6	12	Yes	Yes
EXOSC2	RRP4	13	Yes	Yes
EXOSC3	RRP40	12	Yes	Yes
EXOSC4	SKI6	12	Yes	Yes
EXOSC5	RRP46	13	Yes	Yes
EXOSC6	MTR3	7	Yes	Yes
EXOSC7	RRP42	7	Yes	Yes
EXOSC8	RRP43	7	Yes	Yes
EXOSC9	RRP45	13	Yes	Yes
EZH1	SET2	3	No	Yes
EZH2	SET2	3	No	Yes
F5	FET3	2	Yes	Yes
F5	FET5	2	Yes	Yes
F5	GMC1	2	Yes	Yes
F8	FET3	2	Yes	Yes
F8	FET5	2	Yes	Yes
F8	GMC1	2	Yes	Yes
FA2H	SCS7	13	Yes	Yes
FAAH	AMD2	10	Yes	Yes
FAAH2	AMD2	5	No	Yes
FAF1	UBX3	6	No	Yes
FAF1	UBX2	4	Yes	No
FAF2	UBX3	9	Yes	Yes
FAF2	UBX2	4	Yes	No
FAH	FMP41	2	No	Yes
FAHD1	FMP41	12	Yes	Yes
FAHD2A	FMP41	2	No	Yes
FAHD2B	FMP41	2	No	Yes
FAIM2	BXI1	10	No	Yes
FAM135A	LPL1	3	Yes	Yes
FAM135A	ROG1	3	Yes	Yes
FAM135B	LPL1	3	Yes	Yes
FAM135B	ROG1	3	Yes	Yes
FAM210A	NAT2	2	No	Yes
FAM210B	NAT2	5	Yes	Yes
FAM86B1	EFM3	9	No	Yes
FAM86B2	EFM3	10	No	Yes
FAM89A	APC11	2	No	Yes
FAM89B	APC11	2	No	Yes
FANCE	RPL1A	2	No	Yes
FANCM	MPH1	9	Yes	Yes
FAP	STE13	13	Yes	Yes
FAP	DAP2	12	No	No
FARS2	MSF1	13	Yes	Yes
FARSA	FRS2	13	Yes	Yes
FARSB	FRS1	13	Yes	Yes
FAU	RPS30A	7	Yes	Yes
FAU	RPS30B	7	Yes	Yes
FAXDC2	ERG25	4	No	Yes
FAXDC2	SUR2	4	Yes	Yes
FBH1	HMI1	3	Yes	Yes
FBH1	SRS2	3	Yes	Yes
FBL	NOP1	13	Yes	Yes
FBLL1	NOP1	12	No	Yes
FBP1	FBP1	13	Yes	Yes
FBP2	FBP1	13	Yes	Yes
FBXL13	GRR1	3	No	Yes
FBXL13	RAD7	3	Yes	Yes
FBXL14	GRR1	3	No	Yes
FBXL15	RAD7	2	No	Yes
FBXL16	LUG1	2	Yes	Yes
FBXL17	GRR1	2	No	Yes
FBXL19	JHD1	5	No	Yes
FBXL2	GRR1	3	No	Yes
FBXL20	GRR1	3	No	Yes
FBXL5	LUG1	2	Yes	Yes
FBXL6	GRR1	2	No	Yes
FBXL7	GRR1	4	Yes	Yes
FBXO16	MET30	2	No	Yes
FBXO3	SMI1	2	Yes	Yes
FBXO42	KEL1	3	No	Yes
FBXO42	KEL2	3	No	Yes
FBXO42	MDS3	2	Yes	No
FBXO42	PMD1	2	Yes	No
FBXO8	SYT1	3	No	Yes
FBXO9	HRT3	12	Yes	Yes
FBXW11	MET30	3	No	Yes
FBXW2	MET30	2	No	Yes
FBXW7	CDC4	7	Yes	Yes
FBXW7	MET30	6	Yes	No
FBXW7	RRT13	5	Yes	No
FBXW8	CDC4	2	No	Yes
FBXW8	MDV1	2	No	Yes
FBXW8	RRT13	2	No	Yes
FBXW9	RRT13	3	No	Yes
FCF1	FCF1	13	Yes	Yes
FCHO1	SYP1	3	Yes	Yes
FCHO1	RGD2	2	Yes	No
FCHO2	SYP1	3	Yes	Yes
FCHO2	RGD2	2	Yes	No
FCHSD1	BZZ1	2	No	Yes
FCHSD2	BZZ1	3	No	Yes
FDFT1	ERG9	13	Yes	Yes
FDPS	ERG20	13	Yes	Yes
FDX1	YAH1	7	No	Yes
FDX2	YAH1	12	Yes	Yes
FDXACB1	BMT5	9	Yes	Yes
FDXR	ARH1	13	Yes	Yes
FECH	HEM15	13	Yes	Yes
FEN1	RAD27	13	Yes	Yes
FER	LSB1	2	No	Yes
FES	LSB1	2	No	Yes
FGD6	PIB1	2	No	Yes
FGD6	PIB2	2	No	Yes
FGGY	MPA43	8	Yes	No
FGR	LSB1	2	No	Yes
FGR	SLA1	2	Yes	Yes
FH	FUM1	13	Yes	Yes
FHDC1	BNI1	4	No	Yes
FHDC1	BNR1	4	No	Yes
FHIT	HNT2	11	Yes	Yes
FHL1	LRG1	4	Yes	Yes
FHL2	LRG1	4	Yes	Yes
FHL3	LRG1	3	No	Yes
FHL5	LRG1	4	Yes	Yes
FIG4	FIG4	13	Yes	Yes
FIGN	SAP1	5	No	Yes
FIGN	YTA6	4	No	No
FIGNL1	SAP1	9	Yes	Yes
FIGNL1	YTA6	9	Yes	Yes
FIGNL2	SAP1	5	No	Yes
FIGNL2	YTA6	4	No	No
FIP1L1	FIP1	6	Yes	Yes
FIS1	FIS1	11	Yes	Yes
FITM1	SCS3	8	Yes	Yes
FITM1	YFT2	7	No	No
FITM2	SCS3	8	Yes	Yes
FITM2	YFT2	8	Yes	Yes
FKBP10	FPR1	4	No	Yes
FKBP10	FPR2	4	No	Yes
FKBP10	FPR3	3	Yes	No
FKBP10	FPR4	3	Yes	No
FKBP11	FPR2	6	No	Yes
FKBP11	FPR1	4	No	No
FKBP11	FPR3	3	Yes	No
FKBP11	FPR4	3	Yes	No
FKBP14	FPR1	4	No	Yes
FKBP14	FPR2	4	No	Yes
FKBP14	FPR3	3	Yes	No
FKBP14	FPR4	3	Yes	No
FKBP15	FPR3	3	Yes	Yes
FKBP15	FPR4	3	Yes	Yes
FKBP1A	FPR1	11	Yes	Yes
FKBP1B	FPR1	11	Yes	Yes
FKBP1C	FPR1	10	No	Yes
FKBP2	FPR2	9	Yes	Yes
FKBP3	FPR1	4	No	Yes
FKBP4	FPR1	3	No	Yes
FKBP4	FPR2	3	No	Yes
FKBP4	FPR3	3	Yes	Yes
FKBP4	FPR4	3	Yes	Yes
FKBP5	FPR1	3	No	Yes
FKBP5	FPR2	3	No	Yes
FKBP5	FPR3	3	Yes	Yes
FKBP5	FPR4	3	Yes	Yes
FKBP6	FPR1	3	No	Yes
FKBP7	FPR1	4	No	Yes
FKBP7	FPR2	4	No	Yes
FKBP7	FPR3	3	Yes	No
FKBP7	FPR4	3	Yes	No
FKBP8	FPR1	3	No	Yes
FKBP8	FPR3	3	Yes	Yes
FKBP8	FPR4	3	Yes	Yes
FKBP9	FPR1	4	No	Yes
FKBP9	FPR3	3	Yes	No
FKBP9	FPR4	3	Yes	No
FKBPL	FPR1	2	No	Yes
FKBPL	FPR2	2	No	Yes
FKBPL	FPR3	2	No	Yes
FKBPL	FPR4	2	No	Yes
FKTN	MNN14	3	Yes	Yes
FKTN	MNN4	3	Yes	Yes
FLAD1	FAD1	9	Yes	Yes
FLAD1	FPY1	7	Yes	No
FLAD1	MET16	2	Yes	No
FLCN	LST7	7	Yes	Yes
FMC1-LUC7L2	LUC7	6	No	Yes
FMN1	BNI1	3	No	Yes
FMN1	BNR1	3	No	Yes
FMN2	BNI1	4	No	Yes
FMN2	BNR1	4	No	Yes
FMNL1	BNI1	6	No	Yes
FMNL1	BNR1	6	No	Yes
FMNL2	BNI1	7	No	Yes
FMNL2	BNR1	7	No	Yes
FMNL3	BNI1	6	No	Yes
FMNL3	BNR1	6	No	Yes
FMO1	FMO1	8	Yes	Yes
FMO2	FMO1	8	Yes	Yes
FMO3	FMO1	8	Yes	Yes
FMO4	FMO1	8	Yes	Yes
FMO5	FMO1	8	Yes	Yes
FMO6P	FMO1	5	No	Yes
FNBP1	BZZ1	10	No	Yes
FNBP1L	BZZ1	11	Yes	Yes
FNBP4	WWM1	2	Yes	Yes
FNTA	RAM2	10	Yes	Yes
FNTB	RAM1	13	Yes	Yes
FOLH1	VPS70	12	Yes	Yes
FOLH1	TRE2	8	Yes	No
FOLH1	TRE1	7	No	No
FOLH1B	VPS70	4	No	Yes
FOXA1	FKH1	5	No	Yes
FOXA1	FKH2	4	No	No
FOXA1	HCM1	4	No	No
FOXA2	FKH1	4	No	Yes
FOXA2	HCM1	4	No	Yes
FOXA3	FKH1	5	No	Yes
FOXA3	FKH2	4	No	No
FOXA3	HCM1	4	No	No
FOXB1	FKH1	6	No	Yes
FOXB1	FKH2	5	No	No
FOXB1	HCM1	4	No	No
FOXB2	FKH1	4	No	Yes
FOXB2	HCM1	4	No	Yes
FOXC1	FKH1	6	No	Yes
FOXC1	FKH2	5	No	No
FOXC1	HCM1	4	No	No
FOXC2	FKH1	6	No	Yes
FOXC2	FKH2	5	No	No
FOXC2	HCM1	4	No	No
FOXD1	FKH1	6	No	Yes
FOXD1	FKH2	5	No	No
FOXD1	HCM1	4	No	No
FOXD2	FKH1	5	No	Yes
FOXD2	FKH2	4	No	No
FOXD2	HCM1	4	No	No
FOXD3	FKH1	6	No	Yes
FOXD3	FKH2	5	No	No
FOXD3	HCM1	4	No	No
FOXD4	FKH1	6	No	Yes
FOXD4	FKH2	5	No	No
FOXD4	HCM1	4	No	No
FOXD4L1	FKH1	5	No	Yes
FOXD4L1	FKH2	4	No	No
FOXD4L1	HCM1	4	No	No
FOXD4L3	FKH1	5	No	Yes
FOXD4L3	FKH2	4	No	No
FOXD4L3	HCM1	4	No	No
FOXD4L4	FKH1	5	No	Yes
FOXD4L4	FKH2	4	No	No
FOXD4L4	HCM1	4	No	No
FOXD4L5	FKH1	5	No	Yes
FOXD4L5	FKH2	4	No	No
FOXD4L5	HCM1	4	No	No
FOXD4L6	FKH1	5	No	Yes
FOXD4L6	FKH2	4	No	No
FOXD4L6	HCM1	4	No	No
FOXE1	FKH1	5	No	Yes
FOXE1	HCM1	5	Yes	Yes
FOXE1	FKH2	4	No	No
FOXE3	HCM1	5	Yes	Yes
FOXE3	FKH1	4	No	No
FOXF1	FKH1	3	No	Yes
FOXF1	FKH2	3	No	Yes
FOXF1	HCM1	3	No	Yes
FOXF2	FHL1	2	No	Yes
FOXF2	FKH1	2	No	Yes
FOXF2	FKH2	2	No	Yes
FOXF2	HCM1	2	No	Yes
FOXG1	FKH1	5	No	Yes
FOXG1	FKH2	5	No	Yes
FOXH1	FKH1	3	No	Yes
FOXH1	FKH2	3	No	Yes
FOXI1	FKH1	5	No	Yes
FOXI1	FKH2	4	No	No
FOXI1	HCM1	4	No	No
FOXI2	FKH1	6	No	Yes
FOXI2	FKH2	5	No	No
FOXI2	HCM1	5	Yes	No
FOXI3	FKH1	6	No	Yes
FOXI3	FKH2	5	No	No
FOXI3	HCM1	5	Yes	No
FOXJ1	FKH1	6	No	Yes
FOXJ1	FKH2	5	No	No
FOXJ2	FKH1	5	No	Yes
FOXJ2	FKH2	5	No	Yes
FOXJ3	FKH1	6	No	Yes
FOXJ3	FKH2	6	No	Yes
FOXK1	FKH2	7	Yes	Yes
FOXK1	FKH1	6	No	No
FOXK1	FHL1	4	Yes	No
FOXK2	FKH1	8	Yes	Yes
FOXK2	FKH2	7	Yes	Yes
FOXK2	FHL1	4	Yes	No
FOXL1	FKH1	5	No	Yes
FOXL1	HCM1	5	Yes	Yes
FOXL1	FKH2	4	No	No
FOXL2	FKH1	4	No	Yes
FOXL2	HCM1	4	No	Yes
FOXL3	FKH1	4	No	Yes
FOXL3	HCM1	4	No	Yes
FOXM1	HCM1	2	No	Yes
FOXN1	FHL1	3	No	Yes
FOXN1	FKH1	3	No	Yes
FOXN1	FKH2	3	No	Yes
FOXN2	FHL1	3	No	Yes
FOXN2	FKH1	3	No	Yes
FOXN2	FKH2	3	No	Yes
FOXN3	FHL1	3	No	Yes
FOXN3	FKH1	3	No	Yes
FOXN3	FKH2	3	No	Yes
FOXN4	FHL1	4	Yes	Yes
FOXO1	FKH1	2	No	Yes
FOXO1	FKH2	2	No	Yes
FOXO1	HCM1	2	No	Yes
FOXO3	FKH1	2	No	Yes
FOXO3	FKH2	2	No	Yes
FOXO3	HCM1	2	No	Yes
FOXO3B	FKH1	2	No	Yes
FOXO3B	FKH2	2	No	Yes
FOXO3B	HCM1	2	No	Yes
FOXO4	FKH1	2	No	Yes
FOXO4	FKH2	2	No	Yes
FOXO4	HCM1	2	No	Yes
FOXO6	HCM1	2	No	Yes
FOXP1	FKH2	2	No	Yes
FOXP3	FKH2	2	No	Yes
FOXQ1	FKH1	4	No	Yes
FOXQ1	HCM1	3	No	No
FOXRED1	TDA3	2	Yes	Yes
FOXRED2	FMO1	3	No	Yes
FOXS1	FKH1	5	No	Yes
FOXS1	HCM1	5	Yes	Yes
FOXS1	FKH2	4	No	No
FPGS	MET7	13	Yes	Yes
FPGS	RMA1	7	Yes	No
FPGS	FOL3	6	Yes	No
FRK	LSB1	2	No	Yes
FRK	SLA1	2	Yes	Yes
FRY	TAO3	12	Yes	Yes
FRYL	TAO3	12	Yes	Yes
FTCDNL1	LTO1	2	No	Yes
FTSJ1	TRM7	13	Yes	Yes
FTSJ3	SPB1	12	Yes	Yes
FUBP1	PBP2	2	No	Yes
FUBP3	PBP2	2	No	Yes
FURIN	KEX2	8	No	Yes
FXN	YFH1	10	Yes	Yes
FYCO1	PIB1	3	Yes	Yes
FYN	LSB1	2	No	Yes
FYN	SLA1	2	Yes	Yes
FZR1	CDH1	12	Yes	Yes
FZR1	AMA1	4	No	No
FZR1	CDC20	4	No	No
G3BP1	BRE5	7	Yes	Yes
G3BP2	BRE5	7	Yes	Yes
G6PD	ZWF1	13	Yes	Yes
GAA	ROT2	4	No	Yes
GABARAP	ATG8	12	Yes	Yes
GABARAPL1	ATG8	12	Yes	Yes
GABARAPL2	ATG8	10	No	Yes
GABARAPL3	ATG8	8	No	Yes
GAD1	GAD1	2	Yes	Yes
GAD2	GAD1	2	Yes	Yes
GADL1	GAD1	2	Yes	Yes
GAK	SWA2	6	Yes	Yes
GALE	GAL10	11	Yes	Yes
GALK1	GAL1	2	No	Yes
GALK1	GAL3	2	No	Yes
GALK2	GAL1	13	Yes	Yes
GALK2	GAL3	13	Yes	Yes
GALT	GAL7	11	Yes	Yes
GAMT	RMT2	8	Yes	Yes
GANAB	ROT2	12	Yes	Yes
GANC	ROT2	11	No	Yes
GAPDH	TDH1	11	Yes	Yes
GAPDH	TDH2	11	Yes	Yes
GAPDH	TDH3	11	Yes	Yes
GAPDHS	TDH1	10	No	Yes
GAPDHS	TDH2	10	No	Yes
GAPDHS	TDH3	10	No	Yes
GAPVD1	MUK1	4	Yes	Yes
GAPVD1	VPS9	4	No	Yes
GAR1	GAR1	11	Yes	Yes
GARS1	GRS1	13	Yes	Yes
GARS1	GRS2	12	Yes	No
GART	ADE57	13	Yes	Yes
GART	ADE8	5	Yes	No
GAS7	HOF1	6	Yes	Yes
GAS7	RGD2	2	Yes	No
GATA1	GAT1	8	Yes	Yes
GATA1	GZF3	8	Yes	Yes
GATA1	DAL80	6	Yes	No
GATA1	GLN3	6	Yes	No
GATA1	ECM23	2	Yes	No
GATA1	SRD1	2	Yes	No
GATA2	GAT1	7	No	Yes
GATA2	GZF3	7	No	Yes
GATA2	DAL80	6	Yes	No
GATA2	GLN3	5	No	No
GATA2	GAT2	3	Yes	No
GATA2	GAT3	3	Yes	No
GATA2	GAT4	3	Yes	No
GATA2	ECM23	2	Yes	No
GATA2	SRD1	2	Yes	No
GATA3	GAT1	7	No	Yes
GATA3	GZF3	7	No	Yes
GATA3	DAL80	5	No	No
GATA3	GLN3	5	No	No
GATA3	GAT2	3	Yes	No
GATA3	GAT3	3	Yes	No
GATA3	GAT4	3	Yes	No
GATA3	ECM23	2	Yes	No
GATA3	SRD1	2	Yes	No
GATA4	GAT1	8	Yes	Yes
GATA4	GZF3	8	Yes	Yes
GATA4	DAL80	6	Yes	No
GATA4	GLN3	6	Yes	No
GATA4	ECM23	2	Yes	No
GATA4	SRD1	2	Yes	No
GATA5	GAT1	8	Yes	Yes
GATA5	GZF3	8	Yes	Yes
GATA5	DAL80	6	Yes	No
GATA5	GLN3	6	Yes	No
GATA5	ECM23	2	Yes	No
GATA5	SRD1	2	Yes	No
GATA6	GAT1	8	Yes	Yes
GATA6	GZF3	8	Yes	Yes
GATA6	DAL80	6	Yes	No
GATA6	GLN3	6	Yes	No
GATA6	ECM23	2	Yes	No
GATA6	SRD1	2	Yes	No
GATB	PET112	13	Yes	Yes
GATD1	HSP31	2	Yes	Yes
GATD1	HSP32	2	Yes	Yes
GATD1	HSP33	2	Yes	Yes
GATD1	SNO4	2	Yes	Yes
GBE1	GLC3	13	Yes	Yes
GBF1	GEA1	12	Yes	Yes
GBF1	GEA2	12	Yes	Yes
GBX1	HMRA1	2	No	Yes
GBX2	HMRA1	2	No	Yes
GCA	PEF1	5	No	Yes
GCAT	HEM1	4	No	Yes
GCH1	FOL2	12	Yes	Yes
GCK	HXK1	12	Yes	Yes
GCK	HXK2	12	Yes	Yes
GCK	GLK1	11	Yes	No
GCK	EMI2	10	Yes	No
GCK	NGK1	4	No	No
GCLC	GSH1	13	Yes	Yes
GCN1	GCN1	13	Yes	Yes
GCSH	GCV3	12	Yes	Yes
GDA	GUD1	13	Yes	Yes
GDAP1	CAM1	2	No	Yes
GDAP1	TEF4	2	No	Yes
GDAP1L1	CAM1	2	No	Yes
GDAP1L1	TEF4	2	No	Yes
GDE1	GDE1	2	No	Yes
GDE1	PGC1	2	No	Yes
GDI1	GDI1	13	Yes	Yes
GDI2	GDI1	13	Yes	Yes
GDPD1	PGC1	10	No	Yes
GDPD2	PGC1	3	No	Yes
GDPD3	PGC1	11	Yes	Yes
GDPD4	PGC1	3	No	Yes
GDPD5	PGC1	3	No	Yes
GEMIN5	RAD28	2	No	Yes
GEN1	YEN1	5	Yes	Yes
GET1	GET1	4	Yes	Yes
GET3	GET3	13	Yes	Yes
GET4	GET4	13	Yes	Yes
GFER	ERV1	12	Yes	Yes
GFER	ERV2	5	Yes	No
GFI1	RIM101	2	Yes	Yes
GFI1B	RIM101	2	Yes	Yes
GFM1	MEF1	13	Yes	Yes
GFM2	MEF2	12	Yes	Yes
GFOD1	GAL80	2	Yes	Yes
GFOD2	GAL80	2	Yes	Yes
GFPT1	GFA1	13	Yes	Yes
GFPT2	GFA1	12	No	Yes
GFUS	ARI1	2	No	Yes
GFUS	GRE2	2	No	Yes
GGA1	GGA2	7	Yes	Yes
GGA1	GGA1	6	No	No
GGA2	GGA2	7	Yes	Yes
GGA2	GGA1	6	No	No
GGA3	GGA1	7	Yes	Yes
GGA3	GGA2	7	Yes	Yes
GGPS1	BTS1	13	Yes	Yes
GGT1	ECM38	12	Yes	Yes
GGT2P	ECM38	8	No	Yes
GGT3P	ECM38	8	No	Yes
GGT5	ECM38	10	No	Yes
GGT6	ECM38	2	No	Yes
GGT7	ECM38	7	No	Yes
GGTLC1	ECM38	6	No	Yes
GGTLC2	ECM38	5	No	Yes
GGTLC3	ECM38	6	No	Yes
GID4	GID10	9	Yes	Yes
GID4	VID24	9	Yes	Yes
GID8	GID8	7	Yes	Yes
GIGYF1	SMY2	7	Yes	Yes
GIGYF1	SYH1	7	Yes	Yes
GIGYF2	SMY2	6	No	Yes
GIGYF2	SYH1	6	No	Yes
GINS1	PSF1	12	Yes	Yes
GINS2	PSF2	13	Yes	Yes
GINS3	PSF3	12	Yes	Yes
GINS4	SLD5	12	Yes	Yes
GIT1	SPA2	2	Yes	Yes
GIT1	SPH1	2	Yes	Yes
GIT2	SPA2	2	Yes	Yes
GIT2	SPH1	2	Yes	Yes
GK	GUT1	12	Yes	Yes
GK2	GUT1	12	Yes	Yes
GK3	GUT1	12	Yes	Yes
GK5	GUT1	2	No	Yes
GLDC	GCV2	13	Yes	Yes
GLE1	GLE1	9	Yes	Yes
GLI1	MIG3	2	Yes	Yes
GLI2	MIG3	2	Yes	Yes
GLI3	MIG3	2	Yes	Yes
GLIPR1	PRY1	5	No	Yes
GLIPR1	PRY2	4	No	No
GLIPR1L1	PRY1	5	No	Yes
GLIPR1L1	PRY2	4	No	No
GLIPR1L1	PRY3	4	No	No
GLIPR1L2	PRY1	2	No	Yes
GLIPR1L2	PRY2	2	No	Yes
GLIPR1L2	PRY3	2	No	Yes
GLIPR2	PRY1	8	Yes	Yes
GLIPR2	PRY2	8	Yes	Yes
GLIPR2	PRY3	6	Yes	No
GLIS1	MIG3	2	Yes	Yes
GLIS2	ACE2	2	Yes	Yes
GLIS2	SWI5	2	Yes	Yes
GLIS2	ZAP1	2	Yes	Yes
GLIS3	MIG3	2	Yes	Yes
GLMN	COQ9	2	No	Yes
GLO1	GLO1	9	Yes	Yes
GLOD4	GLO1	3	No	Yes
GLRX	GRX2	6	No	Yes
GLRX	GRX1	5	No	No
GLRX	GRX8	3	Yes	No
GLRX2	GRX1	8	Yes	Yes
GLRX2	GRX2	8	Yes	Yes
GLRX2	GRX6	4	Yes	No
GLRX2	GRX7	4	Yes	No
GLRX2	GRX8	3	Yes	No
GLRX3	GRX4	13	Yes	Yes
GLRX3	GRX3	12	Yes	No
GLRX5	GRX5	12	Yes	Yes
GLUD1	GDH1	9	Yes	Yes
GLUD1	GDH3	9	Yes	Yes
GLUD1	GDH2	2	Yes	No
GLUD2	GDH1	9	Yes	Yes
GLUD2	GDH3	9	Yes	Yes
GLUD2	GDH2	2	Yes	No
GLUL	GLN1	13	Yes	Yes
GLYR1	PDP3	3	Yes	Yes
GMFB	AIM7	10	Yes	Yes
GMFG	AIM7	9	No	Yes
GMIP	BAG7	4	Yes	Yes
GMIP	SAC7	4	Yes	Yes
GMPPA	GCD1	2	No	Yes
GMPPA	PSA1	2	No	Yes
GMPPB	PSA1	13	Yes	Yes
GMPR	IMD3	3	No	Yes
GMPR2	IMD2	4	No	Yes
GMPR2	IMD3	4	No	Yes
GMPR2	IMD4	4	No	Yes
GMPS	GUA1	13	Yes	Yes
GNA11	GPA1	7	No	Yes
GNA11	GPA2	7	No	Yes
GNA12	GPA1	5	No	Yes
GNA12	GPA2	4	No	No
GNA13	GPA1	5	No	Yes
GNA13	GPA2	4	No	No
GNA14	GPA1	8	No	Yes
GNA14	GPA2	8	No	Yes
GNA15	GPA1	5	No	Yes
GNA15	GPA2	5	No	Yes
GNAI1	GPA1	10	No	Yes
GNAI1	GPA2	10	No	Yes
GNAI2	GPA1	11	Yes	Yes
GNAI2	GPA2	10	Yes	Yes
GNAI3	GPA1	10	No	Yes
GNAI3	GPA2	10	No	Yes
GNAL	GPA1	4	No	Yes
GNAO1	GPA1	10	No	Yes
GNAO1	GPA2	9	No	No
GNAQ	GPA1	8	No	Yes
GNAQ	GPA2	8	No	Yes
GNAS	GPA1	3	No	Yes
GNAT1	GPA1	11	Yes	Yes
GNAT1	GPA2	10	Yes	Yes
GNAT2	GPA1	11	Yes	Yes
GNAT2	GPA2	10	Yes	Yes
GNAT3	GPA1	11	Yes	Yes
GNAT3	GPA2	10	Yes	Yes
GNAZ	GPA1	9	No	Yes
GNAZ	GPA2	9	No	Yes
GNB1	STE4	10	No	Yes
GNB1L	ASA1	5	Yes	Yes
GNB2	STE4	10	No	Yes
GNB3	STE4	11	No	Yes
GNB4	STE4	11	No	Yes
GNB5	STE4	12	Yes	Yes
GNL1	LSG1	2	No	Yes
GNL1	MTG1	2	No	Yes
GNL1	NOG2	2	No	Yes
GNL1	NUG1	2	No	Yes
GNL2	NOG2	12	Yes	Yes
GNL3	NUG1	10	Yes	Yes
GNL3L	NUG1	9	No	Yes
GNPDA2	SOL3	2	No	Yes
GNPDA2	SOL4	2	No	Yes
GNPNAT1	GNA1	13	Yes	Yes
GNPTG	GTB1	4	No	Yes
GOLPH3	VPS74	13	Yes	Yes
GOLPH3L	VPS74	13	Yes	Yes
GOLT1A	GOT1	12	Yes	Yes
GOLT1B	GOT1	12	Yes	Yes
GORASP1	GRH1	9	No	Yes
GORASP2	GRH1	10	Yes	Yes
GOSR1	GOS1	12	Yes	Yes
GOSR2	BOS1	6	Yes	Yes
GOT1	AAT2	13	Yes	Yes
GOT1	AAT1	4	No	No
GOT1L1	AAT2	6	No	Yes
GOT1L1	AAT1	4	No	No
GOT2	AAT2	10	No	Yes
GOT2	AAT1	8	Yes	No
GPAA1	GAA1	13	Yes	Yes
GPAT3	LOA1	2	Yes	Yes
GPAT4	LOA1	2	Yes	Yes
GPATCH1	WHI2	2	Yes	Yes
GPATCH11	CMG1	11	Yes	Yes
GPATCH2	SQS1	4	Yes	Yes
GPATCH2L	SQS1	3	No	Yes
GPATCH4	TMA23	5	Yes	Yes
GPCPD1	GDE1	8	Yes	Yes
GPCPD1	PHO81	2	Yes	No
GPD1	GPD1	13	Yes	Yes
GPD1	GPD2	13	Yes	Yes
GPD1L	GPD1	13	Yes	Yes
GPD1L	GPD2	13	Yes	Yes
GPD2	GUT2	13	Yes	Yes
GPI	PGI1	13	Yes	Yes
GPKOW	SPP2	7	Yes	Yes
GPN1	NPA3	13	Yes	Yes
GPN2	GPN2	13	Yes	Yes
GPN3	GPN3	13	Yes	Yes
GPR157	GPR1	2	Yes	Yes
GPR75-ASB3	HOS4	2	No	Yes
GPS1	PCI8	2	Yes	Yes
GPT	ALT1	13	Yes	Yes
GPT	ALT2	13	Yes	Yes
GPT2	ALT1	13	Yes	Yes
GPT2	ALT2	13	Yes	Yes
GPX1	GPX1	3	No	Yes
GPX1	GPX2	3	No	Yes
GPX1	HYR1	3	No	Yes
GPX2	GPX1	4	No	Yes
GPX2	GPX2	4	No	Yes
GPX2	HYR1	4	No	Yes
GPX3	GPX1	4	No	Yes
GPX3	GPX2	4	No	Yes
GPX3	HYR1	4	No	Yes
GPX4	GPX1	9	Yes	Yes
GPX4	GPX2	9	Yes	Yes
GPX4	HYR1	9	Yes	Yes
GPX5	GPX1	5	No	Yes
GPX5	GPX2	5	No	Yes
GPX5	HYR1	5	No	Yes
GPX6	GPX1	4	No	Yes
GPX6	GPX2	4	No	Yes
GPX6	HYR1	4	No	Yes
GPX7	GPX1	5	No	Yes
GPX7	GPX2	5	No	Yes
GPX7	HYR1	5	No	Yes
GPX8	GPX1	5	No	Yes
GPX8	GPX2	5	No	Yes
GPX8	HYR1	5	No	Yes
GRAMD1A	LAM5	12	Yes	Yes
GRAMD1A	LAM4	8	Yes	No
GRAMD1A	LAM6	8	No	No
GRAMD1A	YSP2	8	Yes	No
GRAMD1B	LAM5	12	Yes	Yes
GRAMD1B	LAM4	8	Yes	No
GRAMD1B	LAM6	8	No	No
GRAMD1B	YSP2	8	Yes	No
GRAMD1C	LAM5	12	Yes	Yes
GRAMD1C	LAM6	9	Yes	No
GRAMD1C	LAM4	8	Yes	No
GRAMD1C	YSP2	8	Yes	No
GRAMD2A	LAM4	5	No	Yes
GRAMD2A	LAM5	5	No	Yes
GRAMD2A	LAM6	5	No	Yes
GRAMD2A	YSP2	5	No	Yes
GRAMD2B	LAM4	5	No	Yes
GRAMD2B	LAM5	5	No	Yes
GRAMD2B	YSP2	5	No	Yes
GRAMD2B	LAM6	4	No	No
GRAP	LSB1	4	No	Yes
GRAP	SHO1	2	Yes	No
GRAP2	LSB1	4	No	Yes
GRAP2	SHO1	2	Yes	No
GRAPL	LSB1	4	No	Yes
GRAPL	SHO1	2	Yes	No
GRB2	LSB1	5	Yes	Yes
GRB2	PIN3	5	Yes	Yes
GRB2	SHO1	2	Yes	No
GRHPR	GOR1	6	Yes	Yes
GRHPR	FDH1	3	Yes	No
GRID2IP	BNI1	4	No	Yes
GRINA	BXI1	9	No	Yes
GRPEL1	MGE1	13	Yes	Yes
GRPEL2	MGE1	13	Yes	Yes
GRTP1	MSB4	12	Yes	Yes
GRTP1	MSB3	11	Yes	No
GRWD1	RRB1	13	Yes	Yes
GRXCR1	GRX6	2	No	Yes
GRXCR1	GRX7	2	No	Yes
GRXCR2	GRX6	2	No	Yes
GRXCR2	GRX7	2	No	Yes
GSC	PHO2	2	No	Yes
GSC	YHP1	2	No	Yes
GSC2	YHP1	2	No	Yes
GSK3A	RIM11	11	No	Yes
GSK3A	MRK1	10	Yes	No
GSK3A	MCK1	6	Yes	No
GSK3B	RIM11	12	Yes	Yes
GSK3B	MRK1	10	Yes	No
GSK3B	MCK1	5	No	No
GSPT1	SUP35	12	No	Yes
GSPT2	SUP35	13	Yes	Yes
GSR	GLR1	13	Yes	Yes
GSS	GSH2	13	Yes	Yes
GSTT1	GTT2	4	No	Yes
GSTT2	GTT2	4	No	Yes
GSTT2	URE2	4	No	No
GSTT2B	GTT2	6	Yes	Yes
GSTT2B	URE2	6	Yes	No
GSTT2B	GTT1	2	Yes	No
GSTT4	GTT2	6	Yes	Yes
GSTT4	URE2	5	No	No
GSTT4	GTT1	2	Yes	No
GSTZ1	CAM1	2	No	Yes
GSTZ1	TEF4	2	No	Yes
GSTZ1	URE2	2	No	Yes
GSX1	HMRA1	2	No	Yes
GSX2	HMRA1	2	No	Yes
GTF2A1	TOA1	11	Yes	Yes
GTF2A1L	TOA1	8	No	Yes
GTF2A2	TOA2	13	Yes	Yes
GTF2B	SUA7	13	Yes	Yes
GTF2E1	TFA1	12	Yes	Yes
GTF2E2	TFA2	11	Yes	Yes
GTF2F1	TFG1	5	Yes	Yes
GTF2F2	TFG2	12	Yes	Yes
GTF2H1	TFB1	11	Yes	Yes
GTF2H2	SSL1	13	Yes	Yes
GTF2H2C	SSL1	12	No	Yes
GTF2H2C_2	SSL1	9	No	Yes
GTF2H3	TFB4	13	Yes	Yes
GTF2H4	TFB2	13	Yes	Yes
GTF2H5	TFB5	10	Yes	Yes
GTF3C1	TFC3	2	Yes	Yes
GTF3C2	TFC6	3	Yes	Yes
GTF3C3	TFC4	12	Yes	Yes
GTF3C5	TFC1	9	Yes	Yes
GTPBP10	MTG2	8	No	Yes
GTPBP3	MSS1	13	Yes	Yes
GTPBP4	NOG1	13	Yes	Yes
GTPBP8	MRX8	10	Yes	Yes
GUCA1A	FRQ1	5	No	Yes
GUCA1ANB-GUCA1A	FRQ1	4	No	Yes
GUCA1B	FRQ1	5	No	Yes
GUCA1C	FRQ1	6	No	Yes
GUF1	GUF1	13	Yes	Yes
GUK1	GUK1	12	Yes	Yes
GYG1	GLG1	10	Yes	Yes
GYG1	GLG2	10	Yes	Yes
GYG1	GNT1	4	Yes	No
GYG1	IDS2	2	Yes	No
GYG2	GLG1	10	Yes	Yes
GYG2	GLG2	10	Yes	Yes
GYG2	GNT1	4	Yes	No
GYG2	IDS2	2	Yes	No
GYS1	GSY1	13	Yes	Yes
GYS1	GSY2	13	Yes	Yes
GYS2	GSY1	13	Yes	Yes
GYS2	GSY2	13	Yes	Yes
H1-0	HHO1	8	Yes	Yes
H1-1	HHO1	6	No	Yes
H1-10	HHO1	3	No	Yes
H1-2	HHO1	7	Yes	Yes
H1-3	HHO1	7	Yes	Yes
H1-4	HHO1	7	Yes	Yes
H1-5	HHO1	7	Yes	Yes
H1-6	HHO1	7	Yes	Yes
H1-8	HHO1	4	No	Yes
H1-9P	HHO1	2	No	Yes
H2AB1	HTA1	2	No	Yes
H2AB1	HTA2	2	No	Yes
H2AB2	HTA1	3	No	Yes
H2AB2	HTA2	3	No	Yes
H2AB3	HTA1	3	No	Yes
H2AB3	HTA2	3	No	Yes
H2AC1	HTA1	11	Yes	Yes
H2AC1	HTA2	10	No	No
H2AC11	HTA1	10	No	Yes
H2AC11	HTA2	10	No	Yes
H2AC12	HTA1	11	Yes	Yes
H2AC12	HTA2	10	No	No
H2AC13	HTA1	10	No	Yes
H2AC13	HTA2	10	No	Yes
H2AC14	HTA1	11	Yes	Yes
H2AC14	HTA2	10	No	No
H2AC15	HTA1	10	No	Yes
H2AC15	HTA2	10	No	Yes
H2AC16	HTA1	10	No	Yes
H2AC16	HTA2	10	No	Yes
H2AC17	HTA1	10	No	Yes
H2AC17	HTA2	10	No	Yes
H2AC18	HTA1	9	No	Yes
H2AC18	HTA2	9	No	Yes
H2AC19	HTA1	9	No	Yes
H2AC19	HTA2	9	No	Yes
H2AC20	HTA1	11	Yes	Yes
H2AC20	HTA2	11	Yes	Yes
H2AC21	HTA2	11	Yes	Yes
H2AC21	HTA1	10	No	No
H2AC25	HTA1	10	No	Yes
H2AC25	HTA2	10	No	Yes
H2AC4	HTA1	10	No	Yes
H2AC4	HTA2	10	No	Yes
H2AC6	HTA1	10	No	Yes
H2AC6	HTA2	10	No	Yes
H2AC7	HTA1	10	No	Yes
H2AC7	HTA2	10	No	Yes
H2AC8	HTA1	10	No	Yes
H2AC8	HTA2	10	No	Yes
H2AJ	HTA1	11	Yes	Yes
H2AJ	HTA2	11	Yes	Yes
H2AL3	HTA1	3	No	Yes
H2AL3	HTA2	3	No	Yes
H2AP	HTA1	2	No	Yes
H2AP	HTA2	2	No	Yes
H2AX	HTA1	11	Yes	Yes
H2AX	HTA2	11	Yes	Yes
H2AZ1	HTZ1	12	Yes	Yes
H2AZ2	HTZ1	12	Yes	Yes
H2BC1	HTB1	12	Yes	Yes
H2BC1	HTB2	12	Yes	Yes
H2BC10	HTB1	12	Yes	Yes
H2BC10	HTB2	12	Yes	Yes
H2BC11	HTB1	12	Yes	Yes
H2BC11	HTB2	12	Yes	Yes
H2BC12	HTB1	12	Yes	Yes
H2BC12	HTB2	12	Yes	Yes
H2BC12L	HTB1	7	No	Yes
H2BC12L	HTB2	7	No	Yes
H2BC13	HTB1	11	No	Yes
H2BC13	HTB2	11	No	Yes
H2BC14	HTB1	12	Yes	Yes
H2BC14	HTB2	12	Yes	Yes
H2BC15	HTB1	12	Yes	Yes
H2BC15	HTB2	12	Yes	Yes
H2BC17	HTB1	12	Yes	Yes
H2BC17	HTB2	12	Yes	Yes
H2BC18	HTB1	11	No	Yes
H2BC18	HTB2	11	No	Yes
H2BC19P	HTB2	4	No	Yes
H2BC20P	HTB2	4	No	Yes
H2BC21	HTB1	12	Yes	Yes
H2BC21	HTB2	12	Yes	Yes
H2BC26	HTB1	11	No	Yes
H2BC26	HTB2	11	No	Yes
H2BC3	HTB1	12	Yes	Yes
H2BC3	HTB2	12	Yes	Yes
H2BC4	HTB1	12	Yes	Yes
H2BC4	HTB2	12	Yes	Yes
H2BC5	HTB1	12	Yes	Yes
H2BC5	HTB2	12	Yes	Yes
H2BC6	HTB1	12	Yes	Yes
H2BC6	HTB2	12	Yes	Yes
H2BC7	HTB1	12	Yes	Yes
H2BC7	HTB2	12	Yes	Yes
H2BC8	HTB1	12	Yes	Yes
H2BC8	HTB2	12	Yes	Yes
H2BC9	HTB1	12	Yes	Yes
H2BC9	HTB2	12	Yes	Yes
H2BK1	HTB1	6	No	Yes
H2BK1	HTB2	5	No	No
H2BW1	HTB1	4	No	Yes
H2BW1	HTB2	4	No	Yes
H2BW2	HTB1	4	No	Yes
H2BW2	HTB2	4	No	Yes
H3-3A	HHT1	10	Yes	Yes
H3-3A	HHT2	10	Yes	Yes
H3-3B	HHT1	10	Yes	Yes
H3-3B	HHT2	10	Yes	Yes
H3-4	HHT1	7	No	Yes
H3-4	HHT2	7	No	Yes
H3-5	HHT1	9	No	Yes
H3-5	HHT2	9	No	Yes
H3-7	HHT1	9	Yes	Yes
H3-7	HHT2	9	No	No
H3C1	HHT1	8	No	Yes
H3C1	HHT2	8	No	Yes
H3C10	HHT1	8	No	Yes
H3C10	HHT2	8	No	Yes
H3C11	HHT1	8	No	Yes
H3C11	HHT2	8	No	Yes
H3C12	HHT1	8	No	Yes
H3C12	HHT2	8	No	Yes
H3C13	HHT1	9	No	Yes
H3C13	HHT2	9	No	Yes
H3C14	HHT1	9	No	Yes
H3C14	HHT2	9	No	Yes
H3C15	HHT1	9	No	Yes
H3C15	HHT2	9	No	Yes
H3C2	HHT1	8	No	Yes
H3C2	HHT2	8	No	Yes
H3C3	HHT1	8	No	Yes
H3C3	HHT2	8	No	Yes
H3C4	HHT1	8	No	Yes
H3C4	HHT2	8	No	Yes
H3C6	HHT1	8	No	Yes
H3C6	HHT2	8	No	Yes
H3C7	HHT1	8	No	Yes
H3C7	HHT2	8	No	Yes
H3C8	HHT1	8	No	Yes
H3C8	HHT2	8	No	Yes
H3Y1	HHT1	6	No	Yes
H3Y1	HHT2	6	No	Yes
H3Y2	HHT1	5	No	Yes
H3Y2	HHT2	5	No	Yes
H4C1	HHF1	11	No	Yes
H4C1	HHF2	11	Yes	Yes
H4C11	HHF1	11	No	Yes
H4C11	HHF2	11	Yes	Yes
H4C12	HHF1	11	No	Yes
H4C12	HHF2	11	Yes	Yes
H4C13	HHF1	11	No	Yes
H4C13	HHF2	11	Yes	Yes
H4C14	HHF1	11	No	Yes
H4C14	HHF2	11	Yes	Yes
H4C15	HHF1	11	No	Yes
H4C15	HHF2	11	Yes	Yes
H4C16	HHF1	11	Yes	Yes
H4C16	HHF2	11	Yes	No
H4C2	HHF1	11	No	Yes
H4C2	HHF2	11	Yes	Yes
H4C3	HHF1	11	No	Yes
H4C3	HHF2	11	Yes	Yes
H4C4	HHF1	11	No	Yes
H4C4	HHF2	11	Yes	Yes
H4C5	HHF1	11	No	Yes
H4C5	HHF2	11	Yes	Yes
H4C6	HHF1	11	No	Yes
H4C6	HHF2	11	Yes	Yes
H4C7	HHF1	4	No	Yes
H4C7	HHF2	4	No	No
H4C8	HHF1	10	No	Yes
H4C8	HHF2	10	No	Yes
H4C9	HHF1	11	No	Yes
H4C9	HHF2	11	Yes	Yes
H6PD	ZWF1	6	No	Yes
HAAO	BNA1	12	Yes	Yes
HABP4	STM1	2	Yes	Yes
HACD1	PHS1	13	Yes	Yes
HACD2	PHS1	13	Yes	Yes
HACD3	PHS1	3	No	Yes
HACD4	PHS1	4	No	Yes
HACE1	TOM1	5	No	Yes
HACL1	PXP1	13	Yes	Yes
HACL2	ILV2	6	Yes	Yes
HADHB	ERG10	3	No	Yes
HADHB	POT1	3	No	Yes
HAGH	GLO2	13	Yes	Yes
HAGH	GLO4	13	Yes	Yes
HAGHL	GLO2	13	Yes	Yes
HAGHL	GLO4	13	Yes	Yes
HAO1	CYB2	10	Yes	Yes
HAO2	CYB2	9	No	Yes
HARS1	HTS1	13	Yes	Yes
HARS2	HTS1	13	Yes	Yes
HAS1	CHS3	3	Yes	Yes
HAS1	CHS1	2	Yes	No
HAS2	CHS3	3	Yes	Yes
HAS2	CHS1	2	Yes	No
HAS3	CHS2	3	Yes	Yes
HAS3	CHS3	3	Yes	Yes
HAS3	CHS1	2	Yes	No
HASPIN	ALK2	7	Yes	Yes
HASPIN	ALK1	6	Yes	No
HAT1	HAT1	13	Yes	Yes
HBS1L	HBS1	9	Yes	Yes
HBS1L	SKI7	3	Yes	No
HCCS	CYC3	12	Yes	Yes
HCCS	CYT2	8	Yes	No
HCFC1	KEL1	2	No	Yes
HCFC1	KEL2	2	No	Yes
HCFC1	MDS3	2	Yes	Yes
HCFC1	PMD1	2	Yes	Yes
HCFC2	KEL1	3	No	Yes
HCFC2	KEL2	3	No	Yes
HCFC2	MDS3	2	Yes	No
HCFC2	PMD1	2	Yes	No
HCK	LSB1	2	No	Yes
HCK	SLA1	2	Yes	Yes
HCLS1	ABP1	4	No	Yes
HDAC1	RPD3	12	Yes	Yes
HDAC1	HOS2	5	No	No
HDAC10	HDA1	8	No	Yes
HDAC11	HOS1	2	No	Yes
HDAC11	HOS3	2	No	Yes
HDAC2	RPD3	11	No	Yes
HDAC3	HOS2	8	Yes	Yes
HDAC3	RPD3	4	No	No
HDAC4	HDA1	6	No	Yes
HDAC5	HDA1	5	No	Yes
HDAC6	HDA1	10	Yes	Yes
HDAC7	HDA1	5	No	Yes
HDAC8	HOS1	7	Yes	Yes
HDAC9	HDA1	4	No	Yes
HDAC9	HOS3	4	Yes	No
HDC	GAD1	2	Yes	Yes
HDDC2	YGK1	13	Yes	Yes
HDGF	IOC4	2	Yes	Yes
HDGFL1	IOC4	2	Yes	Yes
HDGFL2	IOC4	2	Yes	Yes
HDHD2	PHO13	3	No	Yes
HDHD3	DPI35	11	Yes	Yes
HDHD3	PHM8	2	Yes	No
HDHD3	SDT1	2	Yes	No
HDLBP	SCP160	13	Yes	Yes
HEATR1	UTP10	12	Yes	Yes
HEATR3	SYO1	7	Yes	Yes
HEATR5A	LAA1	8	Yes	Yes
HEATR5B	LAA1	8	Yes	Yes
HECTD1	UFD4	2	No	Yes
HECTD2	HUL4	10	Yes	Yes
HECTD3	TOM1	2	No	Yes
HECW1	RSP5	6	No	Yes
HECW2	RSP5	5	No	Yes
HELLS	IRC5	12	Yes	Yes
HELLS	ISW1	5	No	No
HELLS	ISW2	5	No	No
HELZ2	DSS1	2	No	Yes
HELZ2	ECM32	2	No	Yes
HELZ2	NAM7	2	No	Yes
HEMK1	MTQ1	10	Yes	Yes
HEMK2	MTQ2	13	Yes	Yes
HEPH	FET3	2	Yes	Yes
HEPH	FET5	2	Yes	Yes
HEPH	GMC1	2	Yes	Yes
HEPHL1	FET3	2	Yes	Yes
HEPHL1	FET5	2	Yes	Yes
HEPHL1	GMC1	2	Yes	Yes
HERC1	FMP25	2	No	Yes
HERC1	SRM1	2	No	Yes
HERC2	SAF1	2	No	Yes
HERC3	HUL4	5	No	Yes
HERC4	HUL4	5	No	Yes
HERC5	HUL4	4	No	Yes
HERC6	HUL4	4	No	Yes
HESX1	YHP1	2	No	Yes
HFM1	HFM1	11	Yes	Yes
HFM1	BRR2	4	No	No
HGH1	HGH1	13	Yes	Yes
HGS	VPS27	7	Yes	Yes
HHAT	GUP1	10	Yes	Yes
HHAT	GUP2	10	Yes	Yes
HHATL	GUP1	9	No	Yes
HHATL	GUP2	8	No	No
HHEX	HMRA1	4	Yes	Yes
HIBCH	EHD3	13	Yes	Yes
HID1	ECM30	5	Yes	Yes
HIGD1A	RCF1	7	No	Yes
HIGD1B	RCF1	5	No	Yes
HIGD1C	RCF1	5	No	Yes
HIGD2A	RCF1	10	Yes	Yes
HIGD2AP2	RCF1	2	No	Yes
HIGD2B	RCF1	8	No	Yes
HIKESHI	OPI10	12	Yes	Yes
HINT1	HNT1	10	Yes	Yes
HINT2	HNT1	10	Yes	Yes
HINT3	HNT1	2	No	Yes
HINT3	HNT2	2	No	Yes
HIP1	SLA2	12	Yes	Yes
HIP1R	SLA2	12	Yes	Yes
HIPK1	YAK1	5	No	Yes
HIPK2	YAK1	5	No	Yes
HIPK3	YAK1	4	No	Yes
HIPK4	YAK1	6	Yes	Yes
HIRA	HIR1	11	Yes	Yes
HIRA	HIR2	10	Yes	Yes
HK1	EMI2	8	No	Yes
HK1	GLK1	8	No	Yes
HK1	HXK1	8	No	Yes
HK1	HXK2	8	No	Yes
HK1	NGK1	6	Yes	No
HK2	EMI2	9	No	Yes
HK2	GLK1	9	No	Yes
HK2	HXK1	9	No	Yes
HK2	HXK2	9	No	Yes
HK2	NGK1	6	Yes	No
HK3	EMI2	9	No	Yes
HK3	GLK1	9	No	Yes
HK3	HXK1	9	No	Yes
HK3	HXK2	9	No	Yes
HK3	NGK1	5	No	No
HKDC1	EMI2	9	No	Yes
HKDC1	GLK1	9	No	Yes
HKDC1	HXK1	9	No	Yes
HKDC1	HXK2	9	No	Yes
HKDC1	NGK1	6	Yes	No
HLCS	BPL1	12	Yes	Yes
HLTF	RAD5	6	Yes	Yes
HLTF	RAD16	5	No	No
HLTF	ULS1	4	Yes	No
HLX	HMRA1	2	No	Yes
HM13	YPF1	11	Yes	Yes
HMBS	HEM3	13	Yes	Yes
HMG20A	ABF2	3	No	Yes
HMG20A	NHP10	3	No	Yes
HMG20B	ABF2	3	No	Yes
HMG20B	NHP10	3	No	Yes
HMGB1	NHP6A	7	No	Yes
HMGB1	ABF2	6	Yes	No
HMGB1	NHP6B	6	No	No
HMGB1	IXR1	4	No	No
HMGB1	NHP10	4	Yes	No
HMGB1	HMO1	3	No	No
HMGB1P1	NHP6A	3	No	Yes
HMGB2	NHP6A	8	Yes	Yes
HMGB2	NHP6B	7	Yes	No
HMGB2	ABF2	6	Yes	No
HMGB2	IXR1	4	No	No
HMGB2	NHP10	4	Yes	No
HMGB2	HMO1	3	No	No
HMGB3	NHP6A	8	No	Yes
HMGB3	NHP6B	7	Yes	No
HMGB3	ABF2	6	No	No
HMGB3	IXR1	4	No	No
HMGB3	NHP10	4	No	No
HMGB4	NHP6A	8	Yes	Yes
HMGB4	NHP6B	7	Yes	No
HMGB4	ABF2	5	No	No
HMGB4	IXR1	4	No	No
HMGB4	NHP10	4	Yes	No
HMGB4	HMO1	3	No	No
HMGCL	LYS20	4	Yes	Yes
HMGCL	LYS21	4	Yes	Yes
HMGCL	LEU4	2	Yes	No
HMGCL	LEU9	2	Yes	No
HMGCLL1	LYS20	4	Yes	Yes
HMGCLL1	LYS21	4	Yes	Yes
HMGCLL1	LEU4	2	Yes	No
HMGCLL1	LEU9	2	Yes	No
HMGCR	HMG1	12	Yes	Yes
HMGCR	HMG2	12	Yes	Yes
HMGCS1	ERG13	13	Yes	Yes
HMGCS2	ERG13	13	Yes	Yes
HMOX1	HMX1	10	Yes	Yes
HMOX2	HMX1	9	No	Yes
HMX1	HMRA1	2	No	Yes
HMX2	HMRA1	2	No	Yes
HMX3	HMRA1	2	No	Yes
HNRNPA0	HRP1	4	No	No
HNRNPA0	NOP13	4	Yes	Yes
HNRNPA0	SBP1	2	Yes	No
HNRNPA1	NOP13	3	No	Yes
HNRNPA1L2	NOP13	3	No	Yes
HNRNPA1L2	SBP1	2	Yes	No
HNRNPA1L3	NOP13	3	No	Yes
HNRNPA2B1	HRP1	4	No	No
HNRNPA2B1	NOP13	4	Yes	Yes
HNRNPA2B1	SBP1	2	Yes	No
HNRNPA3	NOP13	4	Yes	Yes
HNRNPA3	SBP1	2	Yes	No
HNRNPAB	HRP1	5	No	Yes
HNRNPAB	NOP13	4	Yes	Yes
HNRNPAB	SBP1	2	Yes	No
HNRNPC	NAB3	5	Yes	Yes
HNRNPCL1	NAB3	5	Yes	Yes
HNRNPCL2	NAB3	5	Yes	Yes
HNRNPCL3	NAB3	3	No	Yes
HNRNPCL4	NAB3	5	Yes	Yes
HNRNPD	HRP1	5	No	Yes
HNRNPD	NOP13	4	Yes	Yes
HNRNPD	SBP1	2	Yes	No
HNRNPDL	HRP1	5	No	Yes
HNRNPDL	NOP13	4	Yes	Yes
HNRNPDL	SBP1	2	Yes	No
HNRNPK	PBP2	6	No	Yes
HNRNPK	HEK2	5	No	No
HNRNPM	GBP2	6	Yes	Yes
HNRNPM	HRB1	5	No	No
HORMAD1	HOP1	10	Yes	Yes
HORMAD2	HOP1	10	Yes	Yes
HOXA1	HMRA1	2	No	Yes
HOXA10	HMRA1	2	No	Yes
HOXA11	HMRA1	3	No	Yes
HOXA13	HMRA1	2	No	Yes
HOXA2	HMRA1	3	No	Yes
HOXA3	HMRA1	3	No	Yes
HOXA4	HMRA1	3	No	Yes
HOXA5	HMRA1	3	No	Yes
HOXA6	HMRA1	3	No	Yes
HOXA7	HMRA1	3	No	Yes
HOXA9	HMRA1	2	No	Yes
HOXB1	HMRA1	2	No	Yes
HOXB13	HMRA1	2	No	Yes
HOXB2	HMRA1	3	No	Yes
HOXB3	HMRA1	3	No	Yes
HOXB4	HMRA1	3	No	Yes
HOXB5	HMRA1	3	No	Yes
HOXB6	HMRA1	3	No	Yes
HOXB7	HMRA1	3	No	Yes
HOXB8	HMRA1	2	No	Yes
HOXB9	HMRA1	2	No	Yes
HOXC10	HMRA1	2	No	Yes
HOXC11	HMRA1	2	No	Yes
HOXC11	YOX1	2	No	Yes
HOXC12	HMRA1	2	No	Yes
HOXC13	HMRA1	2	No	Yes
HOXC4	HMRA1	3	No	Yes
HOXC5	HMRA1	3	No	Yes
HOXC6	HMRA1	3	No	Yes
HOXC8	HMRA1	2	No	Yes
HOXC9	HMRA1	2	No	Yes
HOXD1	HMRA1	2	No	Yes
HOXD11	HMRA1	2	No	Yes
HOXD12	HMRA1	2	No	Yes
HOXD3	HMRA1	3	No	Yes
HOXD4	HMRA1	3	No	Yes
HOXD8	HMRA1	2	No	Yes
HOXD9	HMRA1	2	No	Yes
HPCA	FRQ1	8	No	Yes
HPCAL1	FRQ1	9	No	Yes
HPCAL4	FRQ1	9	No	Yes
HRAS	RAS1	4	No	Yes
HRAS	RAS2	4	No	Yes
HSCB	JAC1	11	Yes	Yes
HSD11B1	IRC24	6	Yes	Yes
HSD11B1	NRE1	5	Yes	No
HSD11B1L	IRC24	4	No	Yes
HSD11B1L	NRE1	4	No	Yes
HSD11B2	AYR1	2	No	Yes
HSD17B1	AYR1	4	Yes	Yes
HSD17B11	TDA5	8	No	No
HSD17B11	SRL4	3	Yes	No
HSD17B12	IFA38	11	Yes	Yes
HSD17B13	TDA5	8	No	No
HSD17B13	SRL4	3	Yes	No
HSD17B14	IRC24	2	No	Yes
HSD17B14	NRE1	2	No	Yes
HSD17B14	OAR1	2	No	Yes
HSD17B2	AYR1	2	No	Yes
HSD17B3	IFA38	10	No	Yes
HSD17B4	FOX2	12	Yes	Yes
HSD17B6	AYR1	2	No	Yes
HSD17B7	ERG27	12	Yes	Yes
HSD17B8	IRC24	2	No	Yes
HSD17B8	NRE1	2	No	Yes
HSD17B8	OAR1	2	No	Yes
HSD3B1	ERG26	4	No	Yes
HSD3B2	ERG26	4	No	Yes
HSD3B7	ERG26	4	No	Yes
HSDL1	IFA38	11	Yes	Yes
HSF1	HSF1	10	Yes	Yes
HSF1	SFL1	5	Yes	No
HSF1	SKN7	5	Yes	No
HSF1	MGA1	4	Yes	No
HSF1	HMS2	3	No	No
HSF2	HSF1	9	No	Yes
HSF2	SFL1	5	Yes	No
HSF2	SKN7	5	Yes	No
HSF2	HMS2	4	Yes	No
HSF2	MGA1	4	Yes	No
HSF4	HSF1	10	Yes	Yes
HSF4	SFL1	5	Yes	No
HSF4	SKN7	5	Yes	No
HSF4	HMS2	4	Yes	No
HSF4	MGA1	4	Yes	No
HSF5	HMS2	3	No	Yes
HSF5	HSF1	3	No	Yes
HSF5	SFL1	3	No	Yes
HSF5	SKN7	3	No	Yes
HSFX1	HSF1	4	No	Yes
HSFX1	SKN7	4	No	Yes
HSFX1	HMS2	3	No	No
HSFX1	MGA1	3	No	No
HSFX1	SFL1	3	No	No
HSFX2	HSF1	4	No	Yes
HSFX2	SKN7	4	No	Yes
HSFX3	HSF1	4	No	Yes
HSFX3	SKN7	4	No	Yes
HSFX3	HMS2	3	No	No
HSFX3	MGA1	3	No	No
HSFX3	SFL1	3	No	No
HSFX4	HSF1	4	No	Yes
HSFX4	SKN7	4	No	Yes
HSFX4	HMS2	3	No	No
HSFX4	MGA1	3	No	No
HSFX4	SFL1	3	No	No
HSFY1	HSF1	4	No	Yes
HSFY1	SKN7	4	No	Yes
HSFY1	HMS2	3	No	No
HSFY1	MGA1	3	No	No
HSFY1	SFL1	3	No	No
HSFY2	HSF1	4	No	Yes
HSFY2	SKN7	4	No	Yes
HSP90AA1	HSC82	12	Yes	Yes
HSP90AA1	HSP82	12	Yes	Yes
HSP90AA2P	HSC82	3	No	Yes
HSP90AA2P	HSP82	3	No	Yes
HSP90AA4P	HSC82	3	No	Yes
HSP90AA4P	HSP82	3	No	Yes
HSP90AA5P	HSC82	3	No	Yes
HSP90AA5P	HSP82	3	No	Yes
HSP90AB1	HSC82	12	Yes	Yes
HSP90AB1	HSP82	12	Yes	Yes
HSP90AB2P	HSC82	2	No	Yes
HSP90AB2P	HSP82	2	No	Yes
HSP90AB3P	HSC82	7	No	Yes
HSP90AB3P	HSP82	7	No	Yes
HSP90AB4P	HSC82	5	No	Yes
HSP90AB4P	HSP82	5	No	Yes
HSP90B1	HSC82	5	No	Yes
HSP90B1	HSP82	5	No	Yes
HSPA13	SSA1	5	No	Yes
HSPA13	SSA2	5	No	Yes
HSPA13	SSA3	5	No	Yes
HSPA13	SSA4	5	No	Yes
HSPA13	SSB1	4	No	No
HSPA13	SSB2	4	No	No
HSPA14	SSZ1	7	Yes	Yes
HSPA14	SSA1	4	No	No
HSPA14	SSA2	4	No	No
HSPA14	SSA3	4	No	No
HSPA14	SSA4	4	No	No
HSPA14	SSB1	4	No	No
HSPA14	SSB2	4	No	No
HSPA1A	SSA1	12	No	Yes
HSPA1A	SSA2	12	No	Yes
HSPA1A	SSA3	12	No	Yes
HSPA1A	SSA4	12	No	Yes
HSPA1A	SSB1	4	No	No
HSPA1A	SSB2	4	No	No
HSPA1B	SSA1	12	No	Yes
HSPA1B	SSA2	12	No	Yes
HSPA1B	SSA3	12	No	Yes
HSPA1B	SSA4	12	No	Yes
HSPA1B	SSB1	4	No	No
HSPA1B	SSB2	4	No	No
HSPA1L	SSA1	13	Yes	Yes
HSPA1L	SSA2	13	Yes	Yes
HSPA1L	SSA3	13	Yes	Yes
HSPA1L	SSA4	13	Yes	Yes
HSPA1L	SSB1	5	No	No
HSPA1L	SSB2	5	No	No
HSPA2	SSA1	12	No	Yes
HSPA2	SSA2	12	No	Yes
HSPA2	SSA3	12	No	Yes
HSPA2	SSA4	12	No	Yes
HSPA2	SSB1	6	Yes	No
HSPA2	SSB2	6	Yes	No
HSPA4	SSE1	13	Yes	Yes
HSPA4	SSE2	13	Yes	Yes
HSPA4L	SSE1	13	Yes	Yes
HSPA4L	SSE2	13	Yes	Yes
HSPA5	KAR2	13	Yes	Yes
HSPA5	SSA1	4	No	No
HSPA5	SSA2	4	No	No
HSPA5	SSA3	4	No	No
HSPA5	SSA4	4	No	No
HSPA6	SSA1	13	Yes	Yes
HSPA6	SSA2	13	Yes	Yes
HSPA6	SSA3	13	Yes	Yes
HSPA6	SSA4	13	Yes	Yes
HSPA6	SSB1	5	No	No
HSPA6	SSB2	5	No	No
HSPA6	KAR2	4	No	No
HSPA7	SSA1	2	No	Yes
HSPA7	SSA2	2	No	Yes
HSPA7	SSA3	2	No	Yes
HSPA7	SSA4	2	No	Yes
HSPA7	SSZ1	2	No	Yes
HSPA8	SSA1	13	Yes	Yes
HSPA8	SSA2	13	Yes	Yes
HSPA8	SSA3	13	Yes	Yes
HSPA8	SSA4	13	Yes	Yes
HSPA8	SSB1	5	No	No
HSPA8	SSB2	5	No	No
HSPA8	KAR2	4	No	No
HSPA9	ECM10	13	Yes	Yes
HSPA9	SSC1	13	Yes	Yes
HSPA9	SSQ1	5	Yes	No
HSPBP1	FES1	8	Yes	Yes
HSPD1	HSP60	13	Yes	Yes
HSPD1	TCM62	3	Yes	No
HSPE1	HSP10	12	Yes	Yes
HSPE1-MOB4	HSP10	2	No	Yes
HSPH1	SSE1	13	Yes	Yes
HSPH1	SSE2	13	Yes	Yes
HTATIP2	FMP52	12	Yes	Yes
HTATIP2	HIM1	3	Yes	No
HTATSF1	CUS2	11	Yes	Yes
HTD2	FOX2	3	No	Yes
HTRA1	NMA111	6	Yes	Yes
HTRA2	NMA111	6	Yes	Yes
HTRA3	NMA111	6	Yes	Yes
HTRA4	NMA111	6	Yes	Yes
HUNK	FRK1	3	No	Yes
HUNK	KIN4	3	No	Yes
HUS1	MEC3	2	Yes	Yes
HUS1B	MEC3	2	Yes	Yes
HUWE1	TOM1	11	Yes	Yes
HYOU1	LHS1	9	Yes	Yes
IAH1	IAH1	13	Yes	Yes
IARS1	ILS1	13	Yes	Yes
IARS2	ISM1	13	Yes	Yes
IBA57	IBA57	12	Yes	Yes
ICMT	STE14	13	Yes	Yes
IDE	STE23	13	Yes	Yes
IDE	AXL1	4	Yes	No
IDH1	IDP1	12	Yes	Yes
IDH1	IDP2	12	Yes	Yes
IDH1	IDP3	12	Yes	Yes
IDH2	IDP1	11	No	Yes
IDH2	IDP2	11	No	Yes
IDH2	IDP3	11	No	Yes
IDH3A	IDH2	13	Yes	Yes
IDH3A	IDH1	5	No	No
IDH3A	LYS12	5	Yes	No
IDH3B	IDH1	13	Yes	Yes
IDH3B	LYS12	6	Yes	No
IDH3B	IDH2	5	No	No
IDH3B	LEU2	3	Yes	No
IDH3G	IDH1	12	No	Yes
IDH3G	LYS12	6	Yes	No
IDH3G	IDH2	5	No	No
IDH3G	LEU2	3	Yes	No
IDI1	IDI1	13	Yes	Yes
IDI2	IDI1	13	Yes	Yes
IDO1	BNA2	11	Yes	Yes
IDO2	BNA2	11	Yes	Yes
IER3IP1	YOS1	13	Yes	Yes
IFIH1	MPH1	5	No	Yes
IFIH1	YRF1-1	2	Yes	No
IFIH1	YRF1-2	2	Yes	No
IFIH1	YRF1-3	2	Yes	No
IFIH1	YRF1-4	2	Yes	No
IFIH1	YRF1-5	2	Yes	No
IFIH1	YRF1-6	2	Yes	No
IFIH1	YRF1-7	2	Yes	No
IFIH1	YRF1-8	2	Yes	No
IGBP1	TAP42	13	Yes	Yes
IGBP1C	TAP42	12	No	Yes
IGF2BP1	HEK2	2	No	Yes
IGF2BP1	PBP2	2	No	Yes
IGF2BP2	HEK2	2	No	Yes
IGF2BP2	PBP2	2	No	Yes
IGF2BP3	HEK2	2	No	Yes
IGF2BP3	PBP2	2	No	Yes
IGF2R	MRL1	7	Yes	Yes
IGHMBP2	HCS1	13	Yes	Yes
IL11RA	GAL7	2	No	Yes
IL4I1	FMS1	4	No	Yes
ILKAP	PTC4	4	No	Yes
IMMP1L	IMP1	13	Yes	Yes
IMMP1L	IMP2	4	No	No
IMMP2L	IMP2	12	Yes	Yes
IMMT	MIC60	6	Yes	Yes
IMP3	IMP3	13	Yes	Yes
IMP4	IMP4	13	Yes	Yes
IMPA1	INM1	12	No	Yes
IMPA1	INM2	12	No	Yes
IMPA1	MET22	3	Yes	No
IMPA2	INM1	13	Yes	Yes
IMPA2	INM2	13	Yes	Yes
IMPA2	MET22	3	Yes	No
IMPACT	YIH1	12	Yes	Yes
IMPDH1	IMD2	13	Yes	Yes
IMPDH1	IMD3	13	Yes	Yes
IMPDH1	IMD4	13	Yes	Yes
IMPDH2	IMD2	11	No	Yes
IMPDH2	IMD3	11	No	Yes
IMPDH2	IMD4	11	No	Yes
INCENP	SLI15	3	Yes	Yes
INF2	BNI1	4	No	Yes
ING1	PHO23	10	Yes	Yes
ING1	YNG1	7	Yes	No
ING1	YNG2	6	No	No
ING2	PHO23	9	No	Yes
ING2	YNG1	7	Yes	No
ING2	YNG2	7	No	No
ING3	PHO23	8	No	No
ING3	YNG2	8	Yes	Yes
ING3	YNG1	6	Yes	No
ING4	PHO23	10	Yes	Yes
ING4	YNG2	8	Yes	No
ING4	YNG1	7	Yes	No
ING5	PHO23	8	No	Yes
ING5	YNG2	8	Yes	Yes
ING5	YNG1	7	Yes	No
INO80	INO80	11	Yes	Yes
INO80B	IES2	3	Yes	Yes
INO80C	IES6	10	Yes	Yes
INPP1	MET22	2	No	Yes
INPP5B	INP51	3	No	Yes
INPP5B	INP54	3	No	Yes
INPP5D	INP51	2	No	Yes
INPP5D	INP52	2	No	Yes
INPP5D	INP53	2	No	Yes
INPP5D	INP54	2	No	Yes
INPP5E	INP54	3	No	Yes
INPP5F	INP52	4	No	Yes
INPP5F	INP53	4	No	Yes
INPP5J	INP54	3	No	Yes
INPP5K	INP54	4	Yes	Yes
INPPL1	INP51	2	No	Yes
INPPL1	INP52	2	No	Yes
INPPL1	INP53	2	No	Yes
INPPL1	INP54	2	No	Yes
INSIG1	NSG1	6	Yes	Yes
INSIG1	NSG2	6	Yes	Yes
INSIG2	NSG1	6	Yes	Yes
INSIG2	NSG2	6	Yes	Yes
INTS11	YSH1	3	No	Yes
IP6K1	KCS1	11	Yes	Yes
IP6K1	ARG82	6	Yes	No
IP6K2	KCS1	11	Yes	Yes
IP6K2	ARG82	6	Yes	No
IP6K3	KCS1	11	Yes	Yes
IP6K3	ARG82	6	Yes	No
IPCEF1	BOI1	2	Yes	Yes
IPCEF1	BOI2	2	No	Yes
IPMK	ARG82	5	No	Yes
IPO11	KAP120	12	Yes	Yes
IPO11-LRRC70	KAP120	2	No	Yes
IPO13	KAP122	6	Yes	Yes
IPO13	MTR10	3	No	No
IPO4	KAP123	12	Yes	Yes
IPO5	PSE1	13	Yes	Yes
IPO7	NMD5	13	Yes	Yes
IPO7	SXM1	10	Yes	No
IPO8	NMD5	13	Yes	Yes
IPO8	SXM1	10	Yes	No
IPO9	KAP114	13	Yes	Yes
IQGAP1	IQG1	12	Yes	Yes
IQGAP2	IQG1	12	Yes	Yes
IQGAP3	IQG1	12	Yes	Yes
IQSEC1	GEA1	3	No	Yes
IQSEC1	GEA2	3	No	Yes
IQSEC1	SEC7	3	No	Yes
IQSEC1	SYT1	3	No	Yes
IQSEC2	GEA1	3	No	Yes
IQSEC2	GEA2	3	No	Yes
IQSEC2	SEC7	3	No	Yes
IQSEC2	SYT1	3	No	Yes
IQSEC3	GEA1	3	No	Yes
IQSEC3	GEA2	3	No	Yes
IQSEC3	SEC7	3	No	Yes
IQSEC3	SYT1	3	No	Yes
IRAK1	ALK1	2	No	Yes
IRAK1	ALK2	2	No	Yes
IRAK2	ALK1	2	No	Yes
IRAK2	ALK2	2	No	Yes
IRAK3	ALK1	2	No	Yes
IRAK3	ALK2	2	No	Yes
IREB2	ACO2	3	No	Yes
IREB2	LYS4	3	Yes	Yes
IREB2	LEU1	2	Yes	No
IRX1	CUP9	3	No	Yes
IRX1	TOS8	3	No	Yes
IRX2	CUP9	3	No	Yes
IRX2	TOS8	3	No	Yes
IRX3	CUP9	3	No	Yes
IRX3	TOS8	3	No	Yes
IRX4	TOS8	3	No	Yes
IRX5	CUP9	3	No	Yes
IRX5	TOS8	3	No	Yes
IRX6	CUP9	3	No	Yes
IRX6	TOS8	3	No	Yes
ISCA1	ISA1	10	Yes	Yes
ISCA2	ISA2	12	Yes	Yes
ISCU	ISU1	13	Yes	Yes
ISCU	ISU2	13	Yes	Yes
ISG15	RUB1	2	No	Yes
ISG15	UBI4	2	No	Yes
ISG20	REX4	3	No	Yes
ISG20L2	REX4	5	No	Yes
IST1	IST1	11	Yes	Yes
ISX	PHO2	2	No	Yes
ISX	YHP1	2	No	Yes
ISY1	ISY1	11	Yes	Yes
ISY1-RAB43	ISY1	11	No	Yes
ISYNA1	INO1	13	Yes	Yes
ITCH	RSP5	7	No	Yes
ITFG2	IMP2	2	No	Yes
ITIH1	FAR1	2	Yes	Yes
ITIH1	STE5	2	Yes	Yes
ITIH2	FAR1	2	Yes	Yes
ITIH2	STE5	2	Yes	Yes
ITIH3	FAR1	2	Yes	Yes
ITIH3	STE5	2	Yes	Yes
ITIH4	FAR1	2	Yes	Yes
ITIH4	STE5	2	Yes	Yes
ITIH5	FAR1	2	Yes	Yes
ITIH5	STE5	2	Yes	Yes
ITIH6	FAR1	2	Yes	Yes
ITIH6	STE5	2	Yes	Yes
ITK	LSB1	2	No	Yes
ITPA	HAM1	12	Yes	Yes
ITPKA	ARG82	3	No	Yes
ITPKB	ARG82	3	No	Yes
ITPKC	ARG82	3	No	Yes
ITSN1	PAN1	4	No	Yes
ITSN1	EDE1	3	No	Yes
ITSN2	PAN1	4	No	Yes
ITSN2	EDE1	3	No	Yes
IWS1	SPN1	10	Yes	Yes
JADE1	NTO1	7	No	Yes
JADE2	NTO1	6	No	Yes
JADE3	NTO1	6	No	Yes
JARID2	ECM5	3	No	Yes
JAZF1	SFP1	6	Yes	Yes
JMJD7-PLA2G4B	PLB3	4	No	Yes
JRK	PDC2	7	No	Yes
JRKL	PDC2	8	No	Yes
JUN	GCN4	4	Yes	Yes
JUNB	GCN4	4	Yes	Yes
JUND	GCN4	4	Yes	Yes
KALRN	CDC24	2	No	Yes
KARS1	KRS1	13	Yes	Yes
KARS1	MSK1	5	Yes	No
KAT2A	GCN5	10	Yes	Yes
KAT2A	SPT7	2	Yes	No
KAT2B	GCN5	9	No	Yes
KAT2B	SPT7	2	Yes	No
KAT5	ESA1	13	Yes	Yes
KAT5	SAS3	6	No	No
KAT5	SAS2	5	No	No
KAT6A	SAS3	7	No	Yes
KAT6A	ESA1	5	No	No
KAT6A	SAS2	4	No	No
KAT6B	SAS3	8	No	Yes
KAT6B	ESA1	5	No	No
KAT6B	SAS2	4	No	No
KAT7	SAS3	9	Yes	Yes
KAT7	SAS2	5	No	No
KAT7	ESA1	4	No	No
KAT8	SAS2	6	Yes	Yes
KAT8	SAS3	6	No	No
KAT8	ESA1	5	No	No
KATNA1	SAP1	2	No	Yes
KATNA1	YTA6	2	No	Yes
KATNAL1	SAP1	2	No	Yes
KATNAL1	YTA6	2	No	Yes
KATNAL2	SAP1	3	No	Yes
KATNAL2	YTA6	3	No	Yes
KCNAB1	ARA2	2	Yes	No
KCNAB2	ARA2	2	Yes	No
KCNIP1	FRQ1	7	No	Yes
KCNIP2	FRQ1	6	No	Yes
KCNIP3	FRQ1	6	No	Yes
KCNIP4	FRQ1	7	No	Yes
KCNK1	TOK1	7	No	Yes
KCNK10	TOK1	8	Yes	Yes
KCNK12	TOK1	5	No	Yes
KCNK13	TOK1	5	No	Yes
KCNK15	TOK1	6	No	Yes
KCNK16	TOK1	7	No	Yes
KCNK17	TOK1	7	No	Yes
KCNK18	TOK1	4	No	Yes
KCNK2	TOK1	7	No	Yes
KCNK3	TOK1	6	No	Yes
KCNK4	TOK1	7	No	Yes
KCNK5	TOK1	7	No	Yes
KCNK6	TOK1	7	No	Yes
KCNK7	TOK1	6	No	Yes
KCNK9	TOK1	6	No	Yes
KDELR1	ERD2	12	No	Yes
KDELR2	ERD2	13	Yes	Yes
KDELR3	ERD2	13	Yes	Yes
KDM1A	FMS1	5	No	Yes
KDM1B	FMS1	6	No	Yes
KDM2A	JHD1	8	No	Yes
KDM2B	JHD1	9	Yes	Yes
KDM4A	RPH1	10	Yes	Yes
KDM4A	GIS1	8	Yes	No
KDM4B	RPH1	10	Yes	Yes
KDM4B	GIS1	8	Yes	No
KDM4C	RPH1	9	No	Yes
KDM4C	GIS1	8	Yes	No
KDM4D	RPH1	9	No	Yes
KDM4D	GIS1	7	No	No
KDM4E	RPH1	9	No	Yes
KDM4E	GIS1	7	No	No
KDM4F	RPH1	10	Yes	Yes
KDM4F	GIS1	8	Yes	No
KDM5A	JHD2	10	Yes	Yes
KDM5A	ECM5	8	Yes	No
KDM5B	JHD2	10	Yes	Yes
KDM5B	ECM5	7	No	No
KDM5C	JHD2	10	Yes	Yes
KDM5C	ECM5	7	No	No
KDM5D	JHD2	9	No	Yes
KDM5D	ECM5	6	No	No
KDM6A	CYC8	8	Yes	Yes
KDM6B	CYC8	7	No	Yes
KDM7A	JHD1	8	No	Yes
KDSR	TSC10	10	Yes	Yes
KGD4	KGD4	2	Yes	Yes
KHDRBS1	MSL5	3	No	Yes
KHDRBS2	MSL5	3	No	Yes
KHDRBS3	MSL5	2	No	Yes
KHSRP	PBP2	2	No	Yes
KIF11	KIP1	9	Yes	Yes
KIF11	CIN8	5	Yes	No
KIF13A	SMY1	2	No	Yes
KIF13B	SMY1	2	No	Yes
KIF15	SMY1	2	No	Yes
KIF16B	SMY1	2	No	Yes
KIF17	KIP2	2	No	Yes
KIF17	KIP3	2	No	Yes
KIF18A	KIP3	10	Yes	Yes
KIF18B	KIP3	9	No	Yes
KIF19	KIP3	4	No	Yes
KIF1A	SMY1	2	No	Yes
KIF1B	SMY1	2	No	Yes
KIF1C	SMY1	2	No	Yes
KIF20A	SMY1	3	No	Yes
KIF20B	SMY1	2	No	Yes
KIF21B	KIP1	2	No	Yes
KIF21B	KIP2	2	No	Yes
KIF21B	KIP3	2	No	Yes
KIF21B	SMY1	2	No	Yes
KIF22	KAR3	2	No	Yes
KIF22	KIP2	2	No	Yes
KIF22	KIP3	2	No	Yes
KIF25	KAR3	2	No	Yes
KIF25	SMY1	2	No	Yes
KIF27	KIP3	3	No	Yes
KIF3A	KIP2	2	No	Yes
KIF3B	CIN8	2	No	Yes
KIF3B	SMY1	2	No	Yes
KIF3C	SMY1	2	No	Yes
KIF4A	SMY1	2	No	Yes
KIF4B	KIP3	2	No	Yes
KIF4B	SMY1	2	No	Yes
KIF5A	SMY1	4	Yes	Yes
KIF5B	SMY1	4	Yes	Yes
KIF5C	SMY1	4	Yes	Yes
KIF7	KIP2	2	No	Yes
KIF7	KIP3	2	No	Yes
KIF7	SMY1	2	No	Yes
KIFC1	KAR3	7	Yes	Yes
KIFC2	KAR3	3	No	Yes
KIFC3	KAR3	5	No	Yes
KIN	RTS2	10	Yes	Yes
KLF1	FZF1	2	No	Yes
KLF12	FZF1	2	No	Yes
KLF13	FZF1	2	No	Yes
KLF3	FZF1	3	Yes	Yes
KLF4	FZF1	2	No	Yes
KLF6	FZF1	2	No	Yes
KLF7	FZF1	2	No	Yes
KLF8	FZF1	2	No	Yes
KLF9	RIM101	2	Yes	Yes
KLHDC1	KEL1	3	No	Yes
KLHDC1	KEL2	3	No	Yes
KLHDC1	MDS3	2	Yes	No
KLHDC1	PMD1	2	Yes	No
KLHDC10	KEL1	3	No	Yes
KLHDC10	KEL2	3	No	Yes
KLHDC10	MDS3	2	Yes	No
KLHDC10	PMD1	2	Yes	No
KLHDC2	KEL1	3	No	Yes
KLHDC2	KEL2	3	No	Yes
KLHDC2	MDS3	2	Yes	No
KLHDC2	PMD1	2	Yes	No
KLHDC3	KEL1	3	No	Yes
KLHDC4	KEL3	12	Yes	Yes
KLHDC9	KEL1	2	No	Yes
KLHDC9	KEL2	2	No	Yes
KLHDC9	MDS3	2	Yes	Yes
KLHDC9	PMD1	2	Yes	Yes
KMO	BNA4	13	Yes	Yes
KMT2A	SET1	3	No	Yes
KMT2B	SET1	3	No	Yes
KMT2C	SET1	2	No	Yes
KMT2C	SET2	2	No	Yes
KMT2D	SET1	3	No	Yes
KMT2E	SET3	4	Yes	Yes
KMT2E	SET4	4	Yes	No
KPNA1	SRP1	12	No	Yes
KPNA2	SRP1	8	No	Yes
KPNA3	SRP1	9	No	Yes
KPNA4	SRP1	9	No	Yes
KPNA5	SRP1	13	Yes	Yes
KPNA6	SRP1	12	No	Yes
KPNA7	SRP1	6	No	Yes
KPNB1	KAP95	13	Yes	Yes
KRAS	RAS1	4	No	Yes
KRAS	RAS2	4	No	Yes
KRAS	RSR1	4	No	Yes
KRBA2	FOB1	2	Yes	Yes
KREMEN1	SLG1	2	No	Yes
KREMEN2	SLG1	3	Yes	Yes
KRI1	KRI1	13	Yes	Yes
KRR1	KRR1	13	Yes	Yes
KRT10	ASF2	2	Yes	Yes
KRT12	ASF2	2	Yes	Yes
KRT13	ASF2	2	Yes	Yes
KRT14	ASF2	2	Yes	Yes
KRT15	ASF2	2	Yes	Yes
KRT16	ASF2	2	Yes	Yes
KRT17	ASF2	2	Yes	Yes
KRT19	ASF2	2	Yes	Yes
KRT20	ASF2	2	Yes	Yes
KRT24	ASF2	2	Yes	Yes
KRT25	ASF2	2	Yes	Yes
KRT26	ASF2	2	Yes	Yes
KRT27	ASF2	2	Yes	Yes
KRT28	ASF2	2	Yes	Yes
KRT31	ASF2	2	Yes	Yes
KRT32	ASF2	2	Yes	Yes
KRT33A	ASF2	2	Yes	Yes
KRT33B	ASF2	2	Yes	Yes
KRT34	ASF2	2	No	Yes
KRT35	ASF2	2	Yes	Yes
KRT36	ASF2	2	Yes	Yes
KRT38	ASF2	2	Yes	Yes
KRT40	ASF2	2	Yes	Yes
KRT9	ASF2	2	Yes	Yes
KTI12	KTI12	12	Yes	Yes
KY	CYK3	4	Yes	Yes
KYAT1	BNA3	13	Yes	Yes
KYAT1-SPOUT1	UPA1	3	No	Yes
KYAT1-SPOUT1	UPA2	3	No	Yes
KYAT3	BNA3	13	Yes	Yes
KYNU	BNA5	13	Yes	Yes
LAGE3	PCC1	7	Yes	Yes
LARP1	SRO9	7	Yes	Yes
LARP1	SLF1	6	Yes	No
LARP1B	SRO9	7	Yes	Yes
LARP1B	SLF1	6	Yes	No
LARP6	LHP1	2	No	Yes
LARP7	LHP1	5	No	Yes
LARS1	CDC60	13	Yes	Yes
LARS2	NAM2	13	Yes	Yes
LAS1L	LAS1	9	Yes	Yes
LASP1	ABP1	2	No	Yes
LATS1	CBK1	4	No	Yes
LATS2	CBK1	4	No	Yes
LBR	ERG24	12	Yes	Yes
LBR	ERG4	6	Yes	No
LBX1	HMRA1	2	No	Yes
LBX2	HMRA1	2	No	Yes
LCAT	LRO1	8	Yes	Yes
LCK	LSB1	2	No	Yes
LCK	SLA1	2	Yes	Yes
LCLAT1	CST26	8	No	Yes
LCLAT1	MLG1	8	No	Yes
LCMT1	PPM1	13	Yes	Yes
LCMT1	PPM2	4	No	No
LCMT2	PPM2	10	Yes	Yes
LCMT2	PPM1	6	No	No
LCP1	SAC6	13	Yes	Yes
LDB1	MFG1	3	Yes	Yes
LDB2	MFG1	2	No	Yes
LDB3	LRG1	2	No	Yes
LDB3	PXL1	2	No	Yes
LDHA	MDH1	2	No	Yes
LDHA	MDH3	2	No	Yes
LDHAL6A	MDH1	3	No	Yes
LDHAL6A	MDH3	3	No	Yes
LDHAL6B	MDH1	3	No	Yes
LDHAL6B	MDH3	3	No	Yes
LDHB	MDH1	2	No	Yes
LDHB	MDH3	2	No	Yes
LDHC	MDH1	3	No	Yes
LDHC	MDH3	3	No	Yes
LDHD	DLD1	12	Yes	Yes
LEMD2	HEH2	2	Yes	Yes
LEMD2	SRC1	2	Yes	Yes
LENG8	THP3	11	Yes	Yes
LEO1	LEO1	11	Yes	Yes
LEPROT	VPS55	12	No	Yes
LEPROTL1	VPS55	13	Yes	Yes
LETM1	MDM38	10	No	No
LETM1	YLH47	10	Yes	Yes
LETM2	MDM38	10	Yes	Yes
LETM2	YLH47	10	No	No
LETMD1	MDM38	3	No	Yes
LGMN	GPI8	2	No	Yes
LGSN	GLN1	2	No	Yes
LHPP	PHO13	3	No	Yes
LHX4	PXL1	2	No	Yes
LHX8	PXL1	2	No	Yes
LIAS	LIP5	13	Yes	Yes
LIG1	CDC9	13	Yes	Yes
LIG3	CDC9	3	No	Yes
LIG4	DNL4	13	Yes	Yes
LIMS1	LRG1	3	No	Yes
LIMS2	LRG1	3	No	Yes
LIMS3	LRG1	3	No	Yes
LIMS4	LRG1	3	No	Yes
LINC00473	PDE2	2	No	Yes
LINC02218	TAF11	6	No	Yes
LIPA	TGL1	12	Yes	Yes
LIPA	YEH1	4	No	No
LIPA	YEH2	4	No	No
LIPE	SAY1	2	No	Yes
LIPF	TGL1	12	Yes	Yes
LIPF	YEH1	5	Yes	No
LIPF	YEH2	5	Yes	No
LIPJ	TGL1	12	Yes	Yes
LIPJ	YEH1	5	Yes	No
LIPJ	YEH2	5	Yes	No
LIPK	TGL1	12	Yes	Yes
LIPK	YEH1	5	Yes	No
LIPK	YEH2	5	Yes	No
LIPM	TGL1	11	No	Yes
LIPM	YEH1	4	No	No
LIPM	YEH2	4	No	No
LIPN	TGL1	11	No	Yes
LIPT1	AIM22	13	Yes	Yes
LIPT2	LIP2	12	Yes	Yes
LLGL1	SRO77	10	Yes	Yes
LLGL1	SRO7	9	No	No
LLGL2	SRO7	10	Yes	Yes
LLGL2	SRO77	10	Yes	Yes
LMAN1	EMP46	4	Yes	Yes
LMAN1	EMP47	4	Yes	Yes
LMAN1	UIP5	4	No	No
LMAN1L	EMP46	4	Yes	Yes
LMAN1L	EMP47	4	Yes	Yes
LMAN1L	UIP5	4	No	No
LMAN2	UIP5	7	Yes	Yes
LMAN2	EMP46	4	No	No
LMAN2	EMP47	4	No	No
LMAN2L	UIP5	7	Yes	Yes
LMAN2L	EMP46	4	No	No
LMAN2L	EMP47	4	No	No
LNPEP	AAP1	7	No	Yes
LNPEP	APE2	7	No	Yes
LNPEP	TMA108	6	No	No
LNPK	LNP1	5	Yes	Yes
LOC100130283	SEC53	2	No	Yes
LOC100653049	ASF2	2	Yes	Yes
LOC100996696	PAB1	2	No	Yes
LOC101060212	AAP1	2	No	Yes
LOC101060212	APE2	2	No	Yes
LOC101927180	VMA7	4	No	Yes
LOC101929601	RNH70	3	No	Yes
LOC101929627	RNH70	3	No	Yes
LOC102723573	RPS8A	4	No	Yes
LOC102723573	RPS8B	4	No	Yes
LOC102724159	PWP2	6	No	Yes
LOC102724197	ECM38	6	No	Yes
LOC102724334	HTB1	9	No	Yes
LOC102724334	HTB2	9	No	Yes
LOC102724428	HSL1	3	No	Yes
LOC102724560	CYS4	12	No	Yes
LOC102724737	RPS8A	4	No	Yes
LOC102724737	RPS8B	4	No	Yes
LOC105372522	PLC1	2	No	Yes
LOC105374010	CMS1	2	No	Yes
LOC107986346	TOM7	2	No	Yes
LOC124902048	RNH70	3	No	Yes
LOC124903276	TMA7	4	No	Yes
LOC124905557	TIF11	7	No	Yes
LOC124906959	PEP4	2	No	Yes
LOC124907841	BOL2	2	No	Yes
LOC124908013	TUB2	3	No	Yes
LOC124908015	TUB2	2	No	Yes
LOC124908041	TUB2	2	No	Yes
LOC128966586	PEP4	2	No	Yes
LOC130134321	SLX1	2	No	Yes
LONP1	PIM1	12	Yes	Yes
LONP2	PIM1	3	No	Yes
LPCAT3	ALE1	4	No	Yes
LPGAT1	CST26	3	No	Yes
LPGAT1	MLG1	3	No	Yes
LPIN1	PAH1	12	Yes	Yes
LPIN2	PAH1	12	Yes	Yes
LPIN3	PAH1	12	Yes	Yes
LPXN	PXL1	4	Yes	Yes
LRBA	BPH1	4	No	Yes
LRGUK	GUK1	4	No	Yes
LRMDA	LEA1	2	No	Yes
LRP2BP	HRD3	2	No	Yes
LRP2BP	SHC1	2	No	Yes
LRP2BP	SKT5	2	No	Yes
LRRC46	NUD1	2	Yes	Yes
LRRC47	FRS1	5	No	Yes
LRRC49	SDS22	2	No	Yes
LRRC51	LEA1	3	No	Yes
LRRC72	LEA1	2	No	Yes
LRRCC1	NUD1	2	Yes	Yes
LRRIQ1	SDS22	2	No	Yes
LSG1	LSG1	13	Yes	Yes
LSM1	LSM1	10	Yes	Yes
LSM10	LSM2	2	No	Yes
LSM10	SMD1	2	No	Yes
LSM12	LSM12	13	Yes	Yes
LSM14A	SCD6	13	Yes	Yes
LSM14B	SCD6	13	Yes	Yes
LSM2	LSM2	13	Yes	Yes
LSM3	LSM3	11	Yes	Yes
LSM4	LSM4	9	Yes	Yes
LSM5	LSM5	13	Yes	Yes
LSM6	LSM6	13	Yes	Yes
LSM7	LSM7	12	Yes	Yes
LSM8	LSM8	8	Yes	Yes
LSM8	MAK31	2	Yes	No
LSS	ERG7	13	Yes	Yes
LTA4H	LAP2	13	Yes	Yes
LTN1	RKR1	11	Yes	Yes
LTO1	LTO1	3	Yes	Yes
LTV1	LTV1	10	Yes	Yes
LUC7L	LUC7	13	Yes	Yes
LUC7L2	LUC7	11	No	Yes
LUC7L3	LUC7	5	No	Yes
LVRN	AAP1	5	No	Yes
LVRN	APE2	5	No	Yes
LVRN	TMA108	5	No	Yes
LYN	LSB1	2	No	Yes
LYN	SLA1	2	Yes	Yes
LYPLA1	TML25	12	No	Yes
LYPLA1-TCEA1	DST1	3	No	Yes
LYPLA1-TCEA1	TML25	3	No	Yes
LYPLA2	TML25	13	Yes	Yes
LYPLAL1	TML25	7	No	Yes
LYRM1	ISD11	2	No	Yes
LYRM4	ISD11	12	Yes	Yes
LYRM7	MZM1	5	Yes	Yes
LYST	BPH1	7	No	Yes
LZTR1	KEL1	2	No	Yes
LZTR1	KEL2	2	No	Yes
M6PR	ATG27	2	Yes	No
M6PR	MRL1	2	No	Yes
MACROH2A1	HTA1	3	No	Yes
MACROH2A1	HTA2	3	No	Yes
MACROH2A2	HTA1	3	No	Yes
MACROH2A2	HTA2	3	No	Yes
MAD1L1	MAD1	6	Yes	Yes
MAD2L1	MAD2	13	Yes	Yes
MAD2L2	REV7	4	Yes	Yes
MAEA	FYV10	11	Yes	Yes
MAF1	MAF1	10	Yes	Yes
MAGEA1	NSE3	4	No	Yes
MAGEA10	NSE3	5	No	Yes
MAGEA11	NSE3	4	No	Yes
MAGEA12	NSE3	4	No	Yes
MAGEA2	NSE3	4	No	Yes
MAGEA2B	NSE3	4	No	Yes
MAGEA3	NSE3	4	No	Yes
MAGEA4	NSE3	4	No	Yes
MAGEA6	NSE3	4	No	Yes
MAGEA8	NSE3	4	No	Yes
MAGEA9	NSE3	4	No	Yes
MAGEA9B	NSE3	4	No	Yes
MAGEB1	NSE3	6	Yes	Yes
MAGEB10	NSE3	5	No	Yes
MAGEB16	NSE3	5	No	Yes
MAGEB17	NSE3	5	No	Yes
MAGEB18	NSE3	5	No	Yes
MAGEB2	NSE3	5	No	Yes
MAGEB3	NSE3	5	No	Yes
MAGEB4	NSE3	5	No	Yes
MAGEB5	NSE3	5	No	Yes
MAGEB6	NSE3	4	No	Yes
MAGEB6B	NSE3	4	No	Yes
MAGEC1	NSE3	4	No	Yes
MAGEC2	NSE3	5	No	Yes
MAGEC3	NSE3	2	No	Yes
MAGED1	NSE3	4	No	Yes
MAGED2	NSE3	4	No	Yes
MAGED4	NSE3	4	No	Yes
MAGED4B	NSE3	4	No	Yes
MAGEE1	NSE3	4	No	Yes
MAGEE2	NSE3	3	No	Yes
MAGEF1	NSE3	5	No	Yes
MAGEH1	NSE3	4	No	Yes
MAGEL2	NSE3	4	No	Yes
MAGT1	OST3	13	Yes	Yes
MAGT1	OST6	8	Yes	No
MAK	IME2	11	Yes	Yes
MAK16	MAK16	13	Yes	Yes
MAN1A1	MNL2	5	Yes	Yes
MAN1A1	MNS1	5	No	Yes
MAN1A2	MNS1	6	No	Yes
MAN1A2	MNL2	5	Yes	No
MAN1B1	MNS1	13	Yes	Yes
MAN1B1	MNL2	4	Yes	No
MAN1C1	MNL2	5	Yes	Yes
MAN1C1	MNS1	5	No	Yes
MAN2A1	AMS1	2	No	Yes
MAN2A2	AMS1	2	No	Yes
MAN2C1	AMS1	13	Yes	Yes
MAOA	FMS1	4	No	Yes
MAOB	FMS1	3	No	Yes
MAP1LC3A	ATG8	6	No	Yes
MAP1LC3B	ATG8	6	No	Yes
MAP1LC3B2	ATG8	6	No	Yes
MAP1LC3C	ATG8	4	No	Yes
MAP2K1	STE7	9	Yes	Yes
MAP2K1	PBS2	8	Yes	No
MAP2K1	MKK1	7	No	No
MAP2K1	MKK2	7	No	No
MAP2K2	STE7	9	Yes	Yes
MAP2K2	PBS2	8	Yes	No
MAP2K2	MKK1	7	No	No
MAP2K2	MKK2	7	No	No
MAP2K3	PBS2	5	No	Yes
MAP2K4	PBS2	5	No	Yes
MAP2K4	MKK1	4	No	No
MAP2K4	MKK2	4	No	No
MAP2K4	STE7	4	No	No
MAP2K5	MKK1	7	Yes	Yes
MAP2K5	MKK2	7	Yes	Yes
MAP2K5	PBS2	6	No	No
MAP2K5	STE7	4	No	No
MAP2K6	PBS2	5	No	Yes
MAP2K6	MKK1	4	No	No
MAP2K7	PBS2	6	No	Yes
MAP3K1	CDC15	4	Yes	Yes
MAP3K14	BCK1	3	No	Yes
MAP3K19	STE11	8	Yes	Yes
MAP3K19	BCK1	6	Yes	No
MAP3K2	STE11	6	No	Yes
MAP3K2	BCK1	4	No	No
MAP3K2	CDC15	4	Yes	No
MAP3K3	STE11	6	No	Yes
MAP3K3	BCK1	4	No	No
MAP3K3	CDC15	4	Yes	No
MAP3K4	SSK2	9	Yes	Yes
MAP3K4	SSK22	9	Yes	Yes
MAP3K8	BCK1	2	No	Yes
MAP4K1	KIC1	2	No	Yes
MAP4K2	KIC1	2	No	Yes
MAP4K3	KIC1	2	No	Yes
MAP4K5	KIC1	2	No	Yes
MAPDA	AAH1	6	No	Yes
MAPK1	FUS3	12	Yes	Yes
MAPK1	KSS1	11	Yes	No
MAPK1	SLT2	7	No	No
MAPK1	KDX1	5	No	No
MAPK1	SMK1	5	No	No
MAPK10	HOG1	4	No	Yes
MAPK11	HOG1	11	No	Yes
MAPK11	FUS3	4	No	No
MAPK11	SLT2	4	No	No
MAPK12	HOG1	12	Yes	Yes
MAPK12	FUS3	4	No	No
MAPK12	SLT2	4	No	No
MAPK13	HOG1	12	Yes	Yes
MAPK13	FUS3	4	No	No
MAPK13	SLT2	4	No	No
MAPK14	HOG1	11	No	Yes
MAPK14	SLT2	4	No	No
MAPK15	FUS3	4	No	Yes
MAPK15	KDX1	4	No	Yes
MAPK15	KSS1	4	No	Yes
MAPK15	SLT2	4	No	Yes
MAPK15	SMK1	4	No	Yes
MAPK3	FUS3	11	No	Yes
MAPK3	KSS1	11	Yes	Yes
MAPK3	SLT2	7	No	No
MAPK3	KDX1	5	No	No
MAPK3	SMK1	5	No	No
MAPK4	FUS3	4	No	No
MAPK4	SLT2	4	No	Yes
MAPK4	SMK1	4	No	Yes
MAPK6	SLT2	3	No	Yes
MAPK6	SMK1	3	No	Yes
MAPK7	SLT2	9	Yes	Yes
MAPK7	KDX1	7	Yes	No
MAPK7	FUS3	5	No	No
MAPK7	KSS1	5	No	No
MAPK7	SMK1	5	Yes	No
MAPK8	HOG1	4	No	Yes
MAPK9	HOG1	4	No	Yes
MAPKAP1	AVO1	7	Yes	Yes
MAPKAPK2	MEK1	2	No	Yes
MAPKAPK3	MEK1	2	No	Yes
MAPKAPK5	MEK1	2	No	Yes
MAPRE1	BIM1	12	Yes	Yes
MAPRE2	BIM1	12	Yes	Yes
MAPRE3	BIM1	12	Yes	Yes
MARCHF1	SSM4	3	No	Yes
MARCHF11	SSM4	2	No	Yes
MARCHF2	SSM4	2	No	Yes
MARCHF3	SSM4	2	No	Yes
MARCHF4	SSM4	2	No	Yes
MARCHF6	SSM4	11	Yes	Yes
MARCHF8	SSM4	3	No	Yes
MARCHF9	SSM4	2	No	Yes
MARK1	KIN2	4	No	Yes
MARK2	GIN4	3	No	Yes
MARK2	KCC4	3	No	Yes
MARK2	KIN1	3	No	Yes
MARK2	KIN2	3	No	Yes
MARK2	FRK1	2	No	Yes
MARK2	KIN4	2	No	Yes
MARK3	GIN4	3	No	Yes
MARK3	KCC4	3	No	Yes
MARK3	KIN1	3	No	Yes
MARK3	KIN2	3	No	Yes
MARK3	FRK1	2	No	Yes
MARK3	KIN4	2	No	Yes
MARK4	KIN1	4	No	Yes
MARS1	MES1	13	Yes	Yes
MARS2	MSM1	12	Yes	Yes
MASTL	RIM15	7	Yes	Yes
MAT1A	SAM1	13	Yes	Yes
MAT1A	SAM2	13	Yes	Yes
MAT2A	SAM1	13	Yes	Yes
MAT2A	SAM2	13	Yes	Yes
MATK	LSB1	2	No	Yes
MAZ	AZF1	2	Yes	Yes
MAZ	MOT3	2	Yes	No
MBLAC2	GLO2	3	No	Yes
MBOAT1	ALE1	11	No	Yes
MBOAT2	ALE1	13	Yes	Yes
MBOAT4	ALE1	4	No	Yes
MBOAT7	ALE1	2	No	Yes
MBTPS1	PRB1	2	No	Yes
MBTPS1	RRT12	2	No	Yes
MBTPS1	YSP3	2	No	Yes
MCAT	MCT1	5	Yes	Yes
MCCC1	DUR12	5	Yes	Yes
MCEE	GLO1	2	No	Yes
MCFD2	SSP120	2	No	Yes
MCM10	MCM10	8	Yes	Yes
MCM2	MCM2	13	Yes	Yes
MCM3	MCM3	13	Yes	Yes
MCM3AP	SAC3	7	No	Yes
MCM4	MCM4	13	Yes	Yes
MCM5	MCM5	13	Yes	Yes
MCM6	MCM6	13	Yes	Yes
MCM7	MCM7	13	Yes	Yes
MCM8	MCM6	3	No	Yes
MCM9	MCM2	2	No	Yes
MCTP1	TCB3	2	No	Yes
MCTS1	TMA20	13	Yes	Yes
MCTS2	TMA20	13	Yes	Yes
MCUR1	FMP32	12	No	Yes
MCUR1	PUT7	2	Yes	No
MDC1	RTT107	4	No	Yes
MDH1	MDH1	2	No	Yes
MDH1	MDH3	2	No	Yes
MDH2	MDH1	10	Yes	Yes
MDH2	MDH2	6	Yes	No
MDH2	MDH3	5	Yes	No
MDN1	REA1	12	Yes	Yes
ME1	MAE1	11	Yes	Yes
ME2	MAE1	11	Yes	Yes
ME3	MAE1	11	Yes	Yes
MEAF6	EAF6	5	Yes	Yes
MEAK7	OXR1	2	No	Yes
MEAK7	RTC5	2	Yes	Yes
MECR	ETR1	12	Yes	Yes
MED10	NUT2	12	Yes	Yes
MED12	SRB8	2	Yes	Yes
MED12L	SRB8	2	Yes	Yes
MED13	SSN2	4	Yes	Yes
MED13L	SSN2	4	Yes	Yes
MED14	RGR1	7	Yes	Yes
MED16	SIN4	2	Yes	Yes
MED17	SRB4	2	Yes	Yes
MED18	SRB5	2	Yes	Yes
MED20	SRB2	4	Yes	Yes
MED21	SRB7	11	Yes	Yes
MED31	SOH1	10	Yes	Yes
MED4	MED4	2	Yes	Yes
MED6	MED6	12	Yes	Yes
MED7	MED7	10	Yes	Yes
MEF2A	RLM1	8	Yes	Yes
MEF2A	SMP1	8	Yes	Yes
MEF2B	RLM1	8	Yes	Yes
MEF2B	SMP1	8	Yes	Yes
MEF2C	RLM1	8	Yes	Yes
MEF2C	SMP1	8	Yes	Yes
MEF2D	RLM1	8	Yes	Yes
MEF2D	SMP1	8	Yes	Yes
MEGF8	KEL2	2	No	Yes
MEIS1	CUP9	7	Yes	Yes
MEIS1	TOS8	7	Yes	Yes
MEIS1	HMLALPHA2	2	Yes	No
MEIS1	MATALPHA2	2	Yes	No
MEIS2	CUP9	7	Yes	Yes
MEIS2	TOS8	7	Yes	Yes
MEIS2	HMLALPHA2	2	Yes	No
MEIS2	MATALPHA2	2	Yes	No
MEIS3	CUP9	6	No	Yes
MEIS3	TOS8	6	No	Yes
MEIS3	HMLALPHA2	2	Yes	No
MEIS3	MATALPHA2	2	Yes	No
MEIS3P1	CUP9	2	No	Yes
MEIS3P1	TOS8	2	No	Yes
MEIS3P2	CUP9	3	No	Yes
MEMO1	MHO1	13	Yes	Yes
MEOX1	HMRA1	2	No	Yes
MEOX2	HMRA1	3	No	Yes
METAP1	MAP1	13	Yes	Yes
METAP1D	MAP1	3	No	Yes
METAP2	MAP2	12	Yes	Yes
METTL1	TRM8	13	Yes	Yes
METTL14	KAR4	12	Yes	Yes
METTL17	RSM22	6	Yes	Yes
METTL18	HPM1	11	Yes	Yes
METTL21A	EFM6	11	Yes	Yes
METTL21A	EFM2	4	No	No
METTL21A	NNT1	2	Yes	No
METTL21C	EFM6	8	No	Yes
METTL21C	EFM2	5	Yes	No
METTL21C	NNT1	2	Yes	No
METTL21EP	EFM6	7	No	Yes
METTL22	EFM3	2	No	Yes
METTL22	NNT1	2	Yes	Yes
METTL23	EFM2	3	No	Yes
METTL23	EFM6	3	No	Yes
METTL23	NNT1	2	Yes	No
METTL2A	ABP140	10	Yes	Yes
METTL2B	ABP140	10	Yes	Yes
METTL3	IME4	9	Yes	Yes
METTL6	ABP140	5	No	Yes
METTL8	ABP140	9	No	Yes
MFN1	FZO1	4	Yes	Yes
MFN2	FZO1	4	Yes	Yes
MFSD1	BSC6	2	Yes	Yes
MFSD10	AQR1	2	Yes	Yes
MFSD10	QDR1	2	Yes	Yes
MFSD10	QDR2	2	Yes	Yes
MFSD14A	VBA1	2	Yes	Yes
MFSD14B	VBA1	2	Yes	Yes
MFSD4A	BSC6	2	Yes	Yes
MFSD9	AQR1	2	Yes	No
MFSD9	QDR1	2	Yes	No
MFSD9	QDR2	2	Yes	No
MGAM	ROT2	4	No	Yes
MGAM2	ROT2	4	No	Yes
MGLL	YJU3	11	Yes	Yes
MGMT	MGT1	8	Yes	Yes
MICOS10	MIC10	10	Yes	Yes
MINDY1	MIY2	13	Yes	Yes
MINDY2	MIY2	12	No	Yes
MINPP1	PHO11	11	Yes	Yes
MINPP1	PHO3	11	Yes	Yes
MINPP1	PHO5	11	Yes	Yes
MINPP1	DIA3	10	Yes	No
MINPP1	PHO12	10	Yes	No
MIOS	SEA4	12	Yes	Yes
MIP	AQY1	10	Yes	Yes
MIP	AQY2	5	Yes	No
MIPEP	1-Oct	13	Yes	Yes
MIS12	MTW1	3	Yes	Yes
MITF	RTG3	7	Yes	Yes
MITF	RTG1	3	Yes	No
MIX23	MIX23	2	Yes	Yes
MIXL1	YHP1	2	No	Yes
MKKS	CCT6	2	No	Yes
MKNK1	NNK1	2	Yes	Yes
MKRN1	LEE1	5	Yes	Yes
MKRN2	LEE1	5	Yes	Yes
MKRN3	LEE1	5	Yes	Yes
MKRN4P	LEE1	3	No	Yes
MKX	CUP9	4	No	Yes
MKX	TOS8	4	No	Yes
MLH1	MLH1	13	Yes	Yes
MLH1	MLH2	4	No	No
MLH3	MLH3	11	Yes	Yes
MLLT1	TAF14	4	No	Yes
MLLT10	NTO1	4	No	Yes
MLLT3	TAF14	4	No	Yes
MLLT6	NTO1	4	No	Yes
MLST8	LST8	13	Yes	Yes
MMD	IZH1	2	No	Yes
MMD	IZH2	2	No	Yes
MMD	IZH3	2	No	Yes
MMD2	IZH1	2	No	Yes
MMD2	IZH2	2	No	Yes
MMD2	IZH3	2	No	Yes
MMGT1	EMC5	4	Yes	Yes
MMS19	MET18	13	Yes	Yes
MNAT1	TFB3	12	Yes	Yes
MND1	MND1	10	Yes	Yes
MNX1	HMRA1	2	No	Yes
MOB1A	MOB1	11	Yes	Yes
MOB1A	MOB2	3	No	No
MOB1B	MOB1	10	No	Yes
MOB2	MOB2	6	Yes	Yes
MOB2	MOB1	3	No	No
MOB3A	MOB1	9	No	Yes
MOB3B	MOB1	9	No	Yes
MOB3C	MOB1	9	No	Yes
MOCS3	UBA4	13	Yes	Yes
MOGAT1	DGA1	13	Yes	Yes
MOGAT2	DGA1	13	Yes	Yes
MOGAT3	DGA1	13	Yes	Yes
MOGS	CWH41	13	Yes	Yes
MOK	IME2	6	No	Yes
MON1A	MON1	13	Yes	Yes
MON1B	MON1	13	Yes	Yes
MON2	MON2	13	Yes	Yes
MORF4L1	EAF3	13	Yes	Yes
MORF4L2	EAF3	11	No	Yes
MOSPD2	CSR1	5	Yes	Yes
MOV10	ECM32	2	No	Yes
MOV10L1	ECM32	2	No	Yes
MOV10L1	SEN1	2	No	Yes
MPC1	MPC1	13	Yes	Yes
MPC1L	MPC1	13	Yes	Yes
MPC2	MPC2	13	Yes	Yes
MPC2	MPC3	13	Yes	Yes
MPHOSPH10	MPP10	11	Yes	Yes
MPI	PMI40	13	Yes	Yes
MPPE1	CDC1	10	Yes	Yes
MPPE1	TED1	6	Yes	No
MPST	TUM1	13	Yes	Yes
MPV17	SYM1	11	Yes	Yes
MPV17L	SYM1	5	No	Yes
MPV17L2	SYM1	6	No	Yes
MRAS	RAS1	4	No	Yes
MRAS	RAS2	4	No	Yes
MRE11	MRE11	13	Yes	Yes
MRGBP	EAF7	7	Yes	Yes
MRI1	MRI1	13	Yes	Yes
MRM1	MRM1	13	Yes	Yes
MRM2	MRM2	9	Yes	Yes
MRM3	MRM1	2	No	Yes
MRPL1	MRPL1	6	Yes	Yes
MRPL10	MRPL11	5	Yes	Yes
MRPL11	MRPL19	13	Yes	Yes
MRPL12	MNP1	13	Yes	Yes
MRPL13	MRPL23	12	Yes	Yes
MRPL14	MRPL38	3	No	Yes
MRPL15	MRPL10	13	Yes	Yes
MRPL16	MRPL16	8	Yes	Yes
MRPL17	MRPL8	12	Yes	Yes
MRPL19	IMG1	5	Yes	Yes
MRPL2	RML2	12	Yes	Yes
MRPL21	MRPL49	5	Yes	Yes
MRPL22	MRPL22	7	Yes	Yes
MRPL23	MRP20	10	Yes	Yes
MRPL24	MRPL40	4	Yes	Yes
MRPL27	MRP7	9	Yes	Yes
MRPL28	MRPL24	6	Yes	Yes
MRPL3	MRPL9	10	Yes	Yes
MRPL30	MRPL33	2	Yes	Yes
MRPL32	MRPL32	9	Yes	Yes
MRPL33	MRPL39	8	Yes	Yes
MRPL34	MRX14	9	Yes	Yes
MRPL36	RTC6	10	Yes	Yes
MRPL38	MRPL35	6	Yes	Yes
MRPL38	TFS1	4	No	No
MRPL39	MST1	2	No	Yes
MRPL4	YML6	11	Yes	Yes
MRPL40	MRPL28	4	Yes	Yes
MRPL41	MRPL27	6	Yes	Yes
MRPL43	MRPL51	9	Yes	Yes
MRPL44	MRPL3	6	Yes	Yes
MRPL45	MBA1	2	Yes	Yes
MRPL46	MRPL17	11	Yes	Yes
MRPL47	MRPL4	7	Yes	Yes
MRPL49	IMG2	9	Yes	Yes
MRPL54	MRPL37	5	Yes	Yes
MRPL58	PTH4	12	Yes	Yes
MRPL9	MRPL50	2	Yes	Yes
MRPS10	RSM10	4	Yes	Yes
MRPS11	MRPS18	5	Yes	Yes
MRPS12	MRPS12	12	Yes	Yes
MRPS14	MRP2	12	Yes	Yes
MRPS15	MRPS28	8	Yes	Yes
MRPS16	MRPS16	12	Yes	Yes
MRPS17	MRPS17	4	Yes	Yes
MRPS18A	RSM18	4	No	Yes
MRPS18B	RSM18	4	No	Yes
MRPS18C	RSM18	5	Yes	Yes
MRPS2	MRP4	11	Yes	Yes
MRPS21	MRP21	2	Yes	Yes
MRPS25	MRP49	2	Yes	Yes
MRPS33	RSM27	2	Yes	Yes
MRPS35	RSM24	5	Yes	Yes
MRPS5	MRPS5	9	Yes	Yes
MRPS6	MRP17	9	Yes	Yes
MRPS7	RSM7	7	Yes	Yes
MRPS9	MRPS9	11	Yes	Yes
MRRF	RRF1	6	Yes	Yes
MRS2	MFM1	13	Yes	Yes
MRS2	MRS2	12	Yes	No
MRTO4	MRT4	12	Yes	Yes
MSH2	MSH2	13	Yes	Yes
MSH2	MSH1	3	Yes	No
MSH3	MSH3	13	Yes	Yes
MSH4	MSH4	13	Yes	Yes
MSH5	MSH5	13	Yes	Yes
MSH5-SAPCD1	MSH5	2	No	Yes
MSH6	MSH6	12	Yes	Yes
MSI1	HRP1	8	Yes	Yes
MSI1	SBP1	2	Yes	No
MSI2	HRP1	7	No	Yes
MSI2	NOP13	4	Yes	No
MSI2	SBP1	2	Yes	No
MSL3	EAF3	4	No	Yes
MSL3B	EAF3	2	No	Yes
MSMO1	ERG25	13	Yes	Yes
MSRA	MXR1	11	Yes	Yes
MSRB1	MXR2	5	No	Yes
MSRB2	MXR2	10	No	Yes
MSRB3	MXR2	11	Yes	Yes
MSTO1	DML1	11	Yes	Yes
MSX1	HMRA1	2	No	Yes
MSX2	HMRA1	2	No	Yes
MTAP	MEU1	13	Yes	Yes
MTF1	ZAP1	2	Yes	Yes
MTFMT	FMT1	11	Yes	Yes
MTG1	MTG1	13	Yes	Yes
MTG2	MTG2	13	Yes	Yes
MTHFD1	ADE3	11	Yes	Yes
MTHFD1	MIS1	11	Yes	Yes
MTHFD1L	ADE3	10	No	Yes
MTHFD1L	MIS1	10	No	Yes
MTHFD2	MTD1	6	Yes	Yes
MTHFD2	ADE3	3	No	No
MTHFD2	MIS1	3	No	No
MTHFD2L	MTD1	6	Yes	Yes
MTHFD2L	MIS1	4	No	No
MTHFD2L	ADE3	3	No	No
MTHFR	MET13	13	Yes	Yes
MTHFR	MET12	8	Yes	No
MTHFS	FAU1	13	Yes	Yes
MTIF2	IFM1	12	Yes	Yes
MTM1	YMR1	10	No	Yes
MTMR1	YMR1	9	No	Yes
MTMR10	YMR1	4	No	Yes
MTMR11	YMR1	4	No	Yes
MTMR12	YMR1	4	No	Yes
MTMR2	YMR1	10	No	Yes
MTMR3	YMR1	6	No	Yes
MTMR4	YMR1	6	No	Yes
MTMR6	YMR1	12	No	Yes
MTMR7	YMR1	13	Yes	Yes
MTMR8	YMR1	13	Yes	Yes
MTMR9	YMR1	12	No	Yes
MTO1	MTO1	13	Yes	Yes
MTOR	TOR1	11	Yes	Yes
MTOR	TOR2	11	Yes	Yes
MTR	MHT1	5	Yes	Yes
MTR	SAM4	4	No	No
MTREX	MTR4	13	Yes	Yes
MTRF1	MRF1	11	Yes	Yes
MTRF1L	MRF1	11	Yes	Yes
MTRFR	RSO55	9	Yes	Yes
MTRR	NCP1	4	No	Yes
MTX1	SAM37	7	Yes	Yes
MTX2	SAM37	3	No	Yes
MTX2	SAM35	2	Yes	No
MTX3	SAM37	6	No	Yes
MUS81	MUS81	13	Yes	Yes
MVD	MVD1	13	Yes	Yes
MVK	ERG12	13	Yes	Yes
MX1	DNM1	5	No	Yes
MX1	VPS1	5	No	Yes
MX1	MGM1	3	Yes	No
MX2	DNM1	5	No	Yes
MX2	VPS1	5	No	Yes
MX2	MGM1	3	Yes	No
MYB	BAS1	8	Yes	Yes
MYB	TOD6	3	Yes	No
MYBBP1A	POL5	8	Yes	Yes
MYBL1	BAS1	7	No	Yes
MYBL1	TOD6	3	Yes	No
MYBL2	BAS1	7	No	Yes
MYBL2	TOD6	3	Yes	No
MYCBPAP	ENT1	2	No	Yes
MYCBPAP	ENT2	2	No	Yes
MYCL	INO4	2	Yes	Yes
MYEF2	GBP2	6	Yes	Yes
MYEF2	HRB1	6	Yes	Yes
MYG1	MYG1	13	Yes	Yes
MYH1	MYO1	10	No	Yes
MYH10	MYO1	11	Yes	Yes
MYH11	MYO1	11	Yes	Yes
MYH13	MYO1	10	No	Yes
MYH14	MYO1	8	No	Yes
MYH14	MYO2	4	No	No
MYH15	MYO1	8	No	Yes
MYH2	MYO1	10	No	Yes
MYH3	MYO1	10	No	Yes
MYH4	MYO1	10	No	Yes
MYH6	MYO1	9	No	Yes
MYH7	MYO1	10	No	Yes
MYH7B	MYO1	8	No	Yes
MYH7B	MYO2	4	No	No
MYH7B	MYO4	4	No	No
MYH8	MYO1	10	No	Yes
MYH9	MYO1	10	No	Yes
MYL1	MLC1	7	Yes	Yes
MYL10	MLC2	4	No	Yes
MYL11	MLC2	4	No	Yes
MYL12A	MLC2	4	No	Yes
MYL12B	MLC2	4	No	Yes
MYL2	MLC2	5	Yes	Yes
MYL3	MLC1	7	Yes	Yes
MYL4	MLC1	7	Yes	Yes
MYL5	MLC2	4	No	Yes
MYL6	MLC1	7	Yes	Yes
MYL6B	MLC1	7	Yes	Yes
MYL7	MLC2	5	Yes	Yes
MYL9	MLC2	5	Yes	Yes
MYLK2	RCK2	2	No	Yes
MYLK3	RCK2	2	No	Yes
MYLK4	RCK2	2	No	Yes
MYO15A	MYO2	3	No	Yes
MYO15A	MYO4	3	No	Yes
MYO15B	MYO1	2	No	Yes
MYO15B	MYO2	2	No	Yes
MYO15B	MYO4	2	No	Yes
MYO16	MYO1	2	No	Yes
MYO16	MYO2	2	No	Yes
MYO16	MYO3	2	No	Yes
MYO16	MYO4	2	No	Yes
MYO16	MYO5	2	No	Yes
MYO18A	MYO1	2	No	Yes
MYO18B	MYO1	3	No	Yes
MYO19	MYO2	3	No	Yes
MYO19	MYO4	3	No	Yes
MYO1A	MYO3	3	No	Yes
MYO1A	MYO5	3	No	Yes
MYO1B	MYO3	3	No	Yes
MYO1B	MYO5	3	No	Yes
MYO1C	MYO3	3	No	Yes
MYO1C	MYO5	3	No	Yes
MYO1D	MYO3	2	No	Yes
MYO1D	MYO5	2	No	Yes
MYO1E	MYO3	11	Yes	Yes
MYO1E	MYO5	11	Yes	Yes
MYO1F	MYO3	10	No	Yes
MYO1F	MYO5	10	No	Yes
MYO1G	MYO3	2	No	Yes
MYO1G	MYO5	2	No	Yes
MYO1H	MYO3	3	No	Yes
MYO1H	MYO5	3	No	Yes
MYO3A	MYO1	2	No	Yes
MYO3A	MYO2	2	No	Yes
MYO3A	MYO3	2	No	Yes
MYO3A	MYO4	2	No	Yes
MYO3A	MYO5	2	No	Yes
MYO3B	MYO1	2	No	Yes
MYO3B	MYO2	2	No	Yes
MYO3B	MYO3	2	No	Yes
MYO3B	MYO4	2	No	Yes
MYO3B	MYO5	2	No	Yes
MYO5A	MYO2	11	Yes	Yes
MYO5A	MYO4	11	Yes	Yes
MYO5B	MYO2	11	Yes	Yes
MYO5B	MYO4	11	Yes	Yes
MYO5C	MYO2	11	Yes	Yes
MYO5C	MYO4	10	No	No
MYO6	MYO2	2	No	Yes
MYO6	MYO4	2	No	Yes
MYO7A	MYO2	2	No	Yes
MYO7A	MYO4	2	No	Yes
MYO7B	MYO2	2	No	Yes
MYO7B	MYO4	2	No	Yes
MYO9A	RGA1	2	No	Yes
MYO9A	RGA2	2	No	Yes
MYORG	ROT2	2	No	Yes
N4BP2	CUE2	3	Yes	No
NAA10	ARD1	13	Yes	Yes
NAA11	ARD1	13	Yes	Yes
NAA15	NAT1	13	Yes	Yes
NAA16	NAT1	13	Yes	Yes
NAA20	NAT3	13	Yes	Yes
NAA25	MDM20	9	Yes	Yes
NAA30	MAK3	10	Yes	Yes
NAA35	MAK10	11	Yes	Yes
NAA38	MAK31	3	Yes	Yes
NAA40	NAT4	5	Yes	Yes
NAA50	NAT5	8	Yes	Yes
NAALAD2	VPS70	12	Yes	Yes
NAALAD2	TRE2	8	Yes	No
NAALAD2	TRE1	7	No	No
NAALADL1	VPS70	11	No	Yes
NAALADL1	TRE1	8	Yes	No
NAALADL1	TRE2	8	Yes	No
NAALADL2	TRE2	7	No	Yes
NAALADL2	TRE1	6	No	No
NAALADL2	VPS70	6	No	No
NACA	EGD2	8	No	Yes
NACA2	EGD2	13	Yes	Yes
NACA4P	EGD2	8	No	Yes
NACAD	EGD2	8	No	Yes
NADK	YEF1	13	Yes	Yes
NADK	UTR1	12	Yes	No
NADK	POS5	7	Yes	No
NADSYN1	QNS1	13	Yes	Yes
NAE1	ULA1	10	Yes	Yes
NAF1	NAF1	11	Yes	Yes
NAGS	ARG56	10	Yes	Yes
NAGS	ARG2	6	Yes	No
NAIP	BIR1	3	No	Yes
NALCN	CCH1	7	No	Yes
NAMPT	NPT1	2	No	Yes
NANP	PHM8	2	Yes	Yes
NANP	SDT1	2	Yes	Yes
NAP1L1	NAP1	12	No	Yes
NAP1L2	NAP1	13	Yes	Yes
NAP1L3	NAP1	10	No	Yes
NAP1L4	NAP1	12	No	Yes
NAP1L5	NAP1	3	No	Yes
NAPA	SEC17	13	Yes	Yes
NAPB	SEC17	13	Yes	Yes
NAPEPLD	FMP30	13	Yes	Yes
NAPG	SEC17	2	No	Yes
NAPRT	NPT1	4	Yes	Yes
NAPSA	PEP4	12	Yes	Yes
NAPSA	BAR1	5	No	No
NAPSA	MKC7	4	No	No
NAPSA	YPS1	4	No	No
NAPSA	YPS3	4	No	No
NAPSA	YPS6	4	No	No
NARF	NAR1	13	Yes	Yes
NARS1	DED81	13	Yes	Yes
NARS2	SLM5	12	Yes	Yes
NASP	HIF1	2	Yes	Yes
NAT10	KRE33	13	Yes	Yes
NAXD	NNR2	13	Yes	Yes
NAXE	NNR1	13	Yes	Yes
NBEA	BPH1	4	No	Yes
NBEAL1	BPH1	4	No	Yes
NBEAL2	BPH1	4	No	Yes
NCALD	FRQ1	10	Yes	Yes
NCAPD2	YCS4	13	Yes	Yes
NCAPG	YCG1	13	Yes	Yes
NCAPH	BRN1	13	Yes	Yes
NCBP1	STO1	12	Yes	Yes
NCBP2	CBC2	12	Yes	Yes
NCBP2L	CBC2	11	No	Yes
NCEH1	SAY1	4	Yes	Yes
NCF1	BEM1	4	No	Yes
NCF4	BEM1	3	No	Yes
NCF4	NBP2	2	Yes	No
NCK1	SHO1	2	Yes	Yes
NCK1	SLA1	2	Yes	Yes
NCK2	SHO1	2	Yes	Yes
NCK2	SLA1	2	Yes	Yes
NCKIPSD	LDB17	7	Yes	Yes
NCL	NSR1	4	Yes	Yes
NCL	NOP6	2	Yes	No
NCOA7	OXR1	7	No	Yes
NCOR1	SNT1	7	Yes	Yes
NCOR2	SNT1	7	Yes	Yes
NCS1	FRQ1	10	Yes	Yes
NDC1	NDC1	4	Yes	Yes
NDC80	NDC80	12	Yes	Yes
NDFIP1	BSD2	6	Yes	Yes
NDFIP2	BSD2	5	No	Yes
NDN	NSE3	4	No	Yes
NDOR1	TAH18	13	Yes	Yes
NDUFA9	COQ11	2	Yes	Yes
NDUFAB1	ACP1	12	Yes	Yes
NEDD4	RSP5	11	Yes	Yes
NEDD4L	RSP5	11	Yes	Yes
NEDD8	RUB1	11	Yes	Yes
NEK11	KIN3	2	No	Yes
NEK2	KIN3	10	Yes	Yes
NEK3	KIN3	2	No	Yes
NEK5	KIN3	2	No	Yes
NEK6	KIN3	3	No	Yes
NEK7	KIN3	4	No	Yes
NEK8	KIN3	2	No	Yes
NEK9	KIN3	2	No	Yes
NEMF	RQC2	13	Yes	Yes
NENF	DAP1	3	No	Yes
NET1	ROM1	7	Yes	Yes
NET1	ROM2	7	Yes	Yes
NET1	TUS1	3	Yes	No
NF1	IRA1	10	Yes	Yes
NF1	IRA2	10	Yes	Yes
NFATC2IP	SMT3	3	No	Yes
NFKBID	ANK1	2	No	Yes
NFKBIZ	ANK1	2	No	Yes
NFS1	NFS1	13	Yes	Yes
NFU1	NFU1	12	Yes	Yes
NFX1	FAP1	13	Yes	Yes
NFXL1	FAP1	4	No	Yes
NFYA	HAP2	10	Yes	Yes
NFYB	HAP3	12	Yes	Yes
NFYC	HAP5	9	Yes	Yes
NGB	YHB1	4	Yes	Yes
NGDN	LCP5	7	Yes	Yes
NGLY1	PNG1	9	Yes	Yes
NGRN	RRG9	4	Yes	Yes
NHP2	NHP2	13	Yes	Yes
NIF3L1	NIF3	13	Yes	Yes
NIFK	NOP15	11	Yes	Yes
NIM1K	FRK1	2	No	Yes
NIM1K	HSL1	2	No	Yes
NIM1K	KIN1	2	No	Yes
NIM1K	KIN2	2	No	Yes
NIM1K	KIN4	2	No	Yes
NIM1K	SKS1	2	No	Yes
NIM1K	VHS1	2	No	Yes
NIP7	NIP7	13	Yes	Yes
NIPBL	SCC2	9	Yes	Yes
NIT1	NIT2	12	Yes	Yes
NIT1	NIT1	2	Yes	No
NIT2	NIT3	13	Yes	Yes
NIT2	NIT2	4	No	No
NIT2	NIT1	2	Yes	No
NKTR	CPR6	5	No	Yes
NKX1-1	HMRA1	2	No	Yes
NKX1-2	HMRA1	2	No	Yes
NKX2-1	HMRA1	2	No	Yes
NKX2-2	HMRA1	2	No	Yes
NKX2-3	HMRA1	2	No	Yes
NKX2-4	HMRA1	2	No	Yes
NKX2-5	HMRA1	2	No	Yes
NKX2-6	HMRA1	2	No	Yes
NKX2-8	HMRA1	3	No	Yes
NKX3-1	HMRA1	2	No	Yes
NKX3-2	HMRA1	2	No	Yes
NKX6-1	HMRA1	2	No	Yes
NKX6-2	HMRA1	2	No	Yes
NKX6-3	HMRA1	2	No	Yes
NLE1	RSA4	13	Yes	Yes
NLK	SLT2	3	No	Yes
NLK	SMK1	3	No	Yes
NLN	PRD1	13	Yes	Yes
NMD3	NMD3	13	Yes	Yes
NME1	YNK1	12	No	Yes
NME1-NME2	YNK1	13	No	Yes
NME2	YNK1	13	Yes	Yes
NME2P1	YNK1	7	No	Yes
NME3	YNK1	9	No	Yes
NME4	YNK1	7	No	Yes
NME5	YNK1	2	No	Yes
NME8	TRX1	2	No	Yes
NME8	TRX2	2	No	Yes
NME8	TRX3	2	No	Yes
NME8	YNK1	2	No	Yes
NME9	TRX1	2	No	Yes
NME9	TRX2	2	No	Yes
NME9	TRX3	2	No	Yes
NMNAT1	NMA2	13	Yes	Yes
NMNAT1	NMA1	12	Yes	No
NMNAT2	NMA1	8	No	Yes
NMNAT2	NMA2	8	No	Yes
NMNAT3	NMA1	11	No	Yes
NMNAT3	NMA2	11	No	Yes
NMRK1	NRK1	12	Yes	Yes
NMRK2	NRK1	12	Yes	Yes
NMT1	NMT1	13	Yes	Yes
NMT2	NMT1	13	Yes	Yes
NOA1	GEP3	2	Yes	Yes
NOB1	NOB1	13	Yes	Yes
NOC2L	NOC2	13	Yes	Yes
NOC3L	NOC3	13	Yes	Yes
NOC4L	NOC4	12	Yes	Yes
NOCT	NGL2	4	Yes	Yes
NOCT	NGL3	4	Yes	Yes
NOL10	ENP2	13	Yes	Yes
NOL12	RRP17	9	Yes	Yes
NOL6	UTP22	13	Yes	Yes
NOL8	NOP8	3	Yes	Yes
NOL9	GRC3	8	Yes	Yes
NOLC1	SRP40	6	Yes	Yes
NOM1	SGD1	10	Yes	Yes
NOP10	NOP10	13	Yes	Yes
NOP14	NOP14	13	Yes	Yes
NOP16	NOP16	4	Yes	Yes
NOP2	NOP2	11	Yes	Yes
NOP53	NOP53	13	Yes	Yes
NOP56	NOP56	13	Yes	Yes
NOP58	NOP58	13	Yes	Yes
NOP9	NOP9	11	Yes	Yes
NOS1	NCP1	3	No	Yes
NOS1	MET5	2	Yes	No
NOS2	NCP1	3	No	Yes
NOS2	MET5	2	Yes	No
NOS3	MET10	4	Yes	No
NOS3	NCP1	4	No	Yes
NOTO	HMRA1	2	No	Yes
NOVA1	PBP2	4	No	Yes
NOVA2	PBP2	5	No	Yes
NOX1	FRE7	5	Yes	Yes
NOX1	FRE8	5	Yes	Yes
NOX1	AIM14	4	Yes	No
NOX1	FRE1	4	Yes	No
NOX1	FRE5	4	Yes	No
NOX1	FRE6	4	Yes	No
NOX1	FRE2	3	Yes	No
NOX1	FRE3	3	Yes	No
NOX1	FRE4	3	Yes	No
NOX3	FRE8	5	Yes	Yes
NOX3	AIM14	4	Yes	No
NOX3	FRE1	4	Yes	No
NOX3	FRE5	4	Yes	No
NOX3	FRE6	4	Yes	No
NOX3	FRE7	4	No	No
NOX3	FRE2	3	Yes	No
NOX3	FRE3	3	Yes	No
NOX3	FRE4	3	Yes	No
NOX4	FRE8	5	Yes	Yes
NOX4	AIM14	4	Yes	No
NOX4	FRE1	4	Yes	No
NOX4	FRE5	4	Yes	No
NOX4	FRE6	4	Yes	No
NOX4	FRE7	4	No	No
NOX4	FRE2	3	Yes	No
NOX4	FRE3	3	Yes	No
NOX4	FRE4	3	Yes	No
NOX5	FRE5	4	Yes	Yes
NOX5	FRE8	4	No	Yes
NOX5	FRE2	3	Yes	No
NOX5	FRE3	3	Yes	No
NOX5	FRE4	3	Yes	No
NOXO1	BEM1	3	No	Yes
NOXRED1	PRO3	3	No	Yes
NPC1	NCR1	13	Yes	Yes
NPC1L1	NCR1	12	No	Yes
NPEPPS	AAP1	12	Yes	Yes
NPEPPS	APE2	12	Yes	Yes
NPEPPS	TMA108	5	No	No
NPLOC4	NPL4	13	Yes	Yes
NPRL2	NPR2	12	Yes	Yes
NPRL3	NPR3	7	Yes	Yes
NRARP	ANK1	2	Yes	Yes
NRARP	AVO2	2	Yes	No
NRAS	RAS1	4	No	Yes
NRAS	RAS2	4	No	Yes
NRAS	RSR1	4	No	Yes
NRDC	AXL1	3	No	Yes
NRDC	STE23	3	No	Yes
NRDC	SDD3	2	Yes	No
NRIP2	DDI1	5	No	Yes
NRIP3	DDI1	4	No	Yes
NSA2	NSA2	13	Yes	Yes
NSD1	SET2	5	No	Yes
NSD2	SET2	5	No	Yes
NSD3	SET2	5	No	Yes
NSDHL	ERG26	12	Yes	Yes
NSF	SEC18	13	Yes	Yes
NSFL1C	SHP1	13	Yes	Yes
NSMAF	BPH1	7	No	Yes
NSMCE1	NSE1	10	Yes	Yes
NSMCE2	MMS21	4	Yes	Yes
NSMCE3	NSE3	4	No	Yes
NSMCE4A	NSE4	11	Yes	Yes
NSUN2	NCL1	13	Yes	Yes
NSUN3	NCL1	2	No	Yes
NSUN3	NOP2	2	No	Yes
NSUN3	RCM1	2	No	Yes
NSUN4	NCL1	2	No	Yes
NSUN5	RCM1	13	Yes	Yes
NSUN5P1	RCM1	4	No	Yes
NSUN5P2	RCM1	6	No	Yes
NSUN6	NOP2	2	No	Yes
NSUN6	RCM1	2	No	Yes
NSUN7	RCM1	2	No	Yes
NT5E	SMN1	3	Yes	Yes
NTHL1	NTG1	12	Yes	Yes
NTHL1	NTG2	12	Yes	Yes
NTMT1	TAE1	13	Yes	Yes
NTMT2	TAE1	13	Yes	Yes
NUAK1	FRK1	2	No	Yes
NUAK1	GIN4	2	No	Yes
NUAK1	HAL5	2	No	Yes
NUAK1	HRK1	2	No	Yes
NUAK1	HSL1	2	No	Yes
NUAK1	KCC4	2	No	Yes
NUAK1	KIN1	2	No	Yes
NUAK1	KIN2	2	No	Yes
NUAK1	KIN4	2	No	Yes
NUAK1	KKQ8	2	No	Yes
NUAK1	NPR1	2	No	Yes
NUAK1	PRR2	2	Yes	Yes
NUAK1	SAT4	2	No	Yes
NUAK1	SKS1	2	No	Yes
NUAK1	VHS1	2	No	Yes
NUAK2	FRK1	2	No	Yes
NUAK2	GIN4	2	No	Yes
NUAK2	HAL5	2	No	Yes
NUAK2	HRK1	2	No	Yes
NUAK2	HSL1	2	No	Yes
NUAK2	KCC4	2	No	Yes
NUAK2	KIN1	2	No	Yes
NUAK2	KIN2	2	No	Yes
NUAK2	KIN4	2	No	Yes
NUAK2	KKQ8	2	No	Yes
NUAK2	NPR1	2	No	Yes
NUAK2	PRR2	2	Yes	Yes
NUAK2	SAT4	2	No	Yes
NUAK2	SKS1	2	No	Yes
NUAK2	VHS1	2	No	Yes
NUBP1	NBP35	13	Yes	Yes
NUBP1	CFD1	4	No	No
NUBP2	CFD1	12	Yes	Yes
NUBP2	NBP35	5	No	No
NUBPL	NBP35	3	No	Yes
NUCB1	SSP120	3	Yes	Yes
NUCB2	SSP120	3	Yes	Yes
NUDT10	DDP1	10	Yes	Yes
NUDT11	DDP1	9	No	Yes
NUDT12	NPY1	13	Yes	Yes
NUDT13	NPY1	9	No	Yes
NUDT14	YSA1	3	No	Yes
NUDT3	DDP1	9	No	Yes
NUDT4	DDP1	9	No	Yes
NUDT4B	DDP1	7	No	Yes
NUDT5	YSA1	13	Yes	Yes
NUDT7	PCD1	8	Yes	Yes
NUDT8	PCD1	3	No	Yes
NUF2	NUF2	12	Yes	Yes
NUP107	NUP84	12	Yes	Yes
NUP133	NUP133	7	Yes	Yes
NUP153	NUP1	2	Yes	Yes
NUP155	NUP157	13	Yes	Yes
NUP155	NUP170	13	Yes	Yes
NUP160	NUP120	4	Yes	Yes
NUP188	NUP188	2	Yes	Yes
NUP205	NUP192	7	Yes	Yes
NUP214	NUP159	4	Yes	Yes
NUP35	NUP53	4	Yes	Yes
NUP35	ASM4	2	Yes	No
NUP42	NUP42	2	Yes	Yes
NUP54	NUP57	7	Yes	Yes
NUP58	NUP49	2	No	Yes
NUP62	NSP1	8	Yes	Yes
NUP62CL	NSP1	8	No	Yes
NUP85	NUP85	6	Yes	Yes
NUP88	NUP82	3	Yes	Yes
NUP93	NIC96	13	Yes	Yes
NUP98	NUP145	12	Yes	Yes
NUP98	NUP100	9	Yes	No
NUP98	NUP116	7	Yes	No
NUP98	NUP49	2	Yes	No
NUS1	NUS1	12	Yes	Yes
NUTF2	NTF2	11	Yes	Yes
NUTF2P4	NTF2	4	No	Yes
NVL	RIX7	12	Yes	Yes
NXF1	MEX67	12	Yes	Yes
NXF2	MEX67	10	No	Yes
NXF2B	MEX67	10	No	Yes
NXF3	MEX67	9	No	Yes
NXF5	MEX67	6	No	Yes
NXT1	MTR2	2	Yes	Yes
NXT2	MTR2	2	Yes	Yes
OARD1	POA1	5	Yes	Yes
OAT	CAR2	12	Yes	Yes
OAT	ARG8	3	Yes	No
OAT	BIO3	2	Yes	No
OCRL	INP51	4	No	Yes
ODC1	SPE1	13	Yes	Yes
OGDH	KGD1	13	Yes	Yes
OGDHL	KGD1	13	Yes	Yes
OGFOD1	TPA1	11	Yes	Yes
OGG1	OGG1	12	Yes	Yes
OGG1	MAG1	2	Yes	No
OLA1	OLA1	13	Yes	Yes
OLA1	YLF2	9	Yes	No
OMA1	OMA1	12	Yes	Yes
OPA1	MGM1	4	Yes	Yes
OPA1	VPS1	3	No	Yes
OPLAH	OXP1	12	Yes	Yes
ORC1	ORC1	10	Yes	Yes
ORC1	SIR3	9	Yes	No
ORC2	ORC2	10	Yes	Yes
ORC3	ORC3	7	Yes	Yes
ORC4	ORC4	11	Yes	Yes
ORC5	ORC5	13	Yes	Yes
ORMDL1	ORM1	13	Yes	Yes
ORMDL1	ORM2	13	Yes	Yes
ORMDL2	ORM1	13	Yes	Yes
ORMDL2	ORM2	13	Yes	Yes
ORMDL3	ORM1	13	Yes	Yes
ORMDL3	ORM2	13	Yes	Yes
OS9	YOS9	6	Yes	Yes
OSBP	OSH2	10	Yes	Yes
OSBP	SWH1	10	No	Yes
OSBP	OSH3	5	No	No
OSBP2	SWH1	12	Yes	Yes
OSBP2	OSH2	10	Yes	No
OSBPL10	KES1	5	Yes	Yes
OSBPL10	OSH6	5	No	Yes
OSBPL10	OSH7	5	No	Yes
OSBPL10	HES1	4	Yes	No
OSBPL11	KES1	5	Yes	Yes
OSBPL11	OSH6	5	No	Yes
OSBPL11	OSH7	5	No	Yes
OSBPL11	HES1	4	Yes	No
OSBPL1A	OSH2	5	No	Yes
OSBPL1A	SWH1	5	No	Yes
OSBPL2	OSH2	5	No	Yes
OSBPL2	SWH1	4	No	No
OSBPL2	HES1	3	No	No
OSBPL2	KES1	3	No	No
OSBPL3	OSH3	11	Yes	Yes
OSBPL3	OSH2	4	No	No
OSBPL3	SWH1	4	No	No
OSBPL5	OSH6	8	Yes	Yes
OSBPL5	OSH7	8	Yes	Yes
OSBPL5	HES1	5	Yes	No
OSBPL5	KES1	5	No	No
OSBPL5	HTC1	2	Yes	No
OSBPL6	OSH3	11	Yes	Yes
OSBPL6	OSH2	5	No	No
OSBPL6	SWH1	5	No	No
OSBPL7	OSH3	11	Yes	Yes
OSBPL7	OSH2	5	No	No
OSBPL7	SWH1	5	No	No
OSBPL8	OSH6	8	Yes	Yes
OSBPL8	OSH7	8	Yes	Yes
OSBPL8	HES1	5	Yes	No
OSBPL8	KES1	5	No	No
OSBPL8	HTC1	2	Yes	No
OSBPL9	OSH6	5	No	Yes
OSBPL9	OSH7	5	No	Yes
OSBPL9	KES1	4	No	No
OSBPL9	HES1	3	No	No
OSGEP	KAE1	12	Yes	Yes
OSGEPL1	QRI7	13	Yes	Yes
OST4	OST4	2	Yes	Yes
OSTF1	SHO1	2	Yes	Yes
OSTF1	SLA1	2	Yes	Yes
OTC	ARG3	13	Yes	Yes
OTP	YHP1	3	Yes	Yes
OTUD1	OTU2	2	No	Yes
OTUD3	OTU2	2	No	Yes
OTUD4	OTU2	2	No	Yes
OTUD6A	OTU2	12	Yes	Yes
OTUD6B	OTU2	12	Yes	Yes
OTX1	PHO2	3	Yes	Yes
OTX2	PHO2	3	Yes	Yes
OVCA2	FSH3	12	Yes	Yes
OVCA2	FSH2	11	Yes	No
OVCA2	FSH1	8	Yes	No
OVGP1	CTS2	11	No	Yes
OXA1L	OXA1	13	Yes	Yes
OXLD1	DPC25	6	Yes	Yes
OXNAD1	AIM33	2	No	Yes
OXNAD1	PGA3	2	No	Yes
OXR1	OXR1	7	No	Yes
OXSM	CEM1	13	Yes	Yes
OXSR1	BCK1	2	No	Yes
OXSR1	CDC15	2	No	Yes
OXSR1	CLA4	2	No	Yes
OXSR1	KIC1	2	No	Yes
OXSR1	SKM1	2	No	Yes
OXSR1	SPS1	2	No	Yes
OXSR1	SSK2	2	No	Yes
OXSR1	SSK22	2	No	Yes
OXSR1	STE20	2	No	Yes
P2RY11	SSF1	2	No	Yes
P2RY11	SSF2	2	No	Yes
P4HB	EUG1	10	No	Yes
P4HB	PDI1	9	No	No
PA2G4	ARX1	6	Yes	Yes
PAAF1	RPN14	6	Yes	Yes
PABPC1	PAB1	10	No	Yes
PABPC1	PES4	4	Yes	No
PABPC1	MIP6	3	Yes	No
PABPC1L	PAB1	10	No	Yes
PABPC1L	MIP6	3	Yes	No
PABPC1L	PES4	3	No	No
PABPC1L2A	PAB1	7	No	Yes
PABPC1L2A	HSH49	3	No	No
PABPC1L2A	MIP6	3	Yes	No
PABPC1L2A	PES4	3	No	No
PABPC1L2B	PAB1	6	No	Yes
PABPC1L2B	HSH49	3	No	No
PABPC3	PAB1	10	No	Yes
PABPC3	MIP6	3	Yes	No
PABPC3	PES4	3	No	No
PABPC4	PAB1	11	Yes	Yes
PABPC4L	PAB1	11	No	Yes
PABPC5	PAB1	9	No	Yes
PABPN1	SGN1	8	Yes	Yes
PABPN1L	SGN1	7	No	Yes
PAF1	PAF1	8	Yes	Yes
PAFAH1B1	PAC1	8	Yes	Yes
PAICS	ADE1	10	Yes	Yes
PAICS	ADE2	3	Yes	No
PAK1	STE20	9	Yes	Yes
PAK1	SKM1	8	Yes	No
PAK1	CLA4	5	Yes	No
PAK1IP1	MAK11	11	Yes	Yes
PAK2	SKM1	8	Yes	No
PAK2	STE20	8	No	Yes
PAK2	CLA4	5	Yes	No
PAK3	STE20	9	Yes	Yes
PAK3	SKM1	8	Yes	No
PAK3	CLA4	5	Yes	No
PAK4	CLA4	4	No	Yes
PAK4	SKM1	4	No	Yes
PAK4	STE20	4	No	Yes
PAK5	CLA4	4	No	Yes
PAK5	SKM1	4	No	Yes
PAK5	STE20	4	No	Yes
PAK6	CLA4	4	No	Yes
PAK6	SKM1	3	No	No
PAK6	STE20	3	No	No
PAM16	PAM16	12	Yes	Yes
PAN2	PAN2	13	Yes	Yes
PAN3	PAN3	12	Yes	Yes
PANK1	CAB1	7	No	Yes
PANK2	CAB1	6	No	Yes
PANK3	CAB1	8	No	Yes
PANK4	CAB1	9	Yes	Yes
PAOX	FMS1	9	Yes	Yes
PAPOLA	PAP1	12	No	Yes
PAPOLB	PAP1	13	Yes	Yes
PAPOLG	PAP1	11	No	Yes
PAPSS1	MET14	10	Yes	Yes
PAPSS1	MET3	5	Yes	No
PAPSS2	MET14	10	Yes	Yes
PAPSS2	MET3	5	Yes	No
PAQR3	IZH1	5	No	Yes
PAQR3	IZH3	5	No	Yes
PAQR3	IZH2	4	No	No
PAQR4	IZH1	5	No	Yes
PAQR4	IZH2	5	No	Yes
PAQR4	IZH3	4	No	No
PAQR5	IZH1	4	No	Yes
PAQR5	IZH2	4	No	Yes
PAQR5	IZH3	3	No	No
PAQR6	IZH1	3	No	Yes
PAQR6	IZH2	3	No	Yes
PAQR6	IZH3	3	No	Yes
PAQR7	IZH1	3	No	Yes
PAQR7	IZH2	3	No	Yes
PAQR7	IZH3	3	No	Yes
PAQR8	IZH1	3	No	Yes
PAQR8	IZH2	3	No	Yes
PAQR8	IZH3	3	No	Yes
PAQR9	IZH1	3	No	Yes
PAQR9	IZH2	3	No	Yes
PAQR9	IZH3	3	No	Yes
PARK7	HSP31	2	Yes	Yes
PARK7	HSP32	2	Yes	Yes
PARK7	HSP33	2	Yes	Yes
PARK7	SNO4	2	Yes	Yes
PARL	PCP1	11	Yes	Yes
PARS2	AIM10	13	Yes	Yes
PASK	PSK1	9	Yes	Yes
PASK	PSK2	9	Yes	Yes
PATL1	PAT1	7	Yes	Yes
PATL2	PAT1	6	No	Yes
PAXIP1	RTT107	5	Yes	Yes
PBDC1	CHP1	12	Yes	Yes
PBLD	YHI9	11	Yes	Yes
PBRM1	RSC1	8	Yes	Yes
PBRM1	RSC2	7	Yes	No
PBRM1	RSC4	5	Yes	No
PC	PYC1	13	Yes	Yes
PC	PYC2	13	Yes	Yes
PCBD1	MCO14	9	Yes	Yes
PCBD2	MCO14	8	No	Yes
PCBP1	PBP2	12	Yes	Yes
PCBP1	HEK2	7	No	No
PCBP2	PBP2	12	Yes	Yes
PCBP2	HEK2	7	No	No
PCBP3	PBP2	12	Yes	Yes
PCBP3	HEK2	8	Yes	No
PCBP4	PBP2	12	Yes	Yes
PCBP4	HEK2	7	No	No
PCCA	DUR12	5	Yes	Yes
PCF11	PCF11	7	Yes	Yes
PCID2	THP1	7	Yes	No
PCNA	POL30	13	Yes	Yes
PCSK1	KEX2	8	No	Yes
PCSK2	KEX2	6	No	Yes
PCSK4	KEX2	8	No	Yes
PCSK5	KEX2	8	No	Yes
PCSK6	KEX2	10	No	Yes
PCSK7	KEX2	11	Yes	Yes
PCSK9	PRB1	8	Yes	Yes
PCSK9	RRT12	8	Yes	Yes
PCSK9	YSP3	8	Yes	Yes
PCYT1A	PCT1	10	Yes	Yes
PCYT1B	PCT1	10	Yes	Yes
PCYT2	ECT1	13	Yes	Yes
PDC	PLP2	2	No	Yes
PDCD11	RRP5	13	Yes	Yes
PDCD2	TSR4	8	Yes	Yes
PDCD2L	TSR4	7	No	Yes
PDCD5	SDD2	12	Yes	Yes
PDCD6	PEF1	8	Yes	Yes
PDCD6IP	RIM20	11	Yes	Yes
PDCD6IP	BRO1	6	Yes	No
PDCL	PLP2	2	No	Yes
PDCL2	PLP2	13	Yes	Yes
PDCL3	PLP2	13	Yes	Yes
PDE10A	PDE2	3	No	Yes
PDE11A	PDE2	5	No	Yes
PDE12	NGL2	3	Yes	Yes
PDE12	NGL3	3	Yes	Yes
PDE1A	PDE2	5	No	Yes
PDE1B	PDE2	5	No	Yes
PDE1C	PDE2	5	No	Yes
PDE2A	PDE2	5	No	Yes
PDE3A	PDE2	7	Yes	Yes
PDE3B	PDE2	7	Yes	Yes
PDE4A	PDE2	7	Yes	Yes
PDE4B	PDE2	7	Yes	Yes
PDE4C	PDE2	7	Yes	Yes
PDE4D	PDE2	6	No	Yes
PDE5A	PDE2	5	No	Yes
PDE6A	PDE2	5	No	Yes
PDE6B	PDE2	5	No	Yes
PDE6C	PDE2	5	No	Yes
PDE7A	PDE2	7	Yes	Yes
PDE7B	PDE2	7	Yes	Yes
PDE8A	PDE2	7	Yes	Yes
PDE8B	PDE2	6	No	Yes
PDE9A	PDE2	7	Yes	Yes
PDHA1	PDA1	12	No	Yes
PDHA2	PDA1	13	Yes	Yes
PDHB	PDB1	13	Yes	Yes
PDHX	PDX1	5	Yes	Yes
PDHX	LAT1	4	No	No
PDIA2	EUG1	10	No	Yes
PDIA2	PDI1	9	No	No
PDIA3	EUG1	12	Yes	Yes
PDIA3	PDI1	12	Yes	Yes
PDIA4	EUG1	10	No	Yes
PDIA4	PDI1	10	No	Yes
PDIA5	EPS1	4	No	Yes
PDIA6	MPD1	8	Yes	Yes
PDILT	EUG1	5	No	Yes
PDILT	EPS1	4	No	No
PDILT	PDI1	4	No	No
PDK1	PKP1	9	No	Yes
PDK1	PKP2	6	No	No
PDK2	PKP1	9	No	Yes
PDK2	PKP2	6	No	No
PDK3	PKP1	8	No	Yes
PDK3	PKP2	6	No	No
PDK4	PKP1	8	No	Yes
PDK4	PKP2	6	No	No
PDLIM5	LRG1	3	No	Yes
PDLIM5	PXL1	3	No	Yes
PDLIM7	LRG1	3	No	Yes
PDLIM7	PXL1	3	No	Yes
PDP1	PTC5	13	Yes	Yes
PDP2	PTC5	13	Yes	Yes
PDPK1	PKH1	10	Yes	Yes
PDPK1	PKH2	10	Yes	Yes
PDPK1	PKH3	5	Yes	No
PDPK2P	PKH1	6	No	Yes
PDPK2P	PKH2	6	No	Yes
PDS5A	PDS5	13	Yes	Yes
PDS5B	PDS5	13	Yes	Yes
PDSS1	COQ1	12	Yes	Yes
PDSS2	COQ1	3	No	Yes
PDX1	HMRA1	3	No	Yes
PDXK	BUD16	13	Yes	Yes
PDXK	BUD17	11	Yes	No
PDXP	PHO13	12	Yes	Yes
PEBP1	TFS1	10	Yes	Yes
PEBP1	MRPL35	4	No	No
PEBP4	TFS1	8	No	Yes
PEBP4	MRPL35	4	No	No
PECR	SPS19	3	No	Yes
PEDS1	MMS2	2	No	Yes
PEDS1-UBE2V1	MMS2	11	No	Yes
PEF1	PEF1	6	No	Yes
PELO	DOM34	13	Yes	Yes
PELP1	RIX1	4	Yes	Yes
PEMT	OPI3	13	Yes	Yes
PES1	NOP7	13	Yes	Yes
PET100	PET100	4	Yes	Yes
PET117	PET117	10	Yes	Yes
PEX1	PEX1	10	Yes	Yes
PEX10	PEX10	12	Yes	Yes
PEX11A	PEX11	12	Yes	Yes
PEX11B	PEX11	11	No	Yes
PEX11G	PEX11	2	No	Yes
PEX12	PEX12	12	Yes	Yes
PEX13	PEX13	13	Yes	Yes
PEX14	PEX14	9	Yes	Yes
PEX19	PEX19	9	Yes	Yes
PEX2	PEX2	9	Yes	Yes
PEX3	PEX3	10	Yes	Yes
PEX5	PEX5	12	Yes	Yes
PEX5	PEX9	7	Yes	No
PEX5L	PEX5	11	No	Yes
PEX5L	PEX9	7	Yes	No
PEX6	PEX6	11	Yes	Yes
PEX7	PEX7	12	Yes	Yes
PFAS	ADE6	12	Yes	Yes
PFDN1	PFD1	8	Yes	Yes
PFDN2	GIM4	13	Yes	Yes
PFDN4	GIM3	13	Yes	Yes
PFDN5	GIM5	13	Yes	Yes
PFDN6	YKE2	13	Yes	Yes
PFKFB1	FBP26	13	Yes	Yes
PFKFB1	PFK26	6	Yes	No
PFKFB1	PFK27	5	No	No
PFKFB2	FBP26	13	Yes	Yes
PFKFB2	PFK26	6	Yes	No
PFKFB2	PFK27	5	No	No
PFKFB3	FBP26	13	Yes	Yes
PFKFB3	PFK26	6	Yes	No
PFKFB3	PFK27	5	No	No
PFKFB4	FBP26	13	Yes	Yes
PFKFB4	PFK26	6	Yes	No
PFKFB4	PFK27	6	Yes	No
PFKL	PFK1	13	Yes	Yes
PFKL	PFK2	13	Yes	Yes
PFKM	PFK1	13	Yes	Yes
PFKM	PFK2	13	Yes	Yes
PFKP	PFK1	13	Yes	Yes
PFKP	PFK2	13	Yes	Yes
PFN1	PFY1	3	No	Yes
PFN2	PFY1	3	No	Yes
PFN3	PFY1	3	No	Yes
PFN4	PFY1	9	Yes	Yes
PGA3	PEP4	10	No	Yes
PGA3	BAR1	5	No	No
PGA3	MKC7	4	No	No
PGA3	YPS1	4	No	No
PGA3	YPS3	4	No	No
PGA3	YPS6	4	No	No
PGA4	PEP4	10	No	Yes
PGA4	BAR1	5	No	No
PGA4	MKC7	4	No	No
PGA4	YPS1	4	No	No
PGA4	YPS3	4	No	No
PGA4	YPS6	4	No	No
PGA5	PEP4	10	No	Yes
PGA5	BAR1	5	No	No
PGA5	MKC7	4	No	No
PGA5	YPS1	4	No	No
PGA5	YPS3	4	No	No
PGA5	YPS6	4	No	No
PGAM1	GPM1	12	Yes	Yes
PGAM1	GPM2	8	Yes	No
PGAM1	GPM3	7	No	No
PGAM2	GPM1	12	Yes	Yes
PGAM2	GPM2	8	Yes	No
PGAM2	GPM3	7	No	No
PGAM4	GPM1	11	No	Yes
PGAM4	GPM2	8	Yes	No
PGAM4	GPM3	7	No	No
PGAP1	BST1	9	Yes	Yes
PGAP2	CWH43	4	No	Yes
PGAP3	PER1	13	Yes	Yes
PGC	PEP4	8	No	Yes
PGC	BAR1	6	Yes	No
PGC	MKC7	5	Yes	No
PGC	YPS1	5	Yes	No
PGC	YPS3	5	Yes	No
PGC	YPS6	5	Yes	No
PGD	GND1	13	Yes	Yes
PGD	GND2	13	Yes	Yes
PGGHG	ATH1	10	Yes	Yes
PGGT1B	CDC43	11	Yes	Yes
PGK1	PGK1	12	No	Yes
PGK2	PGK1	13	Yes	Yes
PGLS	SOL3	13	Yes	Yes
PGLS	SOL4	13	Yes	Yes
PGLS	SOL1	11	Yes	No
PGLS	SOL2	11	Yes	No
PGM1	PGM1	13	Yes	Yes
PGM1	PGM2	13	Yes	Yes
PGM2	PRM15	13	Yes	Yes
PGM2L1	PRM15	13	Yes	Yes
PGM3	PCM1	13	Yes	Yes
PGM5	PGM1	13	Yes	Yes
PGM5	PGM2	13	Yes	Yes
PGP	PHO13	12	Yes	Yes
PGRMC1	DAP1	12	Yes	Yes
PGRMC2	DAP1	12	Yes	Yes
PGS1	PGS1	13	Yes	Yes
PHACTR1	BNI4	3	Yes	Yes
PHACTR1	AFR1	2	Yes	No
PHACTR2	BNI4	3	Yes	Yes
PHACTR2	AFR1	2	Yes	No
PHACTR3	BNI4	3	Yes	Yes
PHACTR3	AFR1	2	Yes	No
PHACTR4	BNI4	3	Yes	Yes
PHACTR4	AFR1	2	Yes	No
PHB1	PHB1	13	Yes	Yes
PHB2	PHB2	13	Yes	Yes
PHB2	PHB1	4	No	No
PHF10	SAS3	2	No	Yes
PHF12	RCO1	5	Yes	Yes
PHF14	SNT2	5	Yes	Yes
PHF2	JHD1	7	No	Yes
PHF20	CTI6	3	Yes	Yes
PHF20	SET3	3	No	Yes
PHF20L1	CTI6	2	No	Yes
PHF20L1	SET3	2	No	Yes
PHF3	BYE1	3	Yes	Yes
PHF5A	RDS3	13	Yes	Yes
PHF8	JHD1	8	No	Yes
PHGDH	SER3	8	Yes	Yes
PHGDH	SER33	8	Yes	Yes
PHKG1	CMK1	2	No	Yes
PHKG1	CMK2	2	No	Yes
PHKG1	RCK1	2	No	Yes
PHKG1	RCK2	2	No	Yes
PHKG1	TDA1	2	Yes	Yes
PHKG2	CMK1	4	No	Yes
PHKG2	TDA1	2	Yes	No
PHLPP1	CYR1	5	Yes	Yes
PHLPP2	CYR1	5	Yes	Yes
PHOX2A	YHP1	2	No	Yes
PHOX2B	YHP1	2	No	Yes
PHYKPL	ARG8	2	No	Yes
PHYKPL	CAR2	2	No	Yes
PI15	PRY1	3	No	Yes
PI15	PRY2	3	No	Yes
PI16	PRY1	5	No	Yes
PI16	PRY2	4	No	No
PI4K2A	LSB6	12	Yes	Yes
PI4K2B	LSB6	12	Yes	Yes
PI4KA	STT4	11	Yes	Yes
PI4KAP1	STT4	2	No	Yes
PI4KAP2	STT4	4	No	Yes
PI4KB	PIK1	12	Yes	Yes
PIAS1	NFI1	8	No	Yes
PIAS1	SIZ1	8	Yes	Yes
PIAS2	NFI1	9	Yes	Yes
PIAS2	SIZ1	8	Yes	No
PIAS3	NFI1	8	No	Yes
PIAS3	SIZ1	8	Yes	Yes
PIAS4	NFI1	8	No	Yes
PIAS4	SIZ1	8	Yes	Yes
PICALM	YAP1801	11	Yes	Yes
PICALM	YAP1802	11	Yes	Yes
PIF1	PIF1	11	Yes	Yes
PIF1	RRM3	10	Yes	No
PIGA	SPT14	13	Yes	Yes
PIGB	GPI10	13	Yes	Yes
PIGC	GPI2	13	Yes	Yes
PIGF	GPI11	11	Yes	Yes
PIGG	LAS21	11	Yes	Yes
PIGH	GPI15	5	Yes	Yes
PIGK	GPI8	13	Yes	Yes
PIGL	GPI12	13	Yes	Yes
PIGM	GPI14	13	Yes	Yes
PIGN	MCD4	13	Yes	Yes
PIGO	GPI13	13	Yes	Yes
PIGO	LAS21	4	No	No
PIGP	GPI19	8	Yes	Yes
PIGQ	GPI1	10	Yes	Yes
PIGS	GPI17	13	Yes	Yes
PIGT	GPI16	13	Yes	Yes
PIGU	GAB1	13	Yes	Yes
PIGV	GPI18	10	Yes	Yes
PIGW	GWT1	12	Yes	Yes
PIGZ	SMP3	12	Yes	Yes
PIH1D1	PIH1	9	Yes	Yes
PIH1D2	PIH1	2	No	Yes
PIK3C2A	VPS34	3	No	Yes
PIK3C2B	VPS34	3	No	Yes
PIK3C2G	VPS34	3	No	Yes
PIK3C3	VPS34	13	Yes	Yes
PIK3CA	VPS34	3	No	Yes
PIK3CB	VPS34	3	No	Yes
PIK3CD	VPS34	3	No	Yes
PIK3CG	VPS34	3	No	Yes
PIK3R4	VPS15	12	Yes	Yes
PIKFYVE	FAB1	11	Yes	Yes
PIM1	PSK1	3	No	Yes
PIM1	PSK2	3	No	Yes
PIM2	PSK1	3	No	Yes
PIM2	PSK2	3	No	Yes
PIM3	PSK1	3	No	Yes
PIM3	PSK2	3	No	Yes
PIN1	ESS1	13	Yes	Yes
PINX1	PXR1	9	Yes	Yes
PIP4K2A	MSS4	6	No	Yes
PIP4K2B	MSS4	6	No	Yes
PIP4K2C	MSS4	5	No	Yes
PIP5K1A	MSS4	8	Yes	Yes
PIP5K1B	MSS4	8	Yes	Yes
PIP5K1C	MSS4	8	Yes	Yes
PIP5KL1	MSS4	5	No	Yes
PIPOX	TDA3	2	Yes	Yes
PIPSL	MSS4	3	No	Yes
PISD	PSD1	12	Yes	Yes
PISD	PSD2	2	Yes	No
PITRM1	CYM1	13	Yes	Yes
PITRM1	SDD3	2	Yes	No
PITX1	PHO2	3	Yes	Yes
PITX1	YHP1	3	Yes	Yes
PITX1	YOX1	2	No	Yes
PITX2	PHO2	3	Yes	Yes
PITX3	PHO2	3	Yes	Yes
PITX3	YHP1	3	Yes	Yes
PKLR	CDC19	13	Yes	Yes
PKLR	PYK2	13	Yes	Yes
PKM	CDC19	13	Yes	Yes
PKM	PYK2	13	Yes	Yes
PKMYT1	SWE1	10	Yes	Yes
PKN1	PKC1	6	No	Yes
PKN2	PKC1	6	No	Yes
PKN3	PKC1	7	No	Yes
PKNOX1	CUP9	7	Yes	Yes
PKNOX1	TOS8	7	Yes	Yes
PKNOX1	HMLALPHA2	2	Yes	No
PKNOX1	MATALPHA2	2	Yes	No
PKNOX2	CUP9	7	Yes	Yes
PKNOX2	TOS8	7	Yes	Yes
PKNOX2	HMLALPHA2	2	Yes	No
PKNOX2	MATALPHA2	2	Yes	No
PLA2G15	LRO1	8	Yes	Yes
PLA2G4A	PLB1	7	Yes	Yes
PLA2G4A	PLB3	7	Yes	Yes
PLA2G4A	PLB2	6	Yes	No
PLA2G4A	SPO1	6	Yes	No
PLA2G4B	PLB3	6	No	Yes
PLA2G4B	PLB1	5	No	No
PLA2G4B	PLB2	5	No	No
PLA2G4B	SPO1	5	No	No
PLA2G4C	PLB1	5	No	Yes
PLA2G4C	PLB2	5	No	Yes
PLA2G4C	PLB3	5	No	Yes
PLA2G4C	SPO1	4	No	No
PLA2G4D	PLB1	5	No	Yes
PLA2G4D	PLB2	5	No	Yes
PLA2G4D	PLB3	5	No	Yes
PLA2G4D	SPO1	5	No	Yes
PLA2G4E	PLB2	6	Yes	Yes
PLA2G4E	PLB1	5	No	No
PLA2G4E	PLB3	5	No	No
PLA2G4E	SPO1	5	No	No
PLA2G4F	PLB2	6	Yes	Yes
PLA2G4F	PLB1	5	No	No
PLA2G4F	PLB3	5	No	No
PLA2G4F	SPO1	5	No	No
PLAA	DOA1	12	Yes	Yes
PLAG1	MOT3	2	Yes	Yes
PLAG1	PZF1	2	No	Yes
PLAGL1	MOT3	2	Yes	Yes
PLAGL2	MOT3	2	Yes	Yes
PLCB1	PLC1	6	No	Yes
PLCB2	PLC1	6	No	Yes
PLCB3	PLC1	5	No	Yes
PLCB4	PLC1	6	No	Yes
PLCD1	PLC1	11	No	Yes
PLCD3	PLC1	12	No	Yes
PLCD4	PLC1	12	No	Yes
PLCE1	PLC1	5	No	Yes
PLCG1	PLC1	6	No	Yes
PLCG2	PLC1	6	No	Yes
PLCH1	PLC1	8	No	Yes
PLCH2	PLC1	9	No	Yes
PLCL1	PLC1	10	No	Yes
PLCL2	PLC1	11	Yes	Yes
PLCZ1	PLC1	10	No	Yes
PLD1	SPO14	9	No	Yes
PLD2	SPO14	10	Yes	Yes
PLEC	RPS10A	2	No	Yes
PLEC	RPS10B	2	No	Yes
PLEKHA3	OSH2	2	No	Yes
PLEKHA3	OSH3	2	No	Yes
PLEKHA3	SWH1	2	No	Yes
PLEKHA7	BOI2	3	Yes	Yes
PLEKHA7	BOI1	2	Yes	No
PLEKHF1	PIB1	2	No	Yes
PLEKHF1	PIB2	2	No	Yes
PLEKHF2	PIB1	3	Yes	Yes
PLEKHG1	CDC24	4	No	Yes
PLEKHG2	CDC24	3	No	Yes
PLEKHG3	CDC24	2	No	Yes
PLEKHG4B	CDC24	2	No	Yes
PLK1	CDC5	12	Yes	Yes
PLK2	CDC5	10	No	Yes
PLK3	CDC5	10	No	Yes
PLK4	CDC5	3	No	Yes
PLK5	CDC5	6	No	Yes
PLPP1	DPP1	4	No	Yes
PLPP1	LPP1	4	No	Yes
PLPP2	DPP1	4	No	Yes
PLPP2	LPP1	4	No	Yes
PLPP3	DPP1	4	No	Yes
PLPP3	LPP1	4	No	Yes
PLPP4	DPP1	13	Yes	Yes
PLPP4	LPP1	5	Yes	No
PLPP5	DPP1	13	Yes	Yes
PLPP5	LPP1	5	Yes	No
PLPPR1	DPP1	4	No	Yes
PLPPR1	LPP1	3	No	No
PLPPR2	DPP1	3	No	Yes
PLPPR3	DPP1	4	No	Yes
PLPPR4	DPP1	3	No	Yes
PLPPR5	DPP1	4	No	Yes
PLPPR5	LPP1	3	No	No
PLRG1	PRP46	12	Yes	Yes
PLS1	SAC6	13	Yes	Yes
PLS3	SAC6	13	Yes	Yes
PLSCR1	AIM25	12	Yes	Yes
PLSCR2	AIM25	12	Yes	Yes
PLSCR3	AIM25	10	No	Yes
PLSCR4	AIM25	11	No	Yes
PLSCR5	AIM25	9	No	Yes
PM20D1	CPS1	13	Yes	Yes
PMF1	NNF1	4	Yes	Yes
PMF1-BGLAP	NNF1	4	No	Yes
PMM1	SEC53	12	No	Yes
PMM2	SEC53	12	Yes	Yes
PMPCA	MAS2	13	Yes	Yes
PMPCB	MAS1	13	Yes	Yes
PMPCB	COR1	8	No	No
PMS1	MLH2	6	Yes	Yes
PMS1	PMS1	5	No	Yes
PMS2	PMS1	12	Yes	Yes
PMS2P1	PMS1	3	No	Yes
PMS2P2	PMS1	3	No	Yes
PNCK	CMK1	9	Yes	Yes
PNCK	CMK2	9	No	Yes
PNCK	MEK1	4	Yes	No
PNCK	RCK1	4	Yes	No
PNCK	RCK2	4	Yes	No
PNKD	GLO2	8	No	Yes
PNKD	GLO4	8	No	Yes
PNKD	BDS1	2	Yes	No
PNKP	TPP1	8	Yes	Yes
PNO1	PNO1	12	Yes	Yes
PNP	PNP1	13	Yes	Yes
PNPLA6	NTE1	12	No	Yes
PNPLA7	NTE1	13	Yes	Yes
PNPO	PDX3	13	Yes	Yes
POC1A	SWD3	2	No	Yes
POC1A	TUP1	2	Yes	Yes
POC1B	SWD3	2	No	Yes
POC1B	TUP1	2	Yes	Yes
POGK	PDC2	3	No	Yes
POGZ	PDC2	2	No	Yes
POLA1	POL1	13	Yes	Yes
POLA2	POL12	12	Yes	Yes
POLB	POL4	8	No	Yes
POLD1	POL3	13	Yes	Yes
POLD1	REV3	4	No	No
POLD2	POL31	13	Yes	Yes
POLDIP3	YRA1	4	No	Yes
POLE	POL2	13	Yes	Yes
POLE2	DPB2	12	Yes	Yes
POLE3	DPB4	6	Yes	Yes
POLE4	DLS1	6	Yes	Yes
POLE4	DPB3	6	Yes	No
POLG	MIP1	13	Yes	Yes
POLG2	GRS1	4	No	Yes
POLG2	GRS2	4	No	Yes
POLH	RAD30	13	Yes	Yes
POLI	RAD30	4	No	Yes
POLK	RAD30	2	No	Yes
POLK	REV1	2	No	Yes
POLL	POL4	11	Yes	Yes
POLM	POL4	6	No	Yes
POLR1A	RPA190	13	Yes	Yes
POLR1A	RPO31	4	No	No
POLR1B	RPA135	13	Yes	Yes
POLR1B	RET1	4	No	No
POLR1B	RPB2	4	No	No
POLR1C	RPC40	13	Yes	Yes
POLR1D	RPC19	13	Yes	Yes
POLR1E	RPA49	13	Yes	Yes
POLR1F	RPA43	9	Yes	Yes
POLR1H	RPA12	13	Yes	Yes
POLR2A	RPO21	12	Yes	Yes
POLR2B	RPB2	13	Yes	Yes
POLR2B	RET1	4	No	No
POLR2B	RPA135	4	No	No
POLR2C	RPB3	13	Yes	Yes
POLR2D	RPB4	10	Yes	Yes
POLR2E	RPB5	13	Yes	Yes
POLR2F	RPO26	11	Yes	Yes
POLR2G	RPB7	13	Yes	Yes
POLR2H	RPB8	12	Yes	Yes
POLR2I	RPB9	13	Yes	Yes
POLR2J	RPB11	13	Yes	Yes
POLR2J2	RPB11	13	Yes	Yes
POLR2J3	RPB11	13	Yes	Yes
POLR2K	RPC10	12	Yes	Yes
POLR2L	RPB10	13	Yes	Yes
POLR3A	RPO31	13	Yes	Yes
POLR3A	RPA190	4	No	No
POLR3B	RET1	13	Yes	Yes
POLR3B	RPA135	5	No	No
POLR3B	RPB2	4	No	No
POLR3C	RPC82	10	Yes	Yes
POLR3D	RPC53	8	Yes	Yes
POLR3E	RPC37	7	Yes	Yes
POLR3F	RPC34	13	Yes	Yes
POLR3G	RPC31	4	Yes	Yes
POLR3GL	RPC31	4	Yes	Yes
POLR3H	RPC25	12	Yes	Yes
POLR3K	RPC11	13	Yes	Yes
POLRMT	RPO41	11	Yes	Yes
POMP	UMP1	12	Yes	Yes
POMT1	PMT4	11	Yes	Yes
POMT1	PMT5	6	Yes	No
POMT1	PMT1	5	Yes	No
POMT1	PMT2	5	No	No
POMT1	PMT3	5	No	No
POMT1	PMT6	5	No	No
POMT1	PMT7	4	Yes	No
POMT2	PMT2	12	Yes	Yes
POMT2	PMT3	12	Yes	Yes
POMT2	PMT6	11	Yes	No
POMT2	PMT5	4	No	No
POMT2	PMT7	4	Yes	No
POP1	POP1	9	Yes	Yes
POP4	POP4	12	Yes	Yes
POP5	POP5	10	Yes	Yes
POR	NCP1	13	Yes	Yes
PORCN	ALE1	2	No	Yes
POTEE	ACT1	5	No	Yes
POTEF	ACT1	5	No	Yes
POTEI	ACT1	5	No	Yes
POTEJ	ACT1	4	No	Yes
POTEKP	ACT1	6	No	Yes
POU1F1	YOX1	3	No	Yes
POU2F1	YOX1	3	No	Yes
POU2F2	YOX1	2	No	Yes
POU2F3	YOX1	3	No	Yes
POU3F1	YOX1	3	No	Yes
POU3F2	YOX1	3	No	Yes
POU3F3	YOX1	4	Yes	Yes
POU3F3	YHP1	3	Yes	No
POU3F4	YOX1	3	No	Yes
POU4F1	YOX1	2	No	Yes
POU4F2	YOX1	2	No	Yes
POU4F3	YOX1	2	No	Yes
POU5F1	YOX1	2	No	Yes
POU5F1B	YOX1	2	No	Yes
POU5F2	YOX1	2	No	Yes
POU6F1	YOX1	2	No	Yes
POU6F2	YOX1	2	No	Yes
PP2D1	PTC1	4	No	Yes
PPA1	IPP1	12	No	Yes
PPA1	PPA2	8	Yes	No
PPA2	IPP1	13	Yes	Yes
PPA2	PPA2	8	Yes	No
PPAN	SSF1	12	Yes	Yes
PPAN	SSF2	12	Yes	Yes
PPAN-P2RY11	SSF1	13	Yes	Yes
PPAN-P2RY11	SSF2	13	Yes	Yes
PPAT	ADE4	12	Yes	Yes
PPCDC	CAB3	10	Yes	Yes
PPCDC	SIS2	9	Yes	No
PPCDC	VHS3	8	Yes	No
PPCS	CAB2	13	Yes	Yes
PPEF1	PPG1	4	No	Yes
PPEF1	PPH21	4	No	Yes
PPEF1	PPH22	4	No	Yes
PPEF1	PPQ1	4	No	Yes
PPEF1	PPZ2	4	No	Yes
PPEF1	PPT1	3	No	Yes
PPEF2	PPG1	4	No	Yes
PPEF2	PPH21	4	No	Yes
PPEF2	PPH22	4	No	Yes
PPEF2	PPQ1	4	No	Yes
PPEF2	PPZ2	4	No	Yes
PPEF2	PPT1	3	No	Yes
PPIA	CPR1	11	No	Yes
PPIA	CPR3	9	No	No
PPIA	CPR2	4	No	No
PPIA	CPR5	4	No	No
PPIAL4A	CPR1	7	No	Yes
PPIAL4A	CPR3	7	No	Yes
PPIAL4C	CPR1	7	No	Yes
PPIAL4C	CPR3	7	No	Yes
PPIAL4D	CPR1	5	No	Yes
PPIAL4D	CPR3	5	No	Yes
PPIAL4E	CPR1	6	No	Yes
PPIAL4E	CPR3	6	No	Yes
PPIAL4F	CPR1	6	No	Yes
PPIAL4F	CPR3	6	No	Yes
PPIAL4G	CPR1	7	No	Yes
PPIAL4G	CPR3	7	No	Yes
PPIAL4G	CPR2	4	No	No
PPIAL4G	CPR5	4	No	No
PPIAL4H	CPR1	6	No	Yes
PPIAL4H	CPR3	6	No	Yes
PPIAP40	CPR1	4	No	Yes
PPIAP59	CPR1	2	No	Yes
PPIAP59	CPR3	2	No	Yes
PPIAP60	CPR1	2	No	Yes
PPIAP60	CPR3	2	No	Yes
PPIB	CPR2	11	Yes	Yes
PPIB	CPR5	11	Yes	Yes
PPIB	CPR1	5	No	No
PPIB	CPR3	5	No	No
PPIB	CPR4	5	Yes	No
PPIB	CPR8	3	Yes	No
PPIC	CPR2	11	Yes	Yes
PPIC	CPR5	11	Yes	Yes
PPIC	CPR1	5	No	No
PPIC	CPR3	5	No	No
PPIC	CPR4	5	Yes	No
PPIC	CPR8	3	Yes	No
PPID	CPR6	11	Yes	Yes
PPID	CPR7	6	Yes	No
PPIE	CPR1	7	No	Yes
PPIE	CPR3	6	No	No
PPIF	CPR1	12	Yes	Yes
PPIF	CPR3	10	Yes	No
PPIF	CPR2	4	No	No
PPIF	CPR5	4	No	No
PPIG	CPR6	5	No	Yes
PPIH	CPR1	4	No	Yes
PPIL1	CPR1	4	No	Yes
PPIL2	CPR1	2	No	Yes
PPIL2	CPR3	2	No	Yes
PPIL3	CPR1	4	No	Yes
PPIL4	CPR1	2	No	Yes
PPIL4	CPR3	2	No	Yes
PPIL6	CPR1	3	No	Yes
PPIL6	CPR3	3	No	Yes
PPIP5K1	VIP1	12	No	Yes
PPIP5K2	VIP1	13	Yes	Yes
PPM1A	PTC2	8	Yes	Yes
PPM1A	PTC3	7	No	No
PPM1B	PTC3	8	Yes	Yes
PPM1B	PTC2	7	No	No
PPM1B	PTC4	4	No	No
PPM1D	PTC4	3	No	Yes
PPM1E	PTC1	6	Yes	Yes
PPM1E	PTC4	5	Yes	Yes
PPM1E	PTC2	4	No	No
PPM1E	PTC3	4	No	No
PPM1F	PTC1	5	No	No
PPM1F	PTC4	5	Yes	Yes
PPM1G	PTC1	4	No	Yes
PPM1G	PTC2	3	No	Yes
PPM1G	PTC3	3	No	Yes
PPM1G	PTC4	3	No	Yes
PPM1H	PTC4	3	No	Yes
PPM1J	PTC4	3	No	Yes
PPM1K	PTC6	7	Yes	Yes
PPM1K	PTC1	4	No	No
PPM1L	PTC1	4	No	Yes
PPM1M	PTC4	2	No	Yes
PPM1M	PTC5	2	No	Yes
PPM1N	PTC2	6	No	Yes
PPM1N	PTC3	6	No	Yes
PPME1	PPE1	13	Yes	Yes
PPOX	HEM14	12	Yes	Yes
PPP1CA	GLC7	11	No	Yes
PPP1CA	PPZ1	5	No	No
PPP1CA	PPQ1	4	No	No
PPP1CA	PPZ2	4	No	No
PPP1CB	GLC7	10	No	Yes
PPP1CB	PPH21	4	No	No
PPP1CB	PPH22	4	No	No
PPP1CB	PPQ1	4	No	No
PPP1CB	PPZ1	4	No	No
PPP1CB	PPZ2	4	No	No
PPP1CC	GLC7	12	Yes	Yes
PPP1CC	PPZ1	6	Yes	No
PPP1CC	PPQ1	5	Yes	No
PPP1CC	PPZ2	5	Yes	No
PPP1CC	PPG1	4	No	No
PPP1CC	PPH21	4	No	No
PPP1CC	PPH22	4	No	No
PPP1CC	PPH3	4	No	No
PPP1CC	SIT4	4	No	No
PPP1R11	YPI1	7	Yes	Yes
PPP1R2	GLC8	5	Yes	Yes
PPP1R27	ANK1	2	Yes	Yes
PPP1R27	AVO2	2	Yes	No
PPP1R2B	GLC8	4	No	Yes
PPP1R2C	GLC8	4	No	Yes
PPP1R2P1	GLC8	3	No	Yes
PPP1R3A	GIP2	6	No	Yes
PPP1R3A	PIG2	6	No	Yes
PPP1R3A	GAC1	5	Yes	No
PPP1R3A	PIG1	5	No	No
PPP1R3B	GIP2	7	Yes	Yes
PPP1R3B	PIG2	7	Yes	Yes
PPP1R3B	GAC1	4	No	No
PPP1R3B	PIG1	4	No	No
PPP1R3C	GIP2	7	Yes	Yes
PPP1R3C	PIG2	7	Yes	Yes
PPP1R3C	GAC1	4	No	No
PPP1R3C	PIG1	4	No	No
PPP1R3D	GIP2	6	No	Yes
PPP1R3D	PIG2	6	No	Yes
PPP1R3D	GAC1	5	Yes	No
PPP1R3D	PIG1	5	No	No
PPP1R3E	PIG1	6	Yes	Yes
PPP1R3E	GAC1	5	Yes	No
PPP1R3E	GIP2	5	No	No
PPP1R3E	PIG2	5	No	No
PPP1R3F	GAC1	3	No	Yes
PPP1R3F	GIP2	3	No	Yes
PPP1R3F	PIG1	3	No	Yes
PPP1R3F	PIG2	3	No	Yes
PPP1R3G	GAC1	5	Yes	Yes
PPP1R3G	GIP2	5	No	Yes
PPP1R3G	PIG1	5	No	Yes
PPP1R3G	PIG2	5	No	Yes
PPP1R7	SDS22	11	Yes	Yes
PPP1R7	NUD1	2	Yes	No
PPP2CA	PPH21	12	Yes	Yes
PPP2CA	PPH22	12	Yes	Yes
PPP2CA	SIT4	5	No	No
PPP2CA	GLC7	4	No	No
PPP2CA	PPG1	4	No	No
PPP2CA	PPH3	4	No	No
PPP2CA	PPQ1	4	No	No
PPP2CA	PPZ1	4	No	No
PPP2CA	PPZ2	4	No	No
PPP2CB	PPH21	11	No	Yes
PPP2CB	PPH22	11	No	Yes
PPP2CB	SIT4	4	No	No
PPP2R1A	TPD3	13	Yes	Yes
PPP2R1B	TPD3	13	Yes	Yes
PPP2R2A	CDC55	13	Yes	Yes
PPP2R2B	CDC55	13	Yes	Yes
PPP2R2C	CDC55	12	No	Yes
PPP2R2D	CDC55	12	No	Yes
PPP2R5A	RTS1	12	Yes	Yes
PPP2R5B	RTS1	12	Yes	Yes
PPP2R5C	RTS1	12	Yes	Yes
PPP2R5D	RTS1	12	Yes	Yes
PPP2R5E	RTS1	12	Yes	Yes
PPP3CA	CMP2	13	Yes	Yes
PPP3CA	CNA1	13	Yes	Yes
PPP3CB	CMP2	13	Yes	Yes
PPP3CB	CNA1	13	Yes	Yes
PPP3CC	CMP2	13	Yes	Yes
PPP3CC	CNA1	13	Yes	Yes
PPP3R1	CNB1	12	Yes	Yes
PPP3R2	CNB1	9	No	Yes
PPP4C	PPH3	10	Yes	Yes
PPP4C	SIT4	5	No	No
PPP4C	PPG1	4	No	No
PPP4R1	TPD3	3	No	Yes
PPP4R2	PSY4	5	Yes	Yes
PPP4R3A	PSY2	13	Yes	Yes
PPP4R3B	PSY2	13	Yes	Yes
PPP4R3C	PSY2	13	Yes	Yes
PPP4R4	TPD3	2	No	Yes
PPP5C	PPT1	13	Yes	Yes
PPP6C	SIT4	13	Yes	Yes
PPP6C	PPG1	5	Yes	No
PPP6C	PPH3	5	No	No
PPP6C	GLC7	4	No	No
PPP6C	PPH21	4	No	No
PPP6C	PPH22	4	No	No
PPP6C	PPQ1	4	No	No
PPP6C	PPZ1	4	No	No
PPP6C	PPZ2	4	No	No
PPP6R1	SAP185	11	Yes	Yes
PPP6R1	SAP155	10	Yes	No
PPP6R1	SAP190	10	Yes	No
PPP6R1	SAP4	8	Yes	No
PPP6R2	SAP185	10	No	Yes
PPP6R2	SAP155	9	No	No
PPP6R2	SAP190	9	No	No
PPP6R2	SAP4	8	Yes	No
PPP6R3	SAP185	11	Yes	Yes
PPP6R3	SAP190	10	Yes	No
PPP6R3	SAP155	9	No	No
PPP6R3	SAP4	8	Yes	No
PPTC7	PTC7	13	Yes	Yes
PPWD1	CPR1	2	No	Yes
PPWD1	CPR3	2	No	Yes
PRC1	ASE1	8	Yes	Yes
PRDM6	CRZ1	2	Yes	Yes
PRDX1	TSA1	12	Yes	Yes
PRDX1	TSA2	12	Yes	Yes
PRDX2	TSA1	12	Yes	Yes
PRDX2	TSA2	12	Yes	Yes
PRDX3	TSA1	10	No	Yes
PRDX3	TSA2	10	No	Yes
PRDX4	TSA2	11	No	Yes
PRDX4	TSA1	10	No	No
PRDX5	AHP1	12	Yes	Yes
PRDX6	PRX1	13	Yes	Yes
PREB	SED4	4	Yes	Yes
PREB	SEC12	3	Yes	No
PRELID1	UPS1	12	Yes	Yes
PRELID2	UPS3	5	No	Yes
PRELID2	UPS2	4	No	No
PRELID3A	UPS3	13	Yes	Yes
PRELID3A	UPS2	12	Yes	No
PRELID3B	UPS3	13	Yes	Yes
PRELID3B	UPS2	12	Yes	No
PREX1	CDC24	3	No	Yes
PREX2	CDC24	3	No	Yes
PRIM1	PRI1	13	Yes	Yes
PRIM2	PRI2	13	Yes	Yes
PRKAA1	SNF1	11	Yes	Yes
PRKAA1	FRK1	4	Yes	No
PRKAA1	KIN1	4	Yes	No
PRKAA1	KIN2	4	Yes	No
PRKAA1	KIN4	4	Yes	No
PRKAA2	SNF1	11	Yes	Yes
PRKAA2	FRK1	4	Yes	No
PRKAA2	KIN1	4	Yes	No
PRKAA2	KIN2	4	Yes	No
PRKAA2	KIN4	4	Yes	No
PRKAB1	GAL83	11	Yes	Yes
PRKAB1	SIP2	11	Yes	Yes
PRKAB1	SIP1	4	Yes	No
PRKAB1	CRP1	3	Yes	No
PRKAB1	MDG1	3	Yes	No
PRKAB2	GAL83	11	Yes	Yes
PRKAB2	SIP2	11	Yes	Yes
PRKAB2	SIP1	4	Yes	No
PRKAB2	CRP1	3	Yes	No
PRKAB2	MDG1	3	Yes	No
PRKACA	TPK2	12	Yes	Yes
PRKACA	TPK3	12	Yes	Yes
PRKACA	TPK1	11	Yes	No
PRKACB	TPK2	12	Yes	Yes
PRKACB	TPK3	12	Yes	Yes
PRKACB	TPK1	11	Yes	No
PRKACG	TPK2	12	Yes	Yes
PRKACG	TPK3	12	Yes	Yes
PRKACG	TPK1	11	Yes	No
PRKAG1	SNF4	12	Yes	Yes
PRKAG1	SDS23	5	Yes	No
PRKAG1	SDS24	5	Yes	No
PRKAG2	SNF4	11	Yes	Yes
PRKAG2	SDS23	4	No	No
PRKAG3	SNF4	11	Yes	Yes
PRKAG3	SDS23	4	No	No
PRKAG3	SDS24	4	No	No
PRKAR1A	BCY1	8	No	Yes
PRKAR1B	BCY1	9	No	Yes
PRKAR2A	BCY1	11	Yes	Yes
PRKAR2B	BCY1	11	Yes	Yes
PRKCA	PKC1	6	No	Yes
PRKCB	PKC1	6	No	Yes
PRKCD	PKC1	7	Yes	Yes
PRKCE	PKC1	7	Yes	Yes
PRKCG	PKC1	6	No	Yes
PRKCH	PKC1	7	Yes	Yes
PRKCI	PKC1	4	No	Yes
PRKCQ	PKC1	7	Yes	Yes
PRKCSH	GTB1	9	Yes	Yes
PRKCZ	PKC1	4	No	Yes
PRKG1	TPK1	2	No	Yes
PRKG1	TPK2	2	No	Yes
PRKG1	TPK3	2	No	Yes
PRKG2	BCY1	2	No	Yes
PRKG2	TPK1	2	No	Yes
PRKG2	TPK2	2	No	Yes
PRKG2	TPK3	2	No	Yes
PRKN	ITT1	2	No	Yes
PRKX	TPK1	8	No	Yes
PRKX	TPK2	8	No	Yes
PRKX	TPK3	8	No	Yes
PRMT1	HMT1	13	Yes	Yes
PRMT2	HMT1	4	No	Yes
PRMT3	HMT1	6	No	Yes
PRMT5	HSL7	12	Yes	Yes
PRMT6	HMT1	5	No	Yes
PRMT8	HMT1	12	No	Yes
PRMT9	HMT1	3	No	Yes
PRODH	PUT1	11	Yes	Yes
PRODH2	PUT1	11	Yes	Yes
PROP1	PHO2	3	Yes	Yes
PROP1	YHP1	3	Yes	Yes
PRPF18	PRP18	12	Yes	Yes
PRPF19	PRP19	8	Yes	Yes
PRPF3	PRP3	12	Yes	Yes
PRPF31	PRP31	13	Yes	Yes
PRPF38A	PRP38	3	Yes	Yes
PRPF39	PRP42	10	Yes	Yes
PRPF39	PRP39	8	Yes	No
PRPF4	PRP4	10	Yes	Yes
PRPF40A	PRP40	11	No	Yes
PRPF40A	URN1	3	No	No
PRPF40B	PRP40	12	Yes	Yes
PRPF40B	URN1	4	Yes	No
PRPF6	PRP6	11	Yes	Yes
PRPF8	PRP8	13	Yes	Yes
PRPS1	PRS2	12	No	Yes
PRPS1	PRS3	12	No	No
PRPS1	PRS4	12	No	Yes
PRPS1	PRS5	5	No	No
PRPS1	PRS1	4	No	No
PRPS1L1	PRS2	11	No	Yes
PRPS1L1	PRS3	11	No	No
PRPS1L1	PRS4	11	No	Yes
PRPS1L1	PRS5	5	No	No
PRPS1L1	PRS1	4	No	No
PRPS2	PRS2	13	Yes	Yes
PRPS2	PRS3	13	Yes	No
PRPS2	PRS4	13	Yes	Yes
PRPS2	PRS5	6	Yes	No
PRPS2	PRS1	5	No	No
PRPSAP1	PRS1	8	Yes	Yes
PRPSAP1	PRS5	6	Yes	No
PRPSAP1	PRS2	4	No	No
PRPSAP1	PRS3	4	No	No
PRPSAP1	PRS4	4	No	No
PRPSAP2	PRS1	8	Yes	Yes
PRPSAP2	PRS5	6	Yes	No
PRPSAP2	PRS2	4	No	No
PRPSAP2	PRS3	4	No	No
PRPSAP2	PRS4	4	No	No
PRR5	BIT2	2	Yes	Yes
PRR5	BIT61	2	Yes	Yes
PRR5L	BIT2	2	Yes	Yes
PRR5L	BIT61	2	Yes	Yes
PRRX1	PHO2	2	No	Yes
PRRX1	YHP1	2	No	Yes
PRRX2	PHO2	3	Yes	Yes
PRUNE1	PPX1	13	Yes	Yes
PRUNE2	PPX1	4	No	Yes
PSAT1	SER1	13	Yes	Yes
PSD	GEA1	2	No	Yes
PSD	GEA2	2	No	Yes
PSD2	GEA1	2	No	Yes
PSD2	GEA2	2	No	Yes
PSD2	SEC7	2	No	Yes
PSD3	GEA1	2	No	Yes
PSD3	GEA2	2	No	Yes
PSD3	SEC7	2	No	Yes
PSD4	GEA1	2	No	Yes
PSD4	GEA2	2	No	Yes
PSD4	SEC7	2	No	Yes
PSIP1	IOC4	2	Yes	Yes
PSIP1	PDP3	2	No	Yes
PSKH1	CMK1	8	No	Yes
PSKH1	CMK2	8	No	Yes
PSKH1	RCK1	4	Yes	No
PSKH1	RCK2	4	No	No
PSKH2	CMK1	6	No	Yes
PSKH2	CMK2	6	No	Yes
PSMA1	PRE5	13	Yes	Yes
PSMA2	PRE8	13	Yes	Yes
PSMA3	PRE10	13	Yes	Yes
PSMA4	PRE9	13	Yes	Yes
PSMA5	PUP2	13	Yes	Yes
PSMA6	SCL1	12	Yes	Yes
PSMA7	PRE6	12	Yes	Yes
PSMA8	PRE6	12	Yes	Yes
PSMB1	PRE7	12	Yes	Yes
PSMB10	PUP1	11	No	Yes
PSMB11	PRE2	8	No	Yes
PSMB2	PRE1	13	Yes	Yes
PSMB3	PUP3	13	Yes	Yes
PSMB4	PRE4	12	Yes	Yes
PSMB5	PRE2	13	Yes	Yes
PSMB6	PRE3	13	Yes	Yes
PSMB7	PUP1	12	Yes	Yes
PSMB8	PRE2	12	No	Yes
PSMB9	PRE3	12	No	Yes
PSMC1	RPT2	12	Yes	Yes
PSMC2	RPT1	12	Yes	Yes
PSMC3	RPT5	13	Yes	Yes
PSMC3IP	HOP2	9	Yes	Yes
PSMC4	RPT3	13	Yes	Yes
PSMC5	RPT6	12	Yes	Yes
PSMC6	RPT4	12	Yes	Yes
PSMD1	RPN2	13	Yes	Yes
PSMD10	NAS6	7	Yes	Yes
PSMD11	RPN6	13	Yes	Yes
PSMD12	RPN5	13	Yes	Yes
PSMD13	RPN9	13	Yes	Yes
PSMD14	RPN11	13	Yes	Yes
PSMD2	RPN1	13	Yes	Yes
PSMD3	RPN3	13	Yes	Yes
PSMD4	RPN10	13	Yes	Yes
PSMD6	RPN7	13	Yes	Yes
PSMD6	PCI8	2	Yes	No
PSMD7	RPN8	13	Yes	Yes
PSMD8	RPN12	11	Yes	Yes
PSMD9	NAS2	13	Yes	Yes
PSME4	BLM10	12	Yes	Yes
PSMG2	ADD66	6	Yes	Yes
PSPH	SER2	12	Yes	Yes
PSTPIP1	HOF1	3	No	Yes
PSTPIP1	RGD2	2	Yes	No
PSTPIP2	HOF1	3	No	Yes
PSTPIP2	RGD2	2	Yes	No
PTAR1	ECM9	4	Yes	Yes
PTCHD1	NCR1	3	No	Yes
PTCHD3	NCR1	2	No	Yes
PTCHD4	NCR1	3	No	Yes
PTEN	TEP1	10	Yes	Yes
PTGES3	SBA1	10	Yes	Yes
PTGES3L	SBA1	6	No	Yes
PTGR3	ADH3	3	Yes	Yes
PTGR3	ADH1	2	Yes	No
PTGR3	ADH2	2	Yes	No
PTGR3	ADH5	2	Yes	No
PTGR3	ADH6	2	Yes	No
PTGR3	ADH7	2	Yes	No
PTK6	LSB1	2	No	Yes
PTPA	RRD1	11	Yes	Yes
PTPA	RRD2	9	Yes	No
PTPMT1	PPS1	2	No	Yes
PTPN1	PTP1	6	No	Yes
PTPN1	PTP3	4	No	No
PTPN11	PTP1	5	No	Yes
PTPN11	PTP3	4	No	No
PTPN12	PTP1	7	No	Yes
PTPN12	PTP3	5	No	No
PTPN13	PTP1	3	No	Yes
PTPN14	PTP3	2	No	Yes
PTPN18	PTP1	6	No	Yes
PTPN18	PTP3	4	No	No
PTPN2	PTP1	5	No	Yes
PTPN2	PTP3	4	No	No
PTPN20	PTP1	6	No	Yes
PTPN20	PTP3	4	No	No
PTPN21	PTP3	2	No	Yes
PTPN22	PTP1	7	No	Yes
PTPN22	PTP3	5	No	No
PTPN22	PTP2	4	Yes	No
PTPN23	BRO1	5	Yes	Yes
PTPN23	RIM20	5	No	No
PTPN3	PTP1	2	No	Yes
PTPN4	PTP1	2	No	Yes
PTPN5	PTP1	4	No	Yes
PTPN5	PTP3	4	No	Yes
PTPN6	PTP1	7	No	Yes
PTPN7	PTP1	8	Yes	Yes
PTPN7	PTP3	6	Yes	No
PTPN9	PTP1	7	No	Yes
PTPN9	PTP3	5	No	No
PTPRA	PTP1	6	No	Yes
PTPRA	PTP3	4	No	No
PTPRB	PTP1	3	No	Yes
PTPRB	PTP3	3	No	Yes
PTPRC	PTP1	6	No	Yes
PTPRC	PTP3	4	No	No
PTPRD	PTP1	7	No	Yes
PTPRD	PTP3	4	No	No
PTPRE	PTP1	6	No	Yes
PTPRE	PTP3	5	No	No
PTPRF	PTP1	7	No	Yes
PTPRF	PTP3	4	No	No
PTPRG	PTP1	6	No	Yes
PTPRG	PTP3	6	Yes	No
PTPRG	PTP2	4	Yes	No
PTPRH	PTP1	5	No	Yes
PTPRH	PTP3	5	No	No
PTPRH	PTP2	4	Yes	No
PTPRJ	PTP1	6	No	Yes
PTPRJ	PTP3	4	No	No
PTPRK	PTP1	6	No	Yes
PTPRM	PTP1	6	No	Yes
PTPRN	PTP3	3	No	Yes
PTPRN2	PTP3	3	No	Yes
PTPRO	PTP1	4	No	Yes
PTPRQ	PTP1	3	No	Yes
PTPRR	PTP1	5	No	Yes
PTPRR	PTP3	4	No	No
PTPRS	PTP1	7	No	Yes
PTPRS	PTP3	4	No	No
PTPRT	PTP1	6	No	Yes
PTPRU	PTP1	6	No	Yes
PTPRZ1	PTP3	6	Yes	Yes
PTPRZ1	PTP1	5	No	Yes
PTPRZ1	PTP2	4	Yes	No
PTRH1	PTH1	12	Yes	Yes
PTRH2	PTH2	12	Yes	Yes
PUDP	DOG1	2	Yes	No
PUDP	DOG2	2	Yes	No
PUDP	GPP1	2	Yes	No
PUDP	GPP2	2	Yes	No
PUM1	PUF3	9	Yes	Yes
PUM1	MPT5	3	Yes	No
PUM1	JSN1	2	Yes	No
PUM1	PUF2	2	Yes	No
PUM2	PUF3	9	Yes	Yes
PUM2	PUF4	4	Yes	No
PUM2	MPT5	3	Yes	No
PUM2	JSN1	2	Yes	No
PUM2	PUF2	2	Yes	No
PUM3	PUF6	13	Yes	Yes
PUS1	PUS1	12	Yes	Yes
PUS1	PUS2	11	Yes	No
PUS3	DEG1	13	Yes	Yes
PUS7	PUS7	13	Yes	Yes
PUS7L	PUS7	6	No	Yes
PUSL1	DEG1	2	No	Yes
PUSL1	PUS1	2	No	Yes
PUSL1	PUS2	2	No	Yes
PWP1	PWP1	13	Yes	Yes
PWP2	PWP2	13	Yes	Yes
PXMP2	SYM1	5	No	Yes
PXN	PXL1	4	Yes	Yes
PYCR1	PRO3	10	Yes	Yes
PYCR2	PRO3	10	Yes	Yes
PYCR3	PRO3	10	Yes	Yes
PYGB	GPH1	13	Yes	Yes
PYGL	GPH1	13	Yes	Yes
PYGM	GPH1	13	Yes	Yes
PYROXD1	AIF1	2	No	Yes
QARS1	GLN4	13	Yes	Yes
QKI	MSL5	3	No	Yes
QPRT	BNA6	13	Yes	Yes
QRSL1	HER2	13	Yes	Yes
R3HDM1	RBS1	6	No	Yes
R3HDM2	RBS1	7	Yes	Yes
R3HDML	PRY1	2	No	Yes
R3HDML	PRY2	2	No	Yes
RAB10	SEC4	10	No	Yes
RAB10	TEM1	2	Yes	No
RAB11A	YPT31	11	Yes	Yes
RAB11A	YPT32	11	Yes	Yes
RAB11A	YPT11	2	Yes	No
RAB11B	YPT31	10	No	Yes
RAB11B	YPT32	10	No	Yes
RAB11B	YPT11	2	Yes	No
RAB12	SEC4	4	No	Yes
RAB12	TEM1	2	Yes	No
RAB13	SEC4	9	No	Yes
RAB14	YPT10	2	No	Yes
RAB14	YPT52	2	No	Yes
RAB14	YPT6	2	No	Yes
RAB15	SEC4	3	No	Yes
RAB15	TEM1	2	Yes	No
RAB17	VPS21	6	No	Yes
RAB17	YPT52	6	No	Yes
RAB17	YPT10	5	Yes	No
RAB17	YPT53	5	No	No
RAB17	TEM1	2	Yes	No
RAB18	SEC4	2	No	Yes
RAB18	TEM1	2	Yes	Yes
RAB18	YPT10	2	No	Yes
RAB18	YPT11	2	Yes	Yes
RAB18	YPT31	2	No	Yes
RAB18	YPT32	2	No	Yes
RAB18	YPT52	2	No	Yes
RAB18	YPT6	2	No	Yes
RAB19	YPT1	3	No	Yes
RAB19	TEM1	2	Yes	No
RAB19	YPT11	2	Yes	No
RAB1A	YPT1	11	Yes	Yes
RAB1A	YPT11	2	Yes	No
RAB1B	YPT1	11	Yes	Yes
RAB1B	YPT11	2	Yes	No
RAB1C	YPT1	7	No	Yes
RAB20	VPS21	2	No	Yes
RAB20	YPT53	2	No	Yes
RAB21	VPS21	2	No	Yes
RAB21	YPT10	2	No	Yes
RAB21	YPT52	2	No	Yes
RAB21	YPT53	2	No	Yes
RAB22A	VPS21	5	No	Yes
RAB22A	YPT10	5	Yes	Yes
RAB22A	YPT52	5	No	Yes
RAB22A	YPT53	5	No	Yes
RAB22A	TEM1	2	Yes	No
RAB23	TEM1	2	Yes	Yes
RAB24	YPT10	2	No	Yes
RAB24	YPT52	2	No	Yes
RAB25	YPT31	6	No	Yes
RAB25	YPT32	6	No	Yes
RAB25	TEM1	2	Yes	No
RAB25	YPT11	2	Yes	No
RAB26	SEC4	2	No	Yes
RAB26	TEM1	2	Yes	Yes
RAB26	YPT10	2	No	Yes
RAB26	YPT31	2	No	Yes
RAB26	YPT32	2	No	Yes
RAB26	YPT52	2	No	Yes
RAB26	YPT6	2	No	Yes
RAB27A	TEM1	2	Yes	Yes
RAB27A	YPT10	2	No	Yes
RAB27A	YPT52	2	No	Yes
RAB27A	YPT6	2	No	Yes
RAB27B	TEM1	2	Yes	Yes
RAB27B	YPT10	2	No	Yes
RAB27B	YPT52	2	No	Yes
RAB27B	YPT6	2	No	Yes
RAB28	SEC4	2	No	Yes
RAB28	TEM1	2	Yes	Yes
RAB28	VPS21	2	No	Yes
RAB28	YPT53	2	No	Yes
RAB29	TEM1	2	Yes	Yes
RAB29	YPT10	2	No	Yes
RAB29	YPT52	2	No	Yes
RAB29	YPT6	2	No	Yes
RAB2A	YPT10	2	No	Yes
RAB2A	YPT52	2	No	Yes
RAB2B	YPT10	2	No	Yes
RAB2B	YPT52	2	No	Yes
RAB30	YPT52	3	No	Yes
RAB30	TEM1	2	Yes	No
RAB31	VPS21	5	No	Yes
RAB31	YPT10	5	Yes	Yes
RAB31	YPT52	5	No	Yes
RAB31	YPT53	4	No	No
RAB31	TEM1	2	Yes	No
RAB32	TEM1	2	Yes	No
RAB34	YPT6	2	No	Yes
RAB35	SEC4	2	No	Yes
RAB35	TEM1	2	Yes	Yes
RAB35	YPT10	2	No	Yes
RAB35	YPT31	2	No	Yes
RAB35	YPT32	2	No	Yes
RAB35	YPT52	2	No	Yes
RAB35	YPT6	2	No	Yes
RAB35	YPT7	2	No	Yes
RAB36	YPT6	2	No	Yes
RAB37	TEM1	2	Yes	No
RAB38	YPT31	3	No	Yes
RAB38	YPT32	3	No	Yes
RAB38	YPT52	3	No	Yes
RAB38	TEM1	2	Yes	No
RAB39A	YPT6	3	No	Yes
RAB39A	TEM1	2	Yes	No
RAB39B	SEC4	3	No	Yes
RAB39B	YPT6	3	No	Yes
RAB39B	TEM1	2	Yes	No
RAB3A	SEC4	4	No	Yes
RAB3A	TEM1	2	Yes	No
RAB3B	SEC4	4	No	Yes
RAB3B	TEM1	2	Yes	No
RAB3C	SEC4	4	No	Yes
RAB3C	TEM1	2	Yes	No
RAB3D	SEC4	4	No	Yes
RAB3D	TEM1	2	Yes	No
RAB3IL1	SEC2	7	No	Yes
RAB3IP	SEC2	8	Yes	Yes
RAB40A	SEC4	3	No	Yes
RAB40AL	SEC4	3	No	Yes
RAB40B	SEC4	4	No	Yes
RAB40B	TEM1	2	Yes	No
RAB40C	SEC4	4	No	Yes
RAB40C	TEM1	2	Yes	No
RAB41	YPT6	10	No	Yes
RAB42	YPT6	2	No	Yes
RAB43	YPT1	3	No	Yes
RAB43	TEM1	2	Yes	No
RAB43	YPT11	2	Yes	No
RAB44	SEC4	2	No	Yes
RAB4A	SEC4	2	No	Yes
RAB4A	TEM1	2	Yes	Yes
RAB4A	YPT10	2	No	Yes
RAB4A	YPT31	2	No	Yes
RAB4A	YPT32	2	No	Yes
RAB4A	YPT52	2	No	Yes
RAB4A	YPT6	2	No	Yes
RAB4B	TEM1	2	Yes	Yes
RAB4B	YPT10	2	No	Yes
RAB4B	YPT52	2	No	Yes
RAB4B	YPT6	2	No	Yes
RAB4B	YPT7	2	No	Yes
RAB5A	VPS21	11	Yes	Yes
RAB5A	YPT53	10	Yes	No
RAB5A	YPT52	8	Yes	No
RAB5A	YPT10	5	Yes	No
RAB5A	TEM1	2	Yes	No
RAB5B	VPS21	11	Yes	Yes
RAB5B	YPT53	10	Yes	No
RAB5B	YPT52	8	Yes	No
RAB5B	YPT10	5	Yes	No
RAB5B	TEM1	2	Yes	No
RAB5C	VPS21	11	Yes	Yes
RAB5C	YPT53	10	Yes	No
RAB5C	YPT52	8	Yes	No
RAB5C	YPT10	5	Yes	No
RAB6A	YPT6	12	Yes	Yes
RAB6A	TEM1	2	Yes	No
RAB6B	YPT6	12	Yes	Yes
RAB6C	YPT6	11	No	Yes
RAB6C	TEM1	2	Yes	No
RAB6D	YPT6	10	No	Yes
RAB6D	TEM1	2	Yes	No
RAB7A	YPT7	10	Yes	Yes
RAB7B	YPT7	6	No	Yes
RAB7B	TEM1	2	Yes	No
RAB8A	SEC4	11	Yes	Yes
RAB8A	TEM1	2	Yes	No
RAB8B	SEC4	10	No	Yes
RAB8B	TEM1	2	Yes	No
RAB9A	YPT7	4	No	Yes
RAB9A	TEM1	2	Yes	No
RAB9B	YPT7	4	No	Yes
RAB9B	TEM1	2	Yes	No
RABAC1	YIP3	13	Yes	Yes
RABEPK	KEL2	7	Yes	Yes
RABEPK	KEL1	5	Yes	No
RABEPK	MDS3	2	Yes	No
RABEPK	PMD1	2	Yes	No
RABGAP1	GYL1	7	No	Yes
RABGAP1	GYP5	7	No	Yes
RABGAP1L	GYL1	7	No	Yes
RABGAP1L	GYP5	7	No	Yes
RABGEF1	VPS9	8	Yes	Yes
RABGGTA	BET4	9	Yes	Yes
RABGGTB	BET2	12	Yes	Yes
RABIF	DSS4	6	Yes	Yes
RABL2A	YPT31	3	No	Yes
RABL2A	YPT32	3	No	Yes
RABL2A	YPT11	2	Yes	No
RABL2B	YPT31	3	No	Yes
RABL2B	YPT32	3	No	Yes
RABL2B	YPT11	2	Yes	No
RAC1	CDC42	4	No	Yes
RAC2	CDC42	4	No	Yes
RAC3	CDC42	4	No	Yes
RACK1	ASC1	12	Yes	Yes
RAD1	RAD17	6	Yes	Yes
RAD17	RAD24	10	Yes	Yes
RAD18	RAD18	11	Yes	Yes
RAD21	MCD1	8	Yes	Yes
RAD21	REC8	3	No	No
RAD21L1	MCD1	8	Yes	Yes
RAD21L1	REC8	3	No	No
RAD23A	RAD23	13	Yes	Yes
RAD23B	RAD23	13	Yes	Yes
RAD50	RAD50	13	Yes	Yes
RAD51	RAD51	13	Yes	Yes
RAD51	DMC1	5	No	No
RAD51B	DMC1	2	No	Yes
RAD51B	RAD51	2	No	Yes
RAD51B	RAD55	2	No	Yes
RAD51B	RAD57	2	No	Yes
RAD51C	RAD55	3	Yes	Yes
RAD51D	DMC1	2	No	Yes
RAD51D	RAD51	2	No	Yes
RAD51D	RAD55	2	No	Yes
RAD51D	RAD57	2	No	Yes
RAD52	RAD52	10	Yes	Yes
RAD52	RAD59	6	Yes	No
RAD54B	RDH54	9	Yes	Yes
RAD54B	RAD54	4	No	No
RAD54L	RAD54	13	Yes	Yes
RAD54L	RDH54	4	No	No
RAD54L2	ISW1	2	No	Yes
RAD54L2	ISW2	2	No	Yes
RAD54L2	STH1	2	No	Yes
RAD54L2	ULS1	2	No	Yes
RAD9A	DDC1	2	Yes	Yes
RAD9B	DDC1	2	Yes	Yes
RAE1	GLE2	13	Yes	Yes
RALA	RAS1	3	No	Yes
RALA	RAS2	3	No	Yes
RALA	RSR1	3	No	Yes
RALB	RAS1	3	No	Yes
RALB	RAS2	3	No	Yes
RALB	RSR1	3	No	Yes
RALGDS	BUD5	2	No	Yes
RALGDS	CDC25	2	No	Yes
RALGPS1	CDC25	4	No	Yes
RALGPS2	CDC25	5	No	Yes
RALGPS2	BUD5	4	No	No
RALY	NAB3	5	Yes	Yes
RALYL	NAB3	5	Yes	Yes
RAN	GSP1	12	Yes	Yes
RAN	GSP2	12	Yes	Yes
RANBP1	YRB1	13	Yes	Yes
RANBP1	NUP2	3	Yes	No
RANBP10	VID30	8	Yes	Yes
RANBP2	NUP2	3	Yes	No
RANBP2	YRB1	3	No	Yes
RANBP3	YRB2	8	Yes	Yes
RANBP3	NUP2	2	Yes	No
RANBP3L	YRB2	8	Yes	Yes
RANBP3L	NUP2	2	Yes	No
RANBP6	PSE1	12	No	Yes
RANBP9	VID30	8	Yes	Yes
RANGAP1	RNA1	10	Yes	Yes
RANGRF	MOG1	13	Yes	Yes
RAP1A	RSR1	12	Yes	Yes
RAP1A	RAS1	4	No	No
RAP1A	RAS2	4	No	No
RAP1B	RSR1	12	Yes	Yes
RAP1B	RAS1	4	No	No
RAP1B	RAS2	4	No	No
RAP1BL	RSR1	8	No	Yes
RAP1GDS1	BEM4	3	Yes	Yes
RAP2A	RSR1	8	No	Yes
RAP2A	RAS1	4	No	No
RAP2A	RAS2	4	No	No
RAP2B	RSR1	9	No	Yes
RAP2B	RAS1	4	No	No
RAP2B	RAS2	4	No	No
RAP2C	RSR1	9	No	Yes
RAP2C	RAS1	4	No	No
RAP2C	RAS2	4	No	No
RAPGEF1	CDC25	4	No	No
RAPGEF1	LTE1	4	Yes	Yes
RAPGEF2	BUD5	3	No	Yes
RAPGEF2	CDC25	3	No	Yes
RAPGEF3	LTE1	3	No	Yes
RAPGEF4	LTE1	3	No	Yes
RAPGEF5	LTE1	3	No	Yes
RAPGEF6	BUD5	4	No	Yes
RAPGEF6	CDC25	4	No	Yes
RAPGEFL1	LTE1	3	No	Yes
RARS1	MSR1	5	No	Yes
RARS2	MSR1	13	Yes	Yes
RASA1	BUD2	5	No	Yes
RASA2	IRA1	3	No	Yes
RASA3	IRA1	3	No	Yes
RASA3	BUD2	2	No	Yes
RASA4	BUD2	3	No	Yes
RASA4B	BUD2	3	No	Yes
RASAL1	BUD2	3	No	Yes
RASAL2	BUD2	6	Yes	Yes
RASAL3	BUD2	6	Yes	Yes
RASD1	RAS1	2	No	Yes
RASD1	RAS2	2	No	Yes
RASD1	RSR1	2	No	Yes
RASD2	RSR1	3	No	Yes
RASEF	SEC4	3	No	Yes
RASEF	TEM1	2	Yes	No
RASGEF1A	BUD5	2	No	Yes
RASGEF1A	CDC25	2	No	Yes
RASGEF1A	LTE1	2	No	Yes
RASGEF1B	BUD5	3	No	Yes
RASGEF1C	BUD5	2	No	Yes
RASGEF1C	CDC25	2	No	Yes
RASGEF1C	LTE1	2	No	Yes
RASGRF1	LTE1	5	Yes	Yes
RASGRF2	LTE1	5	Yes	Yes
RASGRP1	BUD5	4	Yes	Yes
RASGRP1	CDC25	4	No	Yes
RASGRP2	BUD5	3	No	Yes
RASGRP2	CDC25	3	No	Yes
RASGRP3	BUD5	4	Yes	Yes
RASGRP3	CDC25	4	No	Yes
RASGRP4	BUD5	3	No	Yes
RASGRP4	CDC25	3	No	Yes
RASL12	RAS1	2	No	Yes
RASL12	RAS2	2	No	Yes
RASL12	RSR1	2	No	Yes
RAX	PHO2	3	Yes	Yes
RAX	YHP1	3	Yes	Yes
RAX2	PHO2	3	Yes	Yes
RAX2	YHP1	3	Yes	Yes
RB1CC1	ATG11	2	Yes	Yes
RBBP4	HAT2	13	Yes	Yes
RBBP4	MSI1	5	Yes	No
RBBP4	UME1	3	Yes	No
RBBP4	WTM1	3	Yes	No
RBBP4	WTM2	3	Yes	No
RBBP5	SWD1	13	Yes	Yes
RBBP6	MPE1	8	Yes	Yes
RBBP7	HAT2	13	Yes	Yes
RBBP7	MSI1	4	No	No
RBBP7	UME1	3	Yes	No
RBBP7	WTM1	3	Yes	No
RBBP7	WTM2	3	Yes	No
RBKS	RBK1	13	Yes	Yes
RBM14-RBM4	RIM4	2	No	Yes
RBM14-RBM4	SBP1	2	Yes	Yes
RBM19	MRD1	12	Yes	Yes
RBM22	ECM2	8	Yes	Yes
RBM22	CWC2	2	Yes	No
RBM22	NAB6	2	Yes	No
RBM23	NOP13	3	No	Yes
RBM24	SNP1	3	No	Yes
RBM25	SNU71	4	Yes	Yes
RBM28	NOP4	11	Yes	Yes
RBM3	NSR1	3	No	Yes
RBM34	NOP12	11	Yes	Yes
RBM38	SNP1	3	No	Yes
RBM39	HRP1	3	No	Yes
RBM4	NAM8	2	No	Yes
RBM4	NGR1	2	No	Yes
RBM4	NOP13	2	No	Yes
RBM4	NOP4	2	No	Yes
RBM4	NPL3	2	No	Yes
RBM41	MSL1	2	No	Yes
RBM46	NPL3	2	No	Yes
RBM47	NPL3	2	No	Yes
RBM4B	NAM8	2	No	Yes
RBM4B	NGR1	2	No	Yes
RBM4B	NOP13	2	No	Yes
RBM4B	NOP4	2	No	Yes
RBM4B	NPL3	2	No	Yes
RBM8A	RNA15	2	No	Yes
RBMX	NSR1	3	No	Yes
RBMX2	IST3	10	Yes	Yes
RBMXL1	NSR1	3	No	Yes
RBMXL2	NPL3	3	No	Yes
RBMXL2	NSR1	3	No	Yes
RBMXL2	RIM4	2	No	Yes
RBMXL3	RIM4	3	Yes	Yes
RBMY1A1	NSR1	2	No	Yes
RBMY1B	NSR1	2	No	Yes
RBMY1D	NSR1	2	No	Yes
RBMY1E	NSR1	2	No	Yes
RBMY1F	NSR1	2	No	Yes
RBMY1J	NSR1	2	No	Yes
RBPMS	WHI3	4	Yes	Yes
RBPMS	WHI4	4	Yes	Yes
RBPMS2	WHI3	4	Yes	Yes
RBPMS2	WHI4	4	Yes	Yes
RBSN	PEP7	8	Yes	Yes
RBX1	HRT1	12	Yes	Yes
RCAN1	RCN1	4	No	Yes
RCAN2	RCN1	5	Yes	Yes
RCAN3	RCN1	4	No	Yes
RCBTB1	FMP25	3	No	Yes
RCBTB2	FMP25	3	No	Yes
RCC1	SRM1	12	Yes	Yes
RCC1	SAF1	3	Yes	No
RCC2	ATS1	2	No	Yes
RCC2	FMP25	2	No	Yes
RCC2	SAF1	2	No	Yes
RCCD1	FMP25	4	Yes	Yes
RCE1	RCE1	13	Yes	Yes
RCHY1	HOT13	2	Yes	Yes
RCL1	RCL1	13	Yes	Yes
RCVRN	FRQ1	7	No	Yes
RDH10	TDA5	9	Yes	Yes
RDH11	ENV9	9	Yes	Yes
RDH11	PBR1	4	No	No
RDH12	ENV9	9	Yes	Yes
RDH12	PBR1	4	No	No
RDH13	ENV9	8	No	Yes
RDH13	PBR1	6	No	No
RDH14	ENV9	8	No	Yes
RDH14	PBR1	7	Yes	No
RDH16	AYR1	2	No	Yes
RDH5	AYR1	2	No	Yes
RDH8	AYR1	4	Yes	Yes
REC8	REC8	5	Yes	Yes
REC8	MCD1	4	No	No
RECQL	SGS1	5	No	Yes
RECQL4	SGS1	2	No	Yes
RECQL5	SGS1	4	No	Yes
REEP1	YOP1	4	No	Yes
REEP2	YOP1	4	No	Yes
REEP3	YOP1	3	No	Yes
REEP4	YOP1	4	No	Yes
REEP5	YOP1	11	No	Yes
REEP6	YOP1	13	Yes	Yes
REN	PEP4	10	No	Yes
REN	BAR1	6	Yes	No
REN	MKC7	5	Yes	No
REN	YPS1	5	Yes	No
REN	YPS3	5	Yes	No
REN	YPS6	5	Yes	No
REPS1	IRS4	3	No	Yes
REPS2	IRS4	3	No	Yes
RER1	RER1	13	Yes	Yes
RERG	RAS1	3	No	Yes
RERG	RAS2	3	No	Yes
RERGL	RAS1	2	No	Yes
RERGL	RAS2	2	No	Yes
RERGL	RSR1	2	No	Yes
REV1	REV1	12	Yes	Yes
REV3L	REV3	12	Yes	Yes
REV3L	POL3	4	No	No
REXO1	RNH70	8	Yes	Yes
REXO1	REX3	6	Yes	No
REXO1L1P	REX3	5	No	Yes
REXO1L1P	RNH70	3	No	No
REXO2	REX2	12	Yes	Yes
REXO4	REX4	10	Yes	Yes
REXO5	REX3	6	No	Yes
REXO5	RNH70	6	No	Yes
RFC1	RFC1	12	Yes	Yes
RFC1	ELG1	3	No	No
RFC2	RFC4	13	Yes	Yes
RFC2	RFC2	4	No	No
RFC2	RFC3	4	No	No
RFC3	RFC5	13	Yes	Yes
RFC4	RFC2	12	Yes	Yes
RFC5	RFC3	12	Yes	Yes
RFK	FMN1	13	Yes	Yes
RFT1	RFT1	13	Yes	Yes
RFX1	RFX1	9	No	Yes
RFX2	RFX1	10	Yes	Yes
RFX3	RFX1	9	No	Yes
RFX4	RFX1	10	Yes	Yes
RFX5	RFX1	3	No	Yes
RFX6	RFX1	9	No	Yes
RFX7	RFX1	2	No	Yes
RFX8	RFX1	7	No	Yes
RGL1	BUD5	2	No	Yes
RGL1	CDC25	2	No	Yes
RGL3	BUD5	2	No	Yes
RGL3	CDC25	2	No	Yes
RGL4	BUD5	2	No	Yes
RGL4	CDC25	2	No	Yes
RGP1	RGP1	6	Yes	Yes
RGPD1	YRB1	2	No	Yes
RGPD2	YRB1	2	No	Yes
RGPD3	NUP2	3	Yes	No
RGPD3	YRB1	3	No	Yes
RGPD4	YRB1	2	No	Yes
RGPD5	NUP2	3	Yes	No
RGPD5	YRB1	3	No	Yes
RGPD6	NUP2	3	Yes	Yes
RGPD6	YRB1	3	No	Yes
RGPD6	YRB2	3	No	Yes
RGPD8	YRB1	2	No	Yes
RGS1	RGS2	6	No	Yes
RGS1	SST2	4	Yes	No
RGS10	RGS2	4	No	Yes
RGS11	RGS2	3	No	Yes
RGS11	SST2	3	No	Yes
RGS12	RGS2	3	No	Yes
RGS13	RGS2	6	No	Yes
RGS13	SST2	4	Yes	No
RGS14	RGS2	3	No	Yes
RGS14	SST2	3	No	Yes
RGS16	RGS2	6	No	Yes
RGS16	SST2	4	Yes	No
RGS17	RGS2	8	Yes	Yes
RGS17	SST2	4	Yes	No
RGS18	RGS2	7	No	Yes
RGS18	SST2	4	Yes	No
RGS19	RGS2	7	No	Yes
RGS19	SST2	4	Yes	No
RGS2	RGS2	7	No	Yes
RGS2	SST2	4	Yes	No
RGS20	RGS2	7	No	Yes
RGS20	SST2	4	Yes	No
RGS21	RGS2	6	No	Yes
RGS21	SST2	4	Yes	No
RGS3	RGS2	4	No	Yes
RGS4	RGS2	5	No	Yes
RGS4	SST2	4	Yes	No
RGS5	RGS2	8	Yes	Yes
RGS5	SST2	4	Yes	No
RGS6	RGS2	4	No	Yes
RGS7	RGS2	3	No	Yes
RGS7	SST2	3	No	Yes
RGS8	RGS2	6	No	Yes
RGS8	SST2	4	Yes	No
RGS9	RGS2	3	No	Yes
RGS9	SST2	3	No	Yes
RHAG	MEP1	4	Yes	Yes
RHAG	MEP2	4	Yes	Yes
RHAG	MEP3	4	Yes	Yes
RHBDD1	RBD2	7	Yes	Yes
RHBDD2	RBD2	3	No	Yes
RHBDD3	RBD2	2	No	Yes
RHBG	MEP1	4	Yes	Yes
RHBG	MEP2	4	Yes	Yes
RHBG	MEP3	4	Yes	Yes
RHCE	MEP1	4	Yes	Yes
RHCE	MEP2	4	Yes	Yes
RHCE	MEP3	4	Yes	Yes
RHCG	MEP1	4	Yes	Yes
RHCG	MEP2	4	Yes	Yes
RHCG	MEP3	4	Yes	Yes
RHD	MEP1	4	Yes	Yes
RHD	MEP2	4	Yes	Yes
RHD	MEP3	4	Yes	Yes
RHEB	RHB1	10	No	Yes
RHEBL1	RHB1	11	Yes	Yes
RHOA	RHO1	12	Yes	Yes
RHOA	RHO2	5	Yes	No
RHOA	RHO3	4	No	No
RHOB	RHO1	12	No	Yes
RHOB	RHO2	5	No	No
RHOB	RHO3	4	No	No
RHOBTB1	RHO1	2	No	Yes
RHOBTB1	RHO2	2	No	Yes
RHOBTB1	RHO3	2	No	Yes
RHOBTB1	RHO4	2	No	Yes
RHOBTB2	RHO1	2	No	Yes
RHOBTB2	RHO2	2	No	Yes
RHOBTB2	RHO3	2	No	Yes
RHOBTB2	RHO4	2	No	Yes
RHOBTB3	RHO1	2	No	Yes
RHOBTB3	RHO2	2	No	Yes
RHOBTB3	RHO3	2	No	Yes
RHOBTB3	RHO4	2	No	Yes
RHOC	RHO1	12	Yes	Yes
RHOC	RHO2	5	Yes	No
RHOC	RHO3	4	No	No
RHOD	RHO3	6	No	Yes
RHOD	RHO1	5	No	No
RHOD	RHO2	4	No	No
RHOF	RHO3	6	Yes	Yes
RHOF	RHO1	5	No	No
RHOF	RHO2	5	Yes	No
RHOF	RHO4	3	Yes	No
RHOG	CDC42	4	No	Yes
RHOH	RHO1	2	No	Yes
RHOH	RHO2	2	No	Yes
RHOH	RHO3	2	No	Yes
RHOH	RHO4	2	No	Yes
RHOH	RHO5	2	No	Yes
RHOJ	CDC42	5	No	Yes
RHOQ	CDC42	5	No	Yes
RHOT1	GEM1	13	Yes	Yes
RHOT2	GEM1	13	Yes	Yes
RHOU	CDC42	3	No	Yes
RHOU	RHO5	3	Yes	No
RHOV	CDC42	4	No	Yes
RHOV	RHO5	3	Yes	No
RHPN1	BRO1	5	No	Yes
RHPN2	BRO1	5	No	Yes
RHPN2P1	BRO1	2	No	Yes
RIC1	RIC1	5	Yes	Yes
RICTOR	TSC11	12	Yes	Yes
RIDA	HMF1	11	Yes	Yes
RIDA	MMF1	11	Yes	Yes
RIGI	MPH1	5	No	Yes
RIGI	YRF1-1	2	Yes	No
RIGI	YRF1-2	2	Yes	No
RIGI	YRF1-3	2	Yes	No
RIGI	YRF1-4	2	Yes	No
RIGI	YRF1-5	2	Yes	No
RIGI	YRF1-6	2	Yes	No
RIGI	YRF1-7	2	Yes	No
RIGI	YRF1-8	2	Yes	No
RINT1	TIP20	6	Yes	Yes
RIOK1	RIO1	12	Yes	Yes
RIOK2	RIO2	12	Yes	Yes
RIOK3	RIO1	6	No	Yes
RIPPLY2-CYB5R4	IRC21	3	No	Yes
RIT1	RAS1	4	No	Yes
RIT1	RAS2	4	No	Yes
RIT2	RAS1	4	No	Yes
RIT2	RAS2	4	No	Yes
RLBP1	PDR16	3	Yes	Yes
RLBP1	PDR17	3	Yes	Yes
RMI1	RMI1	2	Yes	Yes
RMND1	MRX10	13	Yes	Yes
RMND1	RMD1	5	Yes	No
RMND1	RMD8	5	Yes	No
RMND5A	RMD5	11	No	Yes
RMND5B	RMD5	12	Yes	Yes
RNASEH1	RNH1	11	Yes	Yes
RNASEH2A	RNH201	13	Yes	Yes
RNASEH2B	RNH202	2	Yes	Yes
RNASET2	RNY1	11	Yes	Yes
RND1	RHO1	3	No	Yes
RND1	RHO2	3	No	Yes
RND1	RHO3	3	No	Yes
RND1	RHO4	3	Yes	Yes
RND2	RHO3	4	No	Yes
RND2	RHO1	3	No	No
RND2	RHO2	3	No	No
RND2	RHO4	3	Yes	No
RND3	RHO1	3	No	Yes
RND3	RHO2	3	No	Yes
RND3	RHO3	3	No	Yes
RND3	RHO4	3	Yes	Yes
RNF10	MAG2	10	Yes	Yes
RNF103-CHMP3	VPS24	13	No	Yes
RNF11	TUL1	3	Yes	Yes
RNF11	ASR1	2	Yes	No
RNF113A	CWC24	11	Yes	Yes
RNF113B	CWC24	10	No	Yes
RNF14	ITT1	11	Yes	Yes
RNF144A	HEL1	3	No	Yes
RNF144B	HEL1	3	No	Yes
RNF145	HRD1	2	No	Yes
RNF149	TUL1	2	No	Yes
RNF185	SLX8	3	Yes	Yes
RNF19A	HEL1	2	No	Yes
RNF19A	ITT1	2	No	Yes
RNF19B	HEL1	2	No	Yes
RNF19B	ITT1	2	No	Yes
RNF20	BRE1	10	No	Yes
RNF212	CST9	4	Yes	Yes
RNF212B	CST9	4	Yes	Yes
RNF217	HEL1	3	No	Yes
RNF40	BRE1	11	Yes	Yes
RNF5	SLX8	3	Yes	Yes
RNF7	HRT1	5	No	Yes
RNF8	DMA1	3	Yes	Yes
RNF8	DMA2	2	Yes	No
RNGTT	CEG1	9	Yes	Yes
RNMT	ABD1	13	Yes	Yes
RNPC3	MSL1	2	No	Yes
RNPEP	LAP2	6	No	Yes
RNPEPL1	LAP2	5	No	Yes
RNPS1	SGN1	2	No	Yes
ROCK1	CBK1	2	No	Yes
ROCK2	CBK1	2	No	Yes
ROGDI	RAV2	4	Yes	Yes
ROMO1	MGR2	12	Yes	Yes
RPA1	RFA1	13	Yes	Yes
RPA2	RFA2	12	Yes	Yes
RPA4	RFA2	11	No	Yes
RPAP1	RBA50	6	Yes	Yes
RPAP2	RTR1	9	Yes	Yes
RPAP2	RTR2	7	Yes	No
RPAP3	SGT2	2	No	Yes
RPAP3	TAH1	2	No	Yes
RPE	RPE1	12	No	Yes
RPEL1	RPE1	13	Yes	Yes
RPF1	RPF1	12	Yes	Yes
RPF2	RPF2	13	Yes	Yes
RPGR	ATS1	3	No	Yes
RPGR	FMP25	3	No	Yes
RPH3A	TCB1	2	No	Yes
RPH3A	TCB2	2	No	Yes
RPH3A	TCB3	2	No	Yes
RPIA	RKI1	13	Yes	Yes
RPL10	RPL10	10	No	Yes
RPL10A	RPL1A	12	Yes	Yes
RPL10A	RPL1B	11	Yes	No
RPL10L	RPL10	12	Yes	Yes
RPL11	RPL11A	13	Yes	Yes
RPL11	RPL11B	13	Yes	Yes
RPL11	MRPL7	4	Yes	No
RPL12	RPL12A	12	Yes	Yes
RPL12	RPL12B	12	Yes	Yes
RPL13	RPL13A	13	Yes	Yes
RPL13	RPL13B	13	Yes	Yes
RPL13A	RPL16A	13	Yes	Yes
RPL13A	RPL16B	13	Yes	Yes
RPL13AP3	RPL16A	2	No	Yes
RPL13AP3	RPL16B	2	No	Yes
RPL14	RPL14A	12	Yes	Yes
RPL14	RPL14B	12	Yes	Yes
RPL15	RPL15A	13	Yes	Yes
RPL15	RPL15B	13	Yes	Yes
RPL17	RPL17A	12	Yes	Yes
RPL17	RPL17B	12	Yes	Yes
RPL17-C18orf32	RPL17A	6	No	Yes
RPL17-C18orf32	RPL17B	6	No	Yes
RPL18	RPL18A	13	Yes	Yes
RPL18	RPL18B	12	Yes	No
RPL18A	RPL20B	13	Yes	Yes
RPL18A	RPL20A	12	Yes	No
RPL19	RPL19A	13	Yes	Yes
RPL19	RPL19B	12	Yes	No
RPL21	RPL21A	12	Yes	Yes
RPL21	RPL21B	12	Yes	Yes
RPL22	RPL22A	10	No	Yes
RPL22	RPL22B	10	No	Yes
RPL22L1	RPL22A	12	Yes	Yes
RPL22L1	RPL22B	12	Yes	Yes
RPL23	RPL23B	13	Yes	Yes
RPL23	RPL23A	12	Yes	No
RPL23	MRPL38	4	Yes	No
RPL23A	RPL25	12	Yes	Yes
RPL24	RPL24A	12	Yes	Yes
RPL24	RPL24B	12	Yes	Yes
RPL26	RPL26A	12	Yes	Yes
RPL26	RPL26B	12	Yes	Yes
RPL26L1	RPL26A	12	Yes	Yes
RPL26L1	RPL26B	12	Yes	Yes
RPL27	RPL27A	13	Yes	Yes
RPL27	RPL27B	13	Yes	Yes
RPL27A	RPL28	13	Yes	Yes
RPL29	RPL29	8	Yes	Yes
RPL3	RPL3	13	Yes	Yes
RPL30	RPL30	12	Yes	Yes
RPL31	RPL31A	12	Yes	Yes
RPL31	RPL31B	12	Yes	Yes
RPL32	RPL32	13	Yes	Yes
RPL34	RPL34A	12	Yes	Yes
RPL34	RPL34B	12	Yes	Yes
RPL35	RPL35A	13	Yes	Yes
RPL35	RPL35B	12	Yes	No
RPL35A	RPL33A	11	Yes	Yes
RPL35A	RPL33B	11	Yes	Yes
RPL36	RPL36A	13	Yes	Yes
RPL36	RPL36B	13	Yes	Yes
RPL36A	RPL42A	11	Yes	Yes
RPL36A	RPL42B	11	Yes	Yes
RPL36A-HNRNPH2	RPL42A	7	No	Yes
RPL36A-HNRNPH2	RPL42B	7	No	Yes
RPL36AL	RPL42A	11	Yes	Yes
RPL36AL	RPL42B	11	Yes	Yes
RPL37	RPL37A	12	Yes	Yes
RPL37	RPL37B	12	Yes	Yes
RPL37A	RPL43A	10	Yes	Yes
RPL37A	RPL43B	10	Yes	Yes
RPL37AP8	RPL43A	7	No	Yes
RPL37AP8	RPL43B	7	No	Yes
RPL38	RPL38	13	Yes	Yes
RPL39	RPL39	11	Yes	Yes
RPL39L	RPL39	11	Yes	Yes
RPL39P5	RPL39	8	No	Yes
RPL3L	RPL3	13	Yes	Yes
RPL4	RPL4A	12	Yes	Yes
RPL4	RPL4B	12	Yes	Yes
RPL41	RPL41A	2	Yes	Yes
RPL5	RPL5	12	Yes	Yes
RPL6	RPL6B	12	Yes	Yes
RPL6	RPL6A	11	Yes	No
RPL7	RPL7A	12	Yes	Yes
RPL7	RPL7B	12	Yes	Yes
RPL7	RLP7	3	No	No
RPL7A	RPL8A	13	Yes	Yes
RPL7A	RPL8B	13	Yes	Yes
RPL7L1	RLP7	5	Yes	Yes
RPL7L1	RPL7A	4	No	No
RPL7L1	RPL7B	4	No	No
RPL8	RPL2A	13	Yes	Yes
RPL8	RPL2B	12	Yes	No
RPL9	RPL9A	13	Yes	Yes
RPL9	RPL9B	13	Yes	Yes
RPL9	MRPL6	2	Yes	No
RPLP0	RPP0	13	Yes	Yes
RPLP0P6	RPP0	8	No	Yes
RPLP1	RPP1A	12	Yes	Yes
RPLP1	RPP1B	10	Yes	No
RPLP2	RPP2B	12	Yes	Yes
RPLP2	RPP2A	10	Yes	No
RPN1	OST1	13	Yes	Yes
RPN2	SWP1	5	Yes	Yes
RPP21	RPR2	7	Yes	Yes
RPP30	RPP1	13	Yes	Yes
RPRD1A	RTT103	8	Yes	Yes
RPRD1B	RTT103	8	Yes	Yes
RPRD2	RTT103	7	No	Yes
RPS10	RPS10A	11	Yes	Yes
RPS10	RPS10B	11	Yes	Yes
RPS10-NUDT3	RPS10A	5	No	Yes
RPS10-NUDT3	RPS10B	5	No	Yes
RPS10P5	RPS10A	7	No	Yes
RPS10P5	RPS10B	7	No	Yes
RPS11	RPS11A	12	Yes	Yes
RPS11	RPS11B	12	Yes	Yes
RPS12	RPS12	13	Yes	Yes
RPS13	RPS13	13	Yes	Yes
RPS14	RPS14A	13	Yes	Yes
RPS14	RPS14B	13	Yes	Yes
RPS15	RPS15	13	Yes	Yes
RPS15	RSM19	3	Yes	No
RPS15A	RPS22A	12	Yes	Yes
RPS15A	RPS22B	12	Yes	Yes
RPS15A	MRPS8	3	Yes	No
RPS16	RPS16A	13	Yes	Yes
RPS16	RPS16B	12	Yes	No
RPS17	RPS17A	12	Yes	Yes
RPS17	RPS17B	12	Yes	Yes
RPS18	RPS18A	12	Yes	Yes
RPS18	RPS18B	12	Yes	Yes
RPS18	SWS2	3	Yes	No
RPS19	RPS19A	12	Yes	Yes
RPS19	RPS19B	12	Yes	Yes
RPS2	RPS2	12	Yes	Yes
RPS20	RPS20	12	Yes	Yes
RPS21	RPS21B	13	Yes	Yes
RPS21	RPS21A	12	Yes	No
RPS23	RPS23A	12	Yes	Yes
RPS23	RPS23B	12	Yes	Yes
RPS24	RPS24A	12	Yes	Yes
RPS24	RPS24B	12	Yes	Yes
RPS25	RPS25A	12	Yes	Yes
RPS25	RPS25B	12	Yes	Yes
RPS26	RPS26A	12	Yes	Yes
RPS26	RPS26B	12	Yes	Yes
RPS26P11	RPS26A	7	No	Yes
RPS26P11	RPS26B	7	No	Yes
RPS27	RPS27A	13	Yes	Yes
RPS27	RPS27B	13	Yes	Yes
RPS27A	RPS31	10	Yes	Yes
RPS27L	RPS27A	12	No	Yes
RPS27L	RPS27B	12	No	Yes
RPS28	RPS28A	12	Yes	Yes
RPS28	RPS28B	12	Yes	Yes
RPS29	RPS29A	12	Yes	Yes
RPS29	RPS29B	12	Yes	Yes
RPS3	RPS3	13	Yes	Yes
RPS3A	RPS1A	11	Yes	Yes
RPS3A	RPS1B	11	Yes	Yes
RPS4X	RPS4A	12	Yes	Yes
RPS4X	RPS4B	12	Yes	Yes
RPS4Y1	RPS4A	12	Yes	Yes
RPS4Y1	RPS4B	12	Yes	Yes
RPS4Y2	RPS4A	12	Yes	Yes
RPS4Y2	RPS4B	12	Yes	Yes
RPS5	RPS5	13	Yes	Yes
RPS6	RPS6A	12	Yes	Yes
RPS6	RPS6B	12	Yes	Yes
RPS6KA1	YPK3	5	Yes	Yes
RPS6KA1	FPK1	2	Yes	No
RPS6KA1	KIN82	2	Yes	No
RPS6KA2	YPK3	5	Yes	Yes
RPS6KA2	FPK1	2	Yes	No
RPS6KA2	KIN82	2	Yes	No
RPS6KA3	YPK3	5	Yes	Yes
RPS6KA3	FPK1	2	Yes	No
RPS6KA3	KIN82	2	Yes	No
RPS6KA4	YPK3	4	No	Yes
RPS6KA4	FPK1	2	Yes	No
RPS6KA4	KIN82	2	Yes	No
RPS6KA5	YPK3	4	No	Yes
RPS6KA5	FPK1	2	Yes	No
RPS6KA5	KIN82	2	Yes	No
RPS6KA6	YPK3	4	No	Yes
RPS6KA6	FPK1	2	Yes	No
RPS6KA6	KIN82	2	Yes	No
RPS6KB1	YPK3	5	Yes	Yes
RPS6KB1	YPK1	4	No	No
RPS6KB1	YPK2	4	No	No
RPS6KB1	FPK1	2	Yes	No
RPS6KB1	KIN82	2	Yes	No
RPS6KB2	YPK3	5	Yes	Yes
RPS6KB2	YPK1	4	No	No
RPS6KB2	YPK2	4	No	No
RPS6KB2	FPK1	2	Yes	No
RPS6KB2	KIN82	2	Yes	No
RPS7	RPS7A	12	Yes	Yes
RPS7	RPS7B	12	Yes	Yes
RPS8	RPS8B	13	Yes	Yes
RPS8	RPS8A	12	Yes	No
RPS9	RPS9A	13	Yes	Yes
RPS9	RPS9B	13	Yes	Yes
RPS9	NAM9	2	Yes	No
RPSA	RPS0A	12	Yes	Yes
RPSA	RPS0B	12	Yes	Yes
RPSA2	RPS0A	9	No	Yes
RPSA2	RPS0B	9	No	Yes
RPTOR	KOG1	13	Yes	Yes
RPUSD1	PUS5	2	No	Yes
RPUSD2	PUS9	13	Yes	Yes
RPUSD2	RIB2	12	Yes	No
RPUSD2	PUS6	8	Yes	No
RPUSD3	PUS5	3	No	Yes
RPUSD4	PUS5	6	Yes	Yes
RRAGA	GTR1	13	Yes	Yes
RRAGB	GTR1	13	Yes	Yes
RRAGC	GTR2	13	Yes	Yes
RRAGD	GTR2	12	No	Yes
RRAS	RAS1	11	Yes	Yes
RRAS	RAS2	10	No	No
RRAS2	RAS1	11	Yes	Yes
RRAS2	RAS2	11	Yes	Yes
RRAS2	RSR1	4	No	No
RRM1	RNR1	13	Yes	Yes
RRM1	RNR3	13	Yes	Yes
RRM2	RNR2	13	Yes	Yes
RRM2	RNR4	8	Yes	No
RRM2B	RNR2	13	Yes	Yes
RRM2B	RNR4	8	Yes	No
RRN3	RRN3	13	Yes	Yes
RRN3P1	RRN3	3	No	Yes
RRN3P2	RRN3	4	No	Yes
RRP1	RRP1	10	Yes	Yes
RRP12	RRP12	13	Yes	Yes
RRP15	RRP15	8	Yes	Yes
RRP1B	RRP1	10	Yes	Yes
RRP36	RRP36	12	Yes	Yes
RRP7A	RRP7	11	Yes	Yes
RRP7BP	RRP7	4	No	Yes
RRP8	RRP8	11	Yes	Yes
RRP9	RRP9	12	Yes	Yes
RRS1	RRS1	10	Yes	Yes
RSC1A1	DDI1	2	No	Yes
RSKR	PKC1	2	No	Yes
RSKR	TPK1	2	No	Yes
RSL1D1	CIC1	9	Yes	Yes
RSL1D1	UTP30	8	Yes	No
RSL24D1	RLP24	12	Yes	Yes
RTCA	RCL1	4	No	Yes
RTEL1	CHL1	3	No	Yes
RTF1	RTF1	9	Yes	Yes
RTN1	RTN1	7	Yes	Yes
RTN1	RTN2	7	No	Yes
RTN2	RTN2	8	Yes	Yes
RTN2	RTN1	7	Yes	No
RTN3	RTN1	7	Yes	Yes
RTN3	RTN2	7	No	Yes
RTN4	RTN1	7	Yes	Yes
RTN4	RTN2	6	No	No
RTN4IP1	YIM1	10	Yes	Yes
RTN4IP1	AST1	4	Yes	No
RTN4IP1	AST2	4	Yes	No
RUVBL1	RVB1	13	Yes	Yes
RUVBL2	RVB2	13	Yes	Yes
RWDD1	GIR2	13	Yes	Yes
SAC3D1	SAC3	9	Yes	Yes
SACM1L	SAC1	12	Yes	Yes
SAE1	AOS1	12	Yes	Yes
SAMD4A	VTS1	8	Yes	Yes
SAMD4B	VTS1	7	No	Yes
SAMM50	SAM50	11	Yes	Yes
SAP30	SAP30	2	Yes	Yes
SAP30L	SAP30	2	Yes	Yes
SAR1A	SAR1	12	Yes	Yes
SAR1B	SAR1	12	Yes	Yes
SARNP	THO1	2	Yes	Yes
SARS1	SES1	13	Yes	Yes
SARS2	DIA4	12	Yes	Yes
SART1	SNU66	9	Yes	Yes
SART3	PRP24	4	Yes	Yes
SAT1	HPA2	6	Yes	Yes
SAT1	HPA3	6	Yes	Yes
SAT2	HPA2	6	Yes	Yes
SAT2	HPA3	6	Yes	Yes
SATL1	HPA2	5	No	Yes
SATL1	HPA3	5	No	Yes
SBDS	SDO1	13	Yes	Yes
SBF1	YMR1	2	No	Yes
SBF2	YMR1	2	No	Yes
SC5D	ERG3	12	Yes	Yes
SCAF4	NRD1	5	Yes	Yes
SCAF8	NRD1	4	No	Yes
SCD	OLE1	11	No	Yes
SCD5	OLE1	12	Yes	Yes
SCFD1	SLY1	13	Yes	Yes
SCLY	NFS1	3	No	Yes
SCN10A	CCH1	5	No	Yes
SCN11A	CCH1	6	No	Yes
SCN1A	CCH1	5	No	Yes
SCN2A	CCH1	5	No	Yes
SCN3A	CCH1	5	No	Yes
SCN4A	CCH1	6	No	Yes
SCN5A	CCH1	5	No	Yes
SCN7A	CCH1	7	No	Yes
SCN8A	CCH1	5	No	Yes
SCN9A	CCH1	5	No	Yes
SCO1	SCO1	13	Yes	Yes
SCO1	SCO2	12	Yes	No
SCO2	SCO1	12	No	Yes
SCO2	SCO2	12	Yes	Yes
SCP2D1	FOX2	2	No	Yes
SCPEP1	KEX1	5	Yes	Yes
SCPEP1	ATG42	4	No	No
SCPEP1	PRC1	4	No	No
SCRT1	PZF1	3	Yes	Yes
SCRT2	PZF1	3	Yes	Yes
SCYL1	CEX1	12	Yes	Yes
SCYL2	SCY1	13	Yes	Yes
SCYL3	CEX1	6	No	Yes
SDAD1	SDA1	13	Yes	Yes
SDF2	PMT1	2	No	Yes
SDF2	PMT5	2	No	Yes
SDF2	PMT6	2	No	Yes
SDF2	PMT7	2	No	Yes
SDF2L1	PMT1	2	No	Yes
SDF2L1	PMT5	2	No	Yes
SDF2L1	PMT6	2	No	Yes
SDF2L1	PMT7	2	No	Yes
SDHA	SDH9	13	Yes	Yes
SDHA	SDH1	12	Yes	No
SDHA	FRD1	2	Yes	No
SDHA	OSM1	2	Yes	No
SDHAF1	SDH6	6	Yes	Yes
SDHAF2	SDH5	13	Yes	Yes
SDHAF3	SDH7	13	Yes	Yes
SDHAF4	SDH8	5	Yes	Yes
SDHB	SDH2	13	Yes	Yes
SDHC	SDH3	12	Yes	Yes
SDHC	SHH3	11	Yes	No
SDHD	TIM18	7	Yes	Yes
SDHD	SDH4	6	Yes	No
SDHD	SHH4	6	Yes	No
SDR16C5	TDA5	8	No	No
SDR16C5	SRL4	3	Yes	No
SDR42E1	ARI1	3	Yes	Yes
SDR42E1	ERG26	3	No	Yes
SDR42E1	GRE2	3	Yes	Yes
SDR42E1	MRP51	2	Yes	No
SDR42E2	ARI1	2	No	Yes
SDR42E2	ERG26	2	No	Yes
SDR42E2	GRE2	2	No	Yes
SDR9C7	AYR1	2	No	Yes
SDS	CHA1	12	Yes	Yes
SDSL	CHA1	12	Yes	Yes
SEBOX	YHP1	2	No	Yes
SEC11A	SEC11	13	Yes	Yes
SEC11B	SEC11	7	No	Yes
SEC11C	SEC11	13	Yes	Yes
SEC13	SEC13	12	Yes	Yes
SEC14L1	SEC14	7	No	Yes
SEC14L1	SFH5	2	Yes	No
SEC14L2	SEC14	9	No	Yes
SEC14L2	SFH5	2	Yes	No
SEC14L3	SEC14	10	Yes	Yes
SEC14L3	SFH5	2	Yes	No
SEC14L4	SEC14	9	No	Yes
SEC14L4	SFH5	2	Yes	No
SEC14L5	SEC14	7	No	Yes
SEC14L5	SFH5	2	Yes	No
SEC14L6	SEC14	9	No	Yes
SEC14L6	SFH5	2	Yes	No
SEC16A	SEC16	8	No	Yes
SEC16B	SEC16	9	Yes	Yes
SEC22A	SEC22	5	No	Yes
SEC22B	SEC22	13	Yes	Yes
SEC22C	SEC22	4	No	Yes
SEC23A	SEC23	12	No	Yes
SEC23A	NEL1	5	Yes	No
SEC23B	SEC23	13	Yes	Yes
SEC23B	NEL1	4	No	No
SEC23IP	DDL1	9	Yes	Yes
SEC24A	SEC24	13	Yes	Yes
SEC24A	SFB2	13	Yes	Yes
SEC24B	SEC24	12	No	Yes
SEC24B	SFB2	12	No	Yes
SEC24C	SFB3	10	No	Yes
SEC24D	SFB3	11	Yes	Yes
SEC31A	SEC31	13	Yes	Yes
SEC31B	SEC31	11	No	Yes
SEC61A1	SEC61	12	No	Yes
SEC61A1	SSH1	7	No	No
SEC61A2	SEC61	13	Yes	Yes
SEC61A2	SSH1	8	Yes	No
SEC61B	SBH2	7	Yes	Yes
SEC61B	SBH1	6	Yes	No
SEC61G	SSS1	12	Yes	Yes
SEC62	SEC62	11	Yes	Yes
SEC63	SEC63	11	Yes	Yes
SEH1L	SEH1	11	Yes	Yes
SEL1L	HRD3	11	Yes	Yes
SEL1L2	HRD3	9	No	Yes
SEL1L3	ACK1	4	No	Yes
SEL1L3	SHC1	4	Yes	Yes
SEL1L3	SKT5	4	No	Yes
SELENOI	EPT1	13	Yes	Yes
SELENOI	CPT1	12	Yes	No
SELENOO	FMP40	10	Yes	Yes
SEM1	SEM1	4	Yes	Yes
SENP1	ULP1	9	No	Yes
SENP1	ULP2	3	No	No
SENP2	ULP1	10	Yes	Yes
SENP2	ULP2	3	No	No
SENP3	ULP1	8	No	Yes
SENP3	ULP2	3	No	No
SENP5	ULP1	8	No	Yes
SENP5	ULP2	3	No	No
SENP6	ULP2	7	No	Yes
SENP7	ULP2	8	Yes	Yes
SEPT5-GP1BB	CDC10	2	No	Yes
SEPT5-GP1BB	CDC11	2	No	Yes
SEPT5-GP1BB	CDC12	2	No	Yes
SEPTIN1	CDC3	10	No	Yes
SEPTIN1	CDC12	7	No	No
SEPTIN1	SPR28	6	No	No
SEPTIN1	CDC10	5	No	No
SEPTIN1	CDC11	5	No	No
SEPTIN1	SHS1	5	Yes	No
SEPTIN1	SPR3	5	Yes	No
SEPTIN10	CDC11	4	No	No
SEPTIN10	CDC12	4	No	No
SEPTIN10	CDC3	4	No	Yes
SEPTIN10	SHS1	4	No	No
SEPTIN11	CDC11	4	No	No
SEPTIN11	CDC12	4	No	No
SEPTIN11	CDC3	4	No	Yes
SEPTIN11	SHS1	4	No	No
SEPTIN12	CDC10	11	No	Yes
SEPTIN12	CDC11	6	Yes	No
SEPTIN12	CDC12	5	No	No
SEPTIN12	SHS1	5	Yes	No
SEPTIN12	SPR28	4	No	No
SEPTIN14	CDC11	4	No	No
SEPTIN14	CDC12	4	No	No
SEPTIN14	CDC3	4	No	Yes
SEPTIN14	SHS1	4	No	No
SEPTIN2	CDC3	10	No	Yes
SEPTIN2	CDC12	8	Yes	No
SEPTIN2	SPR28	6	No	No
SEPTIN2	CDC11	5	No	No
SEPTIN2	SHS1	5	Yes	No
SEPTIN2	SPR3	5	Yes	No
SEPTIN2	CDC10	4	No	No
SEPTIN3	CDC10	13	Yes	Yes
SEPTIN3	CDC11	6	Yes	No
SEPTIN3	CDC12	6	No	No
SEPTIN3	SHS1	5	Yes	No
SEPTIN3	SPR28	5	No	No
SEPTIN3	CDC3	4	No	No
SEPTIN4	CDC3	10	No	Yes
SEPTIN4	CDC12	7	No	No
SEPTIN4	SPR28	6	No	No
SEPTIN4	CDC10	5	No	No
SEPTIN4	CDC11	5	No	No
SEPTIN4	SHS1	5	Yes	No
SEPTIN4	SPR3	5	Yes	No
SEPTIN5	CDC3	10	No	Yes
SEPTIN5	CDC12	8	Yes	No
SEPTIN5	CDC10	6	No	No
SEPTIN5	CDC11	6	Yes	No
SEPTIN5	SPR28	6	No	No
SEPTIN5	SHS1	5	Yes	No
SEPTIN5	SPR3	5	Yes	No
SEPTIN6	CDC11	4	No	Yes
SEPTIN6	CDC12	4	No	Yes
SEPTIN6	SHS1	4	No	Yes
SEPTIN6	CDC3	3	No	Yes
SEPTIN7	CDC3	13	Yes	Yes
SEPTIN7	SPR28	7	Yes	No
SEPTIN7	CDC12	6	No	No
SEPTIN7	CDC11	5	No	No
SEPTIN7	SHS1	5	Yes	No
SEPTIN7	SPR3	5	No	No
SEPTIN7	CDC10	4	No	No
SEPTIN8	CDC11	4	No	Yes
SEPTIN8	CDC12	4	No	Yes
SEPTIN8	SHS1	4	No	Yes
SEPTIN8	CDC3	3	No	Yes
SEPTIN9	CDC10	10	No	Yes
SEPTIN9	CDC11	5	No	No
SEPTIN9	SHS1	5	Yes	No
SEPTIN9	CDC12	4	No	No
SEPTIN9	SPR28	4	No	No
SERBP1	STM1	2	Yes	Yes
SERGEF	ATS1	6	Yes	Yes
SERGEF	FMP25	4	Yes	No
SERINC1	TMS1	13	Yes	Yes
SERINC2	TMS1	13	Yes	Yes
SERINC3	TMS1	13	Yes	Yes
SERINC4	TMS1	9	No	Yes
SERINC5	TMS1	12	No	Yes
SERP1	YSY6	2	Yes	Yes
SERP2	YSY6	2	Yes	Yes
SET	VPS75	7	Yes	Yes
SETD1A	SET1	10	Yes	Yes
SETD1B	SET1	10	Yes	Yes
SETD2	SET2	7	Yes	Yes
SETD3	EFM1	5	No	Yes
SETD3	RKM1	4	No	No
SETD3	RKM3	4	Yes	No
SETD3	CTM1	3	Yes	No
SETD3	RKM2	3	No	No
SETD4	RKM2	8	Yes	Yes
SETD4	EFM1	7	Yes	Yes
SETD4	RKM1	5	Yes	No
SETD5	SET4	3	No	Yes
SETD5	SET3	2	No	Yes
SETD6	RKM4	12	Yes	Yes
SETD6	RKM3	4	Yes	No
SETSIP	VPS75	7	Yes	Yes
SETX	SEN1	9	Yes	Yes
SF1	MSL5	10	Yes	Yes
SF3A1	PRP21	10	Yes	Yes
SF3A2	PRP11	10	Yes	Yes
SF3A3	PRP9	13	Yes	Yes
SF3B1	HSH155	13	Yes	Yes
SF3B2	CUS1	11	Yes	Yes
SF3B3	RSE1	13	Yes	Yes
SF3B4	HSH49	10	Yes	Yes
SF3B5	YSF3	8	Yes	Yes
SFN	BMH1	5	No	Yes
SFN	BMH2	5	No	Yes
SFT2D1	SFT2	3	No	Yes
SFT2D2	SFT2	3	No	Yes
SFT2D3	SFT2	12	Yes	Yes
SFXN1	FSF1	11	No	Yes
SFXN2	FSF1	10	No	Yes
SFXN3	FSF1	10	No	Yes
SFXN4	FSF1	6	No	Yes
SFXN5	FSF1	12	Yes	Yes
SGF29	SGF29	7	Yes	Yes
SGIP1	SYP1	2	No	Yes
SGK1	YPK1	8	Yes	Yes
SGK1	YPK2	7	Yes	No
SGK1	SCH9	4	Yes	No
SGK2	YPK1	8	Yes	Yes
SGK2	YPK2	7	Yes	No
SGK2	SCH9	4	Yes	No
SGK3	YPK1	8	Yes	Yes
SGK3	YPK2	7	Yes	No
SGK3	SCH9	4	Yes	No
SGPL1	DPL1	13	Yes	Yes
SGPL1	GAD1	2	Yes	No
SGPP1	LCB3	12	Yes	Yes
SGPP1	YSR3	11	No	No
SGPP2	LCB3	12	Yes	Yes
SGPP2	YSR3	12	Yes	Yes
SGSM1	GYP7	3	No	Yes
SGSM2	GYP7	3	No	Yes
SGSM3	MSB3	2	No	Yes
SGSM3	MSB4	2	No	Yes
SGTA	SGT2	10	Yes	Yes
SGTB	SGT2	10	Yes	Yes
SH3BGR	AIP5	2	Yes	Yes
SH3BGRL	AIP5	2	Yes	Yes
SH3BGRL2	AIP5	2	Yes	Yes
SH3BGRL3	AIP5	2	Yes	Yes
SH3D19	LSB1	2	No	Yes
SH3D19	PIN3	2	No	Yes
SH3D21	BOI1	2	Yes	Yes
SH3D21	BOI2	2	No	Yes
SH3GL1	PIN3	2	No	Yes
SH3GL2	PIN3	2	No	Yes
SH3GL3	PIN3	2	No	Yes
SH3KBP1	BZZ1	2	No	Yes
SH3PXD2A	BEM1	4	No	Yes
SH3PXD2B	BEM1	5	Yes	Yes
SH3RF1	NBP2	2	Yes	Yes
SH3RF3	NBP2	2	Yes	Yes
SH3YL1	YSC84	13	Yes	Yes
SH3YL1	LSB3	12	Yes	No
SHMT1	SHM2	13	Yes	Yes
SHMT1	SHM1	11	Yes	No
SHMT2	SHM2	13	Yes	Yes
SHMT2	SHM1	10	No	No
SHOX	YHP1	3	Yes	Yes
SHOX2	YHP1	3	Yes	Yes
SHPK	MPA43	2	No	Yes
SHPRH	IRC20	6	Yes	Yes
SHQ1	SHQ1	13	Yes	Yes
SI	ROT2	4	No	Yes
SIGMAR1	ERG2	12	Yes	Yes
SIK1	FRK1	2	No	Yes
SIK1	GIN4	2	No	Yes
SIK1	HSL1	2	No	Yes
SIK1	KCC4	2	No	Yes
SIK1	KIN1	2	No	Yes
SIK1	KIN2	2	No	Yes
SIK1	KIN4	2	No	Yes
SIK1	SKS1	2	No	Yes
SIK1	VHS1	2	No	Yes
SIK2	FRK1	2	No	Yes
SIK2	GIN4	2	No	Yes
SIK2	HSL1	2	No	Yes
SIK2	KCC4	2	No	Yes
SIK2	KIN1	2	No	Yes
SIK2	KIN2	2	No	Yes
SIK2	KIN4	2	No	Yes
SIK2	PRR1	2	No	Yes
SIK2	SKS1	2	No	Yes
SIK2	VHS1	2	No	Yes
SIK3	FRK1	2	No	Yes
SIK3	HSL1	2	No	Yes
SIK3	KIN1	2	No	Yes
SIK3	KIN2	2	No	Yes
SIK3	KIN4	2	No	Yes
SIK3	SKS1	2	No	Yes
SIK3	VHS1	2	No	Yes
SIL1	SIL1	7	Yes	Yes
SIL1	FES1	4	No	No
SIN3A	SIN3	12	Yes	Yes
SIN3B	SIN3	12	Yes	Yes
SIRT1	HST1	9	Yes	Yes
SIRT1	SIR2	9	Yes	Yes
SIRT1	HST3	3	Yes	No
SIRT2	HST2	13	Yes	Yes
SIRT2	HST1	4	No	No
SIRT2	SIR2	4	No	No
SIRT2	HST3	3	Yes	No
SIRT3	HST2	11	No	Yes
SIRT3	HST1	4	No	No
SIRT3	SIR2	4	No	No
SIRT3	HST3	3	Yes	No
SIRT6	HST3	2	No	Yes
SIRT6	HST4	2	No	Yes
SIRT7	HST3	3	Yes	Yes
SIRT7	HST4	3	Yes	Yes
SKIC2	SKI2	13	Yes	Yes
SKIC3	SKI3	12	Yes	Yes
SKIC8	SKI8	3	Yes	Yes
SKP1	SKP1	12	Yes	Yes
SKP2	LUG1	2	No	Yes
SLC10A7	RCH1	13	Yes	Yes
SLC11A1	SMF1	11	Yes	Yes
SLC11A1	SMF2	11	Yes	Yes
SLC11A1	SMF3	11	Yes	Yes
SLC11A2	SMF1	11	Yes	Yes
SLC11A2	SMF2	11	Yes	Yes
SLC11A2	SMF3	11	Yes	Yes
SLC12A1	VHC1	3	No	Yes
SLC12A2	VHC1	3	No	Yes
SLC12A3	VHC1	3	No	Yes
SLC12A4	VHC1	3	No	Yes
SLC12A5	VHC1	3	No	Yes
SLC12A6	VHC1	3	No	Yes
SLC12A7	VHC1	3	No	Yes
SLC12A8	VHC1	2	No	Yes
SLC12A9	VHC1	12	Yes	Yes
SLC13A1	PHO87	9	Yes	Yes
SLC13A1	PHO90	9	No	Yes
SLC13A1	PHO91	9	Yes	Yes
SLC13A2	PHO90	9	No	Yes
SLC13A2	PHO91	9	Yes	Yes
SLC13A2	PHO87	8	No	No
SLC13A3	PHO90	10	Yes	Yes
SLC13A3	PHO87	9	Yes	No
SLC13A3	PHO91	9	Yes	No
SLC13A4	PHO90	9	No	Yes
SLC13A4	PHO91	9	Yes	Yes
SLC13A4	PHO87	8	No	No
SLC13A5	PHO90	9	No	Yes
SLC13A5	PHO91	9	Yes	Yes
SLC13A5	PHO87	8	No	No
SLC15A1	PTR2	10	Yes	Yes
SLC15A2	PTR2	10	Yes	Yes
SLC15A3	PTR2	9	No	Yes
SLC15A4	PTR2	11	Yes	Yes
SLC15A5	PTR2	6	No	Yes
SLC16A1	ESBP6	10	No	Yes
SLC16A1	MCH2	8	No	No
SLC16A1	MCH4	8	No	No
SLC16A1	MCH5	8	No	No
SLC16A10	ESBP6	9	No	Yes
SLC16A10	MCH4	9	Yes	No
SLC16A10	MCH2	8	No	No
SLC16A10	MCH5	8	No	No
SLC16A11	ESBP6	10	No	Yes
SLC16A11	MCH2	8	No	No
SLC16A11	MCH4	7	No	No
SLC16A11	MCH5	7	No	No
SLC16A12	ESBP6	11	Yes	Yes
SLC16A12	MCH2	9	No	No
SLC16A12	MCH4	8	No	No
SLC16A12	MCH5	8	No	No
SLC16A13	ESBP6	11	Yes	Yes
SLC16A13	MCH2	8	No	No
SLC16A13	MCH4	7	No	No
SLC16A13	MCH5	7	No	No
SLC16A14	ESBP6	9	No	Yes
SLC16A14	MCH2	8	No	No
SLC16A14	MCH4	7	No	No
SLC16A14	MCH5	7	No	No
SLC16A2	ESBP6	9	No	Yes
SLC16A2	MCH4	9	Yes	Yes
SLC16A2	MCH5	9	Yes	Yes
SLC16A2	MCH2	8	No	No
SLC16A3	ESBP6	9	No	Yes
SLC16A3	MCH2	8	No	No
SLC16A3	MCH4	8	No	No
SLC16A3	MCH5	8	No	No
SLC16A4	ESBP6	10	No	Yes
SLC16A4	MCH2	9	No	No
SLC16A4	MCH4	7	No	No
SLC16A4	MCH5	7	No	No
SLC16A5	ESBP6	9	No	Yes
SLC16A5	MCH2	9	No	Yes
SLC16A5	MCH4	9	Yes	No
SLC16A5	MCH5	9	Yes	No
SLC16A6	MCH2	10	Yes	Yes
SLC16A6	ESBP6	9	No	No
SLC16A6	MCH4	8	No	No
SLC16A6	MCH5	8	No	No
SLC16A7	ESBP6	10	No	Yes
SLC16A7	MCH2	9	No	No
SLC16A7	MCH4	9	Yes	No
SLC16A7	MCH5	9	Yes	No
SLC16A8	ESBP6	9	No	Yes
SLC16A8	MCH2	8	No	No
SLC16A8	MCH4	8	No	No
SLC16A8	MCH5	8	No	No
SLC16A9	ESBP6	8	No	Yes
SLC16A9	MCH2	8	No	Yes
SLC16A9	MCH4	8	No	No
SLC16A9	MCH5	8	No	No
SLC17A1	DAL5	3	Yes	Yes
SLC17A1	FEN2	3	Yes	Yes
SLC17A1	TNA1	3	No	Yes
SLC17A1	SOA1	2	Yes	No
SLC17A1	THI73	2	Yes	No
SLC17A2	DAL5	3	Yes	Yes
SLC17A2	FEN2	3	Yes	Yes
SLC17A2	TNA1	3	No	Yes
SLC17A2	SOA1	2	Yes	No
SLC17A2	THI73	2	Yes	No
SLC17A3	DAL5	3	Yes	Yes
SLC17A3	FEN2	3	Yes	Yes
SLC17A3	TNA1	3	No	Yes
SLC17A3	SOA1	2	Yes	No
SLC17A3	THI73	2	Yes	No
SLC17A4	DAL5	3	Yes	Yes
SLC17A4	FEN2	3	Yes	Yes
SLC17A4	TNA1	3	No	Yes
SLC17A4	SOA1	2	Yes	No
SLC17A4	THI73	2	Yes	No
SLC17A5	TNA1	4	Yes	Yes
SLC17A5	DAL5	3	Yes	No
SLC17A5	FEN2	3	Yes	No
SLC17A5	SOA1	2	Yes	No
SLC17A5	THI73	2	Yes	No
SLC17A6	DAL5	3	Yes	Yes
SLC17A6	FEN2	3	Yes	Yes
SLC17A6	TNA1	3	No	Yes
SLC17A6	SOA1	2	Yes	No
SLC17A6	THI73	2	Yes	No
SLC17A7	DAL5	3	Yes	Yes
SLC17A7	FEN2	3	Yes	Yes
SLC17A7	TNA1	3	No	Yes
SLC17A7	SOA1	2	Yes	No
SLC17A7	THI73	2	Yes	No
SLC17A8	DAL5	3	Yes	Yes
SLC17A8	FEN2	3	Yes	Yes
SLC17A8	TNA1	3	No	Yes
SLC17A8	SOA1	2	Yes	No
SLC17A8	THI73	2	Yes	No
SLC17A9	DAL5	3	Yes	Yes
SLC17A9	FEN2	3	Yes	Yes
SLC17A9	TNA1	3	No	Yes
SLC17A9	SOA1	2	Yes	No
SLC17A9	THI73	2	Yes	No
SLC20A1	PHO89	13	Yes	Yes
SLC20A2	PHO89	13	Yes	Yes
SLC22A1	PHO84	2	Yes	Yes
SLC22A10	PHO84	2	Yes	Yes
SLC22A11	PHO84	2	Yes	Yes
SLC22A12	PHO84	2	Yes	Yes
SLC22A13	PHO84	2	Yes	Yes
SLC22A14	PHO84	2	Yes	Yes
SLC22A15	PHO84	2	Yes	Yes
SLC22A16	PHO84	2	Yes	Yes
SLC22A2	PHO84	2	Yes	Yes
SLC22A24	PHO84	2	Yes	Yes
SLC22A25	PHO84	2	Yes	Yes
SLC22A3	PHO84	2	Yes	Yes
SLC22A31	PHO84	2	Yes	Yes
SLC22A4	PHO84	2	Yes	Yes
SLC22A4	QDR3	2	Yes	Yes
SLC22A4	TPO2	2	Yes	Yes
SLC22A4	TPO3	2	Yes	Yes
SLC22A5	PHO84	2	Yes	Yes
SLC22A5	QDR3	2	Yes	Yes
SLC22A5	TPO2	2	Yes	Yes
SLC22A5	TPO3	2	Yes	Yes
SLC22A6	PHO84	2	Yes	Yes
SLC22A7	PHO84	2	Yes	Yes
SLC22A8	MPH3	2	No	Yes
SLC22A8	PHO84	2	Yes	Yes
SLC22A9	PHO84	2	Yes	Yes
SLC24A1	YCX1	3	No	Yes
SLC24A2	YCX1	3	No	Yes
SLC24A3	YCX1	4	No	Yes
SLC24A4	YCX1	3	No	Yes
SLC24A5	YCX1	3	No	Yes
SLC25A1	CTP1	13	Yes	Yes
SLC25A1	MRX20	7	Yes	No
SLC25A1	SFC1	5	Yes	No
SLC25A1	YHM2	2	Yes	No
SLC25A10	DIC1	11	Yes	Yes
SLC25A11	DIC1	7	No	Yes
SLC25A12	AGC1	11	Yes	Yes
SLC25A13	AGC1	11	Yes	Yes
SLC25A14	DIC1	2	No	Yes
SLC25A15	ORT1	8	Yes	Yes
SLC25A15	YMC1	5	No	No
SLC25A15	YMC2	5	No	No
SLC25A16	LEU5	13	Yes	Yes
SLC25A16	MRX21	5	Yes	No
SLC25A17	RIM2	4	No	Yes
SLC25A17	YEA6	4	No	Yes
SLC25A17	YIA6	4	No	Yes
SLC25A17	ANT1	3	Yes	No
SLC25A18	AGC1	4	No	Yes
SLC25A18	GGC1	2	Yes	No
SLC25A19	TPC1	13	Yes	Yes
SLC25A2	ORT1	8	Yes	Yes
SLC25A2	YMC1	5	No	No
SLC25A2	YMC2	5	No	No
SLC25A2	CRC1	4	No	No
SLC25A20	CRC1	12	Yes	Yes
SLC25A20	YMC1	6	No	No
SLC25A20	YMC2	6	No	No
SLC25A20	ORT1	4	No	No
SLC25A21	ODC1	12	Yes	Yes
SLC25A21	ODC2	12	Yes	Yes
SLC25A22	AGC1	3	No	Yes
SLC25A22	GGC1	2	Yes	No
SLC25A23	SAL1	10	Yes	Yes
SLC25A23	MRX21	4	No	No
SLC25A24	SAL1	8	No	Yes
SLC25A24	MRX21	4	No	No
SLC25A25	SAL1	9	No	Yes
SLC25A25	MRX21	4	No	No
SLC25A26	PET8	13	Yes	Yes
SLC25A26	MME1	2	Yes	No
SLC25A28	MRS3	13	Yes	Yes
SLC25A28	MRS4	13	Yes	Yes
SLC25A28	MME1	2	Yes	No
SLC25A29	YMC1	8	Yes	Yes
SLC25A29	YMC2	8	Yes	Yes
SLC25A29	CRC1	4	No	No
SLC25A3	PIC2	13	Yes	Yes
SLC25A3	MIR1	5	Yes	No
SLC25A30	DIC1	2	No	Yes
SLC25A30	OAC1	2	No	Yes
SLC25A31	AAC1	12	No	Yes
SLC25A31	AAC3	12	No	Yes
SLC25A31	PET9	12	No	Yes
SLC25A32	FLX1	10	Yes	Yes
SLC25A32	YEA6	8	Yes	No
SLC25A32	YIA6	8	Yes	No
SLC25A33	RIM2	13	Yes	Yes
SLC25A33	YEA6	4	No	No
SLC25A33	YIA6	4	No	No
SLC25A33	ANT1	3	Yes	No
SLC25A34	OAC1	11	No	Yes
SLC25A35	OAC1	12	Yes	Yes
SLC25A36	RIM2	13	Yes	Yes
SLC25A36	YEA6	4	No	No
SLC25A36	YIA6	4	No	No
SLC25A36	ANT1	3	Yes	No
SLC25A37	MRS3	13	Yes	Yes
SLC25A37	MRS4	13	Yes	Yes
SLC25A37	MME1	2	Yes	No
SLC25A38	HEM25	13	Yes	Yes
SLC25A39	MTM1	13	Yes	Yes
SLC25A39	MME1	2	Yes	No
SLC25A4	AAC1	12	Yes	Yes
SLC25A4	AAC3	12	Yes	Yes
SLC25A4	PET9	12	Yes	Yes
SLC25A40	MTM1	13	Yes	Yes
SLC25A40	MME1	2	Yes	No
SLC25A41	SAL1	8	No	Yes
SLC25A41	MRX21	4	No	No
SLC25A42	LEU5	6	No	Yes
SLC25A42	MRX21	4	No	No
SLC25A42	UGO1	2	Yes	No
SLC25A43	LEU5	3	No	Yes
SLC25A43	MRX21	3	No	Yes
SLC25A45	YMC1	7	No	Yes
SLC25A45	YMC2	7	No	Yes
SLC25A47	YMC1	6	No	Yes
SLC25A47	YMC2	6	No	Yes
SLC25A47	ORT1	4	No	No
SLC25A48	YMC1	8	No	Yes
SLC25A48	YMC2	8	No	Yes
SLC25A48	CRC1	4	No	No
SLC25A5	AAC1	12	Yes	Yes
SLC25A5	AAC3	12	Yes	Yes
SLC25A5	PET9	12	Yes	Yes
SLC25A51	ORT1	2	No	Yes
SLC25A52	ORT1	2	No	Yes
SLC25A53	ORT1	2	No	Yes
SLC25A6	AAC1	12	Yes	Yes
SLC25A6	AAC3	12	Yes	Yes
SLC25A6	PET9	12	Yes	Yes
SLC26A1	SUL1	6	No	Yes
SLC26A1	SUL2	6	No	Yes
SLC26A11	SUL1	10	Yes	Yes
SLC26A11	SUL2	10	Yes	Yes
SLC26A2	SUL1	6	No	Yes
SLC26A2	SUL2	6	No	Yes
SLC26A3	SUL1	6	No	Yes
SLC26A3	SUL2	6	No	Yes
SLC26A4	SUL1	6	No	Yes
SLC26A4	SUL2	6	No	Yes
SLC26A5	SUL1	6	No	Yes
SLC26A5	SUL2	6	No	Yes
SLC26A6	SUL1	6	No	Yes
SLC26A6	SUL2	6	No	Yes
SLC26A7	SUL1	5	No	Yes
SLC26A7	SUL2	5	No	Yes
SLC26A8	SUL1	4	No	Yes
SLC26A8	SUL2	4	No	Yes
SLC26A9	SUL1	6	No	Yes
SLC26A9	SUL2	6	No	Yes
SLC27A1	FAT1	11	No	Yes
SLC27A2	FAT1	12	Yes	Yes
SLC27A3	FAT1	12	Yes	Yes
SLC27A4	FAT1	12	Yes	Yes
SLC27A5	FAT1	12	Yes	Yes
SLC27A6	FAT1	12	Yes	Yes
SLC29A1	FUN26	12	No	Yes
SLC29A2	FUN26	12	No	Yes
SLC29A3	FUN26	13	Yes	Yes
SLC29A4	FUN26	6	No	Yes
SLC2A1	VPS73	13	Yes	Yes
SLC2A1	VVS1	13	Yes	Yes
SLC2A1	GAL2	4	No	No
SLC2A1	HXT1	4	No	No
SLC2A1	HXT10	4	No	No
SLC2A1	HXT11	4	No	No
SLC2A1	HXT13	4	No	No
SLC2A1	HXT15	4	No	No
SLC2A1	HXT16	4	No	No
SLC2A1	HXT17	4	No	No
SLC2A1	HXT2	4	No	No
SLC2A1	HXT3	4	No	No
SLC2A1	HXT4	4	No	No
SLC2A1	HXT5	4	No	No
SLC2A1	HXT6	4	No	No
SLC2A1	HXT7	4	No	No
SLC2A1	HXT8	4	No	No
SLC2A1	HXT9	4	No	No
SLC2A10	HXT1	5	No	Yes
SLC2A10	HXT8	5	No	Yes
SLC2A10	GAL2	4	No	No
SLC2A10	HXT10	4	No	No
SLC2A10	HXT11	4	No	No
SLC2A10	HXT13	4	No	No
SLC2A10	HXT14	4	Yes	No
SLC2A10	HXT15	4	No	No
SLC2A10	HXT16	4	No	No
SLC2A10	HXT17	4	No	No
SLC2A10	HXT2	4	No	No
SLC2A10	HXT3	4	No	No
SLC2A10	HXT4	4	No	No
SLC2A10	HXT5	4	No	No
SLC2A10	HXT6	4	No	No
SLC2A10	HXT7	4	No	No
SLC2A10	HXT9	4	No	No
SLC2A10	STL1	4	Yes	No
SLC2A11	VVS1	11	No	Yes
SLC2A11	VPS73	10	No	No
SLC2A12	CIN10	5	No	Yes
SLC2A12	HXT13	5	No	Yes
SLC2A12	HXT15	5	No	Yes
SLC2A12	HXT16	5	No	Yes
SLC2A12	HXT17	5	No	Yes
SLC2A12	HXT2	5	No	Yes
SLC2A12	GAL2	4	No	No
SLC2A12	HXT1	4	No	No
SLC2A12	HXT10	4	No	No
SLC2A12	HXT11	4	No	No
SLC2A12	HXT3	4	No	No
SLC2A12	HXT4	4	No	No
SLC2A12	HXT5	4	No	No
SLC2A12	HXT6	4	No	No
SLC2A12	HXT7	4	No	No
SLC2A12	HXT8	4	No	No
SLC2A12	HXT9	4	No	No
SLC2A12	ITR1	4	No	No
SLC2A12	ITR2	4	No	No
SLC2A12	STL1	4	Yes	No
SLC2A13	ITR1	13	Yes	Yes
SLC2A13	ITR2	13	Yes	Yes
SLC2A13	CIN10	10	Yes	No
SLC2A13	HXT5	4	No	No
SLC2A14	VPS73	13	Yes	Yes
SLC2A14	VVS1	13	Yes	Yes
SLC2A14	GAL2	4	No	No
SLC2A14	HXT1	4	No	No
SLC2A14	HXT10	4	No	No
SLC2A14	HXT11	4	No	No
SLC2A14	HXT13	4	No	No
SLC2A14	HXT15	4	No	No
SLC2A14	HXT16	4	No	No
SLC2A14	HXT17	4	No	No
SLC2A14	HXT2	4	No	No
SLC2A14	HXT3	4	No	No
SLC2A14	HXT4	4	No	No
SLC2A14	HXT5	4	No	No
SLC2A14	HXT6	4	No	No
SLC2A14	HXT7	4	No	No
SLC2A14	HXT8	4	No	No
SLC2A14	HXT9	4	No	No
SLC2A2	VPS73	13	Yes	Yes
SLC2A2	VVS1	13	Yes	Yes
SLC2A2	GAL2	4	No	No
SLC2A2	HXT1	4	No	No
SLC2A2	HXT10	4	No	No
SLC2A2	HXT11	4	No	No
SLC2A2	HXT13	4	No	No
SLC2A2	HXT15	4	No	No
SLC2A2	HXT16	4	No	No
SLC2A2	HXT17	4	No	No
SLC2A2	HXT2	4	No	No
SLC2A2	HXT3	4	No	No
SLC2A2	HXT4	4	No	No
SLC2A2	HXT5	4	No	No
SLC2A2	HXT6	4	No	No
SLC2A2	HXT7	4	No	No
SLC2A2	HXT8	4	No	No
SLC2A2	HXT9	4	No	No
SLC2A3	VPS73	13	Yes	Yes
SLC2A3	VVS1	13	Yes	Yes
SLC2A3	GAL2	4	No	No
SLC2A3	HXT1	4	No	No
SLC2A3	HXT10	4	No	No
SLC2A3	HXT11	4	No	No
SLC2A3	HXT13	4	No	No
SLC2A3	HXT15	4	No	No
SLC2A3	HXT16	4	No	No
SLC2A3	HXT17	4	No	No
SLC2A3	HXT2	4	No	No
SLC2A3	HXT3	4	No	No
SLC2A3	HXT4	4	No	No
SLC2A3	HXT5	4	No	No
SLC2A3	HXT6	4	No	No
SLC2A3	HXT7	4	No	No
SLC2A3	HXT8	4	No	No
SLC2A3	HXT9	4	No	No
SLC2A4	VPS73	13	Yes	Yes
SLC2A4	VVS1	13	Yes	Yes
SLC2A4	GAL2	4	No	No
SLC2A4	HXT1	4	No	No
SLC2A4	HXT10	4	No	No
SLC2A4	HXT11	4	No	No
SLC2A4	HXT13	4	No	No
SLC2A4	HXT15	4	No	No
SLC2A4	HXT16	4	No	No
SLC2A4	HXT17	4	No	No
SLC2A4	HXT2	4	No	No
SLC2A4	HXT3	4	No	No
SLC2A4	HXT4	4	No	No
SLC2A4	HXT5	4	No	No
SLC2A4	HXT6	4	No	No
SLC2A4	HXT7	4	No	No
SLC2A4	HXT8	4	No	No
SLC2A4	HXT9	4	No	No
SLC2A5	VPS73	11	No	Yes
SLC2A5	VVS1	11	No	Yes
SLC2A5	GAL2	4	No	No
SLC2A5	HXT1	4	No	No
SLC2A5	HXT10	4	No	No
SLC2A5	HXT11	4	No	No
SLC2A5	HXT13	4	No	No
SLC2A5	HXT15	4	No	No
SLC2A5	HXT16	4	No	No
SLC2A5	HXT17	4	No	No
SLC2A5	HXT2	4	No	No
SLC2A5	HXT3	4	No	No
SLC2A5	HXT4	4	No	No
SLC2A5	HXT5	4	No	No
SLC2A5	HXT6	4	No	No
SLC2A5	HXT7	4	No	No
SLC2A5	HXT8	4	No	No
SLC2A5	HXT9	4	No	No
SLC2A5	RGT2	4	No	No
SLC2A6	GAL2	6	Yes	Yes
SLC2A6	HXT1	6	Yes	Yes
SLC2A6	HXT10	6	Yes	Yes
SLC2A6	HXT11	6	Yes	Yes
SLC2A6	HXT13	6	Yes	Yes
SLC2A6	HXT15	6	Yes	Yes
SLC2A6	HXT16	6	Yes	Yes
SLC2A6	HXT17	6	Yes	Yes
SLC2A6	HXT2	6	Yes	Yes
SLC2A6	HXT3	6	Yes	Yes
SLC2A6	HXT4	6	Yes	Yes
SLC2A6	HXT5	6	Yes	Yes
SLC2A6	HXT6	6	Yes	Yes
SLC2A6	HXT7	6	Yes	Yes
SLC2A6	HXT8	6	Yes	Yes
SLC2A6	HXT9	6	Yes	Yes
SLC2A6	RGT2	5	Yes	No
SLC2A6	SNF3	5	Yes	No
SLC2A6	HXT14	4	Yes	No
SLC2A6	MAL11	4	Yes	No
SLC2A6	MAL31	4	Yes	No
SLC2A6	MPH2	4	Yes	No
SLC2A6	MPH3	4	Yes	No
SLC2A6	STL1	4	Yes	No
SLC2A7	VPS73	12	No	Yes
SLC2A7	VVS1	12	No	Yes
SLC2A7	GAL2	4	No	No
SLC2A7	HXT1	4	No	No
SLC2A7	HXT10	4	No	No
SLC2A7	HXT11	4	No	No
SLC2A7	HXT13	4	No	No
SLC2A7	HXT15	4	No	No
SLC2A7	HXT16	4	No	No
SLC2A7	HXT17	4	No	No
SLC2A7	HXT2	4	No	No
SLC2A7	HXT3	4	No	No
SLC2A7	HXT4	4	No	No
SLC2A7	HXT5	4	No	No
SLC2A7	HXT6	4	No	No
SLC2A7	HXT7	4	No	No
SLC2A7	HXT8	4	No	No
SLC2A7	HXT9	4	No	No
SLC2A8	GAL2	6	Yes	Yes
SLC2A8	HXT1	6	Yes	Yes
SLC2A8	HXT10	6	Yes	Yes
SLC2A8	HXT11	6	Yes	Yes
SLC2A8	HXT13	6	Yes	Yes
SLC2A8	HXT15	6	Yes	Yes
SLC2A8	HXT16	6	Yes	Yes
SLC2A8	HXT17	6	Yes	Yes
SLC2A8	HXT2	6	Yes	Yes
SLC2A8	HXT3	6	Yes	Yes
SLC2A8	HXT4	6	Yes	Yes
SLC2A8	HXT5	6	Yes	Yes
SLC2A8	HXT6	6	Yes	Yes
SLC2A8	HXT7	6	Yes	Yes
SLC2A8	HXT8	6	Yes	Yes
SLC2A8	HXT9	6	Yes	Yes
SLC2A8	RGT2	5	Yes	No
SLC2A8	SNF3	5	Yes	No
SLC2A8	HXT14	4	Yes	No
SLC2A8	MAL11	4	Yes	No
SLC2A8	MAL31	4	Yes	No
SLC2A8	MPH2	4	Yes	No
SLC2A8	MPH3	4	Yes	No
SLC2A8	STL1	4	Yes	No
SLC2A9	VPS73	13	Yes	Yes
SLC2A9	VVS1	13	Yes	Yes
SLC2A9	GAL2	4	No	No
SLC2A9	HXT1	4	No	No
SLC2A9	HXT10	4	No	No
SLC2A9	HXT11	4	No	No
SLC2A9	HXT13	4	No	No
SLC2A9	HXT15	4	No	No
SLC2A9	HXT16	4	No	No
SLC2A9	HXT17	4	No	No
SLC2A9	HXT2	4	No	No
SLC2A9	HXT3	4	No	No
SLC2A9	HXT4	4	No	No
SLC2A9	HXT5	4	No	No
SLC2A9	HXT6	4	No	No
SLC2A9	HXT7	4	No	No
SLC2A9	HXT8	4	No	No
SLC2A9	HXT9	4	No	No
SLC30A1	ZRC1	10	Yes	Yes
SLC30A1	COT1	9	Yes	No
SLC30A10	COT1	10	Yes	Yes
SLC30A10	ZRC1	10	No	Yes
SLC30A3	COT1	3	No	Yes
SLC30A3	ZRC1	3	No	Yes
SLC30A4	COT1	3	No	Yes
SLC30A5	MSC2	8	No	Yes
SLC30A7	MSC2	9	Yes	Yes
SLC30A8	COT1	4	No	Yes
SLC30A9	MMT2	3	Yes	Yes
SLC30A9	MMT1	2	Yes	No
SLC31A1	CTR2	11	Yes	Yes
SLC31A1	CTR3	6	Yes	No
SLC31A1	CTR1	4	No	No
SLC31A2	CTR3	6	Yes	Yes
SLC31A2	CTR1	5	Yes	No
SLC31A2	CTR2	5	No	No
SLC32A1	AVT1	8	Yes	Yes
SLC35B1	HUT1	11	Yes	Yes
SLC35B2	HUT1	7	No	Yes
SLC35B3	HUT1	3	No	Yes
SLC35B4	YEA4	13	Yes	Yes
SLC35D1	VRG4	6	No	Yes
SLC35D1	HVG1	5	No	No
SLC35D2	VRG4	5	No	Yes
SLC35D2	HVG1	4	No	No
SLC35D3	HVG1	3	No	Yes
SLC35D3	VRG4	3	No	Yes
SLC35E1	SLY41	12	Yes	Yes
SLC35E2B	SLY41	6	No	Yes
SLC35E4	SLY41	2	No	Yes
SLC35F5	THI74	11	Yes	No
SLC35H1	YMD8	11	Yes	Yes
SLC36A1	AVT3	11	Yes	Yes
SLC36A1	AVT4	11	Yes	Yes
SLC36A2	AVT4	11	Yes	Yes
SLC36A2	AVT3	10	No	No
SLC36A3	AVT4	11	Yes	Yes
SLC36A3	AVT3	10	No	No
SLC36A4	AVT4	11	Yes	Yes
SLC36A4	AVT3	10	No	No
SLC37A1	FEN2	3	Yes	Yes
SLC37A1	SEO1	3	Yes	Yes
SLC37A1	VHT1	3	Yes	Yes
SLC37A1	YCT1	3	Yes	Yes
SLC37A1	SOA1	2	Yes	No
SLC37A1	THI73	2	Yes	No
SLC37A2	FEN2	3	Yes	Yes
SLC37A2	SEO1	3	Yes	Yes
SLC37A2	VHT1	3	Yes	Yes
SLC37A2	YCT1	3	Yes	Yes
SLC37A2	SOA1	2	Yes	No
SLC37A2	THI73	2	Yes	No
SLC37A3	FEN2	3	Yes	Yes
SLC37A3	SEO1	3	Yes	Yes
SLC37A3	VHT1	3	Yes	Yes
SLC37A3	YCT1	3	Yes	Yes
SLC37A3	SOA1	2	Yes	No
SLC37A3	THI73	2	Yes	No
SLC37A4	FEN2	3	Yes	Yes
SLC37A4	SEO1	3	Yes	Yes
SLC37A4	VHT1	3	Yes	Yes
SLC37A4	YCT1	3	Yes	Yes
SLC37A4	SOA1	2	Yes	No
SLC37A4	THI73	2	Yes	No
SLC38A1	AVT5	5	No	Yes
SLC38A10	AVT7	4	No	Yes
SLC38A11	AVT2	13	Yes	Yes
SLC38A2	AVT5	5	No	Yes
SLC38A2	AVT6	5	No	Yes
SLC38A3	AVT2	4	No	Yes
SLC38A3	AVT5	4	No	Yes
SLC38A4	AVT5	4	No	Yes
SLC38A4	AVT6	4	No	Yes
SLC38A4	AVT7	4	No	Yes
SLC38A5	AVT5	5	No	Yes
SLC38A5	AVT6	5	No	Yes
SLC38A5	AVT2	4	No	No
SLC38A5	AVT7	4	No	No
SLC38A6	AVT2	4	No	Yes
SLC38A6	AVT5	4	No	Yes
SLC38A6	AVT6	4	No	Yes
SLC38A7	AVT6	11	Yes	Yes
SLC38A7	AVT5	10	Yes	No
SLC38A7	AVT7	8	Yes	No
SLC38A8	AVT6	10	No	Yes
SLC38A8	AVT5	9	No	No
SLC38A8	AVT7	7	No	No
SLC38A9	AVT7	2	No	Yes
SLC39A1	ZRT1	6	Yes	Yes
SLC39A1	ZRT2	6	No	Yes
SLC39A10	YKE4	3	No	Yes
SLC39A11	ZRT3	5	Yes	Yes
SLC39A12	YKE4	3	No	Yes
SLC39A13	YKE4	12	Yes	Yes
SLC39A14	YKE4	3	No	Yes
SLC39A2	ZRT1	6	Yes	Yes
SLC39A2	ZRT2	6	No	Yes
SLC39A3	ZRT2	7	Yes	Yes
SLC39A3	ZRT1	6	Yes	No
SLC39A4	YKE4	3	No	Yes
SLC39A5	YKE4	3	No	Yes
SLC39A6	YKE4	4	No	Yes
SLC39A7	YKE4	10	No	Yes
SLC39A8	YKE4	3	No	Yes
SLC39A9	ATX2	11	Yes	Yes
SLC3A1	IMA5	13	Yes	Yes
SLC3A1	IMA1	12	Yes	No
SLC3A1	IMA2	12	Yes	No
SLC3A1	IMA4	12	Yes	No
SLC3A1	MAL12	12	Yes	No
SLC3A1	MAL32	12	Yes	No
SLC3A1	IMA3	11	Yes	No
SLC3A2	IMA1	4	No	Yes
SLC3A2	IMA2	4	No	Yes
SLC3A2	IMA4	4	No	Yes
SLC3A2	IMA5	4	No	Yes
SLC3A2	MAL12	4	No	Yes
SLC3A2	MAL32	4	No	Yes
SLC43A1	FMP42	11	Yes	Yes
SLC43A2	FMP42	11	Yes	Yes
SLC43A3	FMP42	11	Yes	Yes
SLC44A1	PNS1	6	No	Yes
SLC44A2	PNS1	6	No	Yes
SLC44A3	PNS1	6	No	Yes
SLC44A4	PNS1	6	No	Yes
SLC44A5	PNS1	7	Yes	Yes
SLC47A1	ERC1	13	Yes	Yes
SLC47A2	ERC1	13	Yes	Yes
SLC4A1	BOR1	10	Yes	Yes
SLC4A10	BOR1	10	Yes	Yes
SLC4A11	BOR1	9	No	Yes
SLC4A2	BOR1	10	Yes	Yes
SLC4A3	BOR1	10	Yes	Yes
SLC4A4	BOR1	10	Yes	Yes
SLC4A5	BOR1	10	Yes	Yes
SLC4A7	BOR1	10	Yes	Yes
SLC4A8	BOR1	10	Yes	Yes
SLC4A9	BOR1	10	Yes	Yes
SLC5A1	DUR3	2	No	Yes
SLC5A10	DUR3	3	No	Yes
SLC5A11	DUR3	3	No	Yes
SLC5A12	DUR3	5	No	Yes
SLC5A2	DUR3	2	No	Yes
SLC5A4	DUR3	4	No	Yes
SLC5A5	DUR3	6	Yes	Yes
SLC5A6	DUR3	4	No	Yes
SLC5A7	DUR3	2	No	Yes
SLC5A8	DUR3	5	No	Yes
SLC66A1	YPQ1	11	Yes	Yes
SLC66A1	RTC2	10	Yes	No
SLC66A1	YPQ2	7	Yes	No
SLC66A1	ILT1	2	Yes	No
SLC66A1LP	YPQ2	3	No	Yes
SLC66A2	ANY1	11	Yes	Yes
SLC7A1	UGA4	5	Yes	Yes
SLC7A1	AGP1	4	No	No
SLC7A1	AGP3	4	No	No
SLC7A1	ALP1	4	No	No
SLC7A1	BAP2	4	No	No
SLC7A1	BAP3	4	No	No
SLC7A1	CAN1	4	No	No
SLC7A1	DIP5	4	No	No
SLC7A1	GAP1	4	No	No
SLC7A1	GNP1	4	No	No
SLC7A1	HNM1	4	Yes	No
SLC7A1	MMP1	4	No	No
SLC7A1	PUT4	4	No	No
SLC7A1	SAM3	4	No	No
SLC7A1	BIO5	2	Yes	No
SLC7A10	MUP1	11	No	Yes
SLC7A10	MUP3	11	No	Yes
SLC7A10	TPO5	2	Yes	No
SLC7A11	MUP1	11	No	Yes
SLC7A11	MUP3	11	No	Yes
SLC7A13	MUP3	11	No	Yes
SLC7A13	MUP1	10	No	No
SLC7A14	AGP1	7	Yes	Yes
SLC7A14	BAP2	6	Yes	No
SLC7A14	BAP3	6	Yes	No
SLC7A14	GNP1	6	Yes	No
SLC7A14	AGP3	5	Yes	No
SLC7A14	ALP1	5	Yes	No
SLC7A14	CAN1	5	Yes	No
SLC7A14	DIP5	5	Yes	No
SLC7A14	GAP1	5	No	No
SLC7A14	MMP1	5	Yes	No
SLC7A14	PUT4	5	Yes	No
SLC7A14	SAM3	5	Yes	No
SLC7A14	TAT1	5	Yes	No
SLC7A14	AGP2	4	Yes	No
SLC7A14	HIP1	4	No	No
SLC7A14	LYP1	4	Yes	No
SLC7A14	SSY1	4	Yes	No
SLC7A14	TAT2	4	Yes	No
SLC7A14	BIO5	2	Yes	No
SLC7A2	AGP1	4	No	No
SLC7A2	AGP3	4	No	No
SLC7A2	ALP1	4	No	No
SLC7A2	BAP2	4	No	No
SLC7A2	BAP3	4	No	No
SLC7A2	CAN1	4	No	No
SLC7A2	DIP5	4	No	No
SLC7A2	GAP1	4	No	No
SLC7A2	GNP1	4	No	No
SLC7A2	HNM1	4	Yes	Yes
SLC7A2	MMP1	4	No	No
SLC7A2	PUT4	4	No	No
SLC7A2	SAM3	4	No	No
SLC7A2	UGA4	4	No	Yes
SLC7A2	BIO5	2	Yes	No
SLC7A3	AGP1	4	No	No
SLC7A3	AGP3	4	No	No
SLC7A3	ALP1	4	No	No
SLC7A3	BAP2	4	No	No
SLC7A3	BAP3	4	No	No
SLC7A3	CAN1	4	No	No
SLC7A3	DIP5	4	No	No
SLC7A3	GAP1	4	No	No
SLC7A3	GNP1	4	No	No
SLC7A3	HNM1	4	Yes	Yes
SLC7A3	MMP1	4	No	No
SLC7A3	PUT4	4	No	No
SLC7A3	SAM3	4	No	No
SLC7A3	UGA4	4	No	Yes
SLC7A3	BIO5	2	Yes	No
SLC7A4	GAP1	6	Yes	Yes
SLC7A4	HIP1	6	Yes	Yes
SLC7A4	AGP3	5	Yes	No
SLC7A4	ALP1	5	Yes	No
SLC7A4	CAN1	5	Yes	No
SLC7A4	MMP1	5	Yes	No
SLC7A4	PUT4	5	Yes	No
SLC7A4	SAM3	5	Yes	No
SLC7A4	AGP1	4	No	No
SLC7A4	AGP2	4	Yes	No
SLC7A4	BAP2	4	No	No
SLC7A4	BAP3	4	No	No
SLC7A4	DIP5	4	No	No
SLC7A4	GNP1	4	No	No
SLC7A4	LYP1	4	Yes	No
SLC7A4	SSY1	4	Yes	No
SLC7A4	TAT1	4	No	No
SLC7A4	TAT2	4	Yes	No
SLC7A4	BIO5	2	Yes	No
SLC7A5	MUP1	11	No	Yes
SLC7A5	MUP3	10	No	No
SLC7A5P1	MUP1	2	No	Yes
SLC7A5P1	MUP3	2	No	Yes
SLC7A5P2	MUP1	2	No	Yes
SLC7A5P2	MUP3	2	No	Yes
SLC7A6	MUP1	11	No	Yes
SLC7A6	MUP3	10	No	No
SLC7A6OS	IWR1	2	Yes	Yes
SLC7A7	MUP1	11	No	Yes
SLC7A7	MUP3	11	No	Yes
SLC7A8	MUP1	11	No	Yes
SLC7A8	MUP3	10	No	No
SLC7A8	TPO5	2	Yes	No
SLC7A9	MUP1	12	Yes	Yes
SLC7A9	MUP3	12	Yes	Yes
SLC8B1	YCX1	11	Yes	Yes
SLC8B1	ECM27	8	Yes	No
SLC9A1	NHX1	6	No	Yes
SLC9A2	NHX1	6	No	Yes
SLC9A3	NHX1	6	No	Yes
SLC9A4	NHX1	6	No	Yes
SLC9A5	NHX1	6	No	Yes
SLC9A6	NHX1	12	No	Yes
SLC9A7	NHX1	11	No	Yes
SLC9A8	NHX1	6	No	Yes
SLC9A9	NHX1	13	Yes	Yes
SLC9C1	NHX1	3	No	Yes
SLC9C2	NHX1	3	No	Yes
SLF1	DPB11	2	No	Yes
SLK	BCK1	2	No	Yes
SLK	CDC15	2	No	Yes
SLK	CLA4	2	No	Yes
SLK	KIC1	2	No	Yes
SLK	SKM1	2	No	Yes
SLK	SPS1	2	No	Yes
SLK	SSK2	2	No	Yes
SLK	SSK22	2	No	Yes
SLK	STE20	2	No	Yes
SLMAP	FAR10	6	Yes	Yes
SLMAP	VPS64	6	Yes	No
SLMAP	DMA2	3	Yes	No
SLU7	SLU7	10	Yes	Yes
SLX1A	SLX1	12	Yes	Yes
SLX1B	SLX1	12	No	Yes
SMAP1	AGE2	11	Yes	Yes
SMAP1	GTS1	5	Yes	No
SMAP2	AGE2	9	No	Yes
SMAP2	GTS1	5	Yes	No
SMARCA1	ISW1	13	Yes	Yes
SMARCA1	ISW2	13	Yes	Yes
SMARCA1	IRC5	4	No	No
SMARCA2	STH1	12	Yes	Yes
SMARCA2	SNF2	10	No	No
SMARCA4	STH1	12	Yes	Yes
SMARCA4	SNF2	11	Yes	No
SMARCA5	ISW1	13	Yes	Yes
SMARCA5	ISW2	13	Yes	Yes
SMARCA5	IRC5	4	No	No
SMARCAD1	FUN30	10	Yes	Yes
SMARCAL1	CHD1	2	No	Yes
SMARCAL1	ISW1	2	No	Yes
SMARCAL1	ISW2	2	No	Yes
SMARCAL1	RAD16	2	No	Yes
SMARCAL1	RAD5	2	No	Yes
SMARCAL1	STH1	2	No	Yes
SMARCAL1	ULS1	2	No	Yes
SMARCB1	SNF5	9	Yes	Yes
SMARCB1	SFH1	8	Yes	Yes
SMARCC1	SWI3	9	No	Yes
SMARCC1	RSC8	7	Yes	No
SMARCC2	SWI3	10	Yes	Yes
SMARCC2	RSC8	7	Yes	No
SMARCD1	SNF12	12	Yes	Yes
SMARCD1	RSC6	10	Yes	No
SMARCD1	TRI1	4	Yes	No
SMARCD1	UAF30	4	Yes	No
SMARCD2	SNF12	12	Yes	Yes
SMARCD2	RSC6	10	Yes	No
SMARCD3	SNF12	12	Yes	Yes
SMARCD3	RSC6	10	Yes	No
SMARCD3	TRI1	4	Yes	No
SMC1A	SMC1	11	No	Yes
SMC1B	SMC1	12	Yes	Yes
SMC2	SMC2	13	Yes	Yes
SMC3	SMC3	13	Yes	Yes
SMC4	SMC4	12	Yes	Yes
SMC5	SMC5	12	Yes	Yes
SMC6	SMC6	11	Yes	Yes
SMG1	MEC1	2	No	Yes
SMG1	TOR1	2	No	Yes
SMG1	TOR2	2	No	Yes
SMG5	EBS1	2	No	Yes
SMG5	EST1	2	No	Yes
SMG6	EBS1	2	No	Yes
SMG6	ESL1	2	Yes	Yes
SMG6	ESL2	2	Yes	Yes
SMG6	EST1	2	No	Yes
SMG7	EBS1	3	Yes	Yes
SMG7	EST1	3	Yes	Yes
SMIM13	ARD1	2	No	Yes
SMOX	FMS1	7	No	Yes
SMPD1	PPN1	8	No	Yes
SMPD2	ISC1	12	Yes	Yes
SMPDL3A	PPN1	8	No	Yes
SMPDL3B	PPN1	9	Yes	Yes
SMUG1	FCY1	2	No	Yes
SMURF1	RSP5	7	No	Yes
SMURF2	RSP5	7	No	Yes
SMYD1	SET6	7	Yes	Yes
SMYD1	SET5	4	No	No
SMYD2	SET6	7	Yes	Yes
SMYD2	SET5	4	No	No
SMYD3	SET6	6	No	Yes
SMYD3	SET5	4	No	No
SMYD4	SET6	3	No	Yes
SMYD5	SET5	8	Yes	Yes
SNAI1	PZF1	3	Yes	Yes
SNAI2	PZF1	2	No	Yes
SNAI3	PZF1	2	No	Yes
SNAP23	SEC9	6	Yes	Yes
SNAP23	SPO20	5	Yes	Yes
SNAP25	SEC9	6	Yes	Yes
SNAP25	SPO20	5	Yes	Yes
SNAP29	SEC9	6	Yes	Yes
SNAP29	SPO20	5	No	No
SNAP47	SEC9	3	No	Yes
SNAP91	YAP1801	11	Yes	Yes
SNAP91	YAP1802	11	Yes	Yes
SNAPC4	BAS1	6	No	Yes
SNF8	SNF8	13	Yes	Yes
SNIP1	PML1	10	Yes	Yes
SNRK	FRK1	2	No	Yes
SNRK	HSL1	2	No	Yes
SNRK	KIN1	2	No	Yes
SNRK	KIN2	2	No	Yes
SNRK	KIN4	2	No	Yes
SNRK	SKS1	2	No	Yes
SNRK	VHS1	2	No	Yes
SNRNP200	BRR2	13	Yes	Yes
SNRNP200	SLH1	6	No	No
SNRNP35	SNP1	4	No	Yes
SNRNP35	RIE1	3	Yes	No
SNRNP70	SNP1	9	Yes	Yes
SNRPA	MSL1	8	Yes	Yes
SNRPA	MUD1	2	Yes	No
SNRPA1	LEA1	10	Yes	Yes
SNRPB	SMB1	10	Yes	Yes
SNRPB2	MSL1	8	Yes	Yes
SNRPB2	MUD1	2	Yes	No
SNRPC	YHC1	8	Yes	Yes
SNRPD1	SMD1	9	Yes	Yes
SNRPD2	SMD2	12	Yes	Yes
SNRPD3	SMD3	13	Yes	Yes
SNRPE	SME1	13	Yes	Yes
SNRPF	SMX3	12	Yes	Yes
SNRPG	SMX2	12	Yes	Yes
SNRPGP15	SMX2	8	No	Yes
SNRPN	SMB1	9	No	Yes
SNU13	SNU13	13	Yes	Yes
SNURF	SMB1	6	No	Yes
SNW1	PRP45	12	Yes	Yes
SNX1	VPS5	12	Yes	Yes
SNX1	VPS501	5	Yes	No
SNX1	VPS17	2	Yes	No
SNX10	SNX3	5	No	Yes
SNX11	SNX3	5	No	Yes
SNX12	SNX3	12	Yes	Yes
SNX13	MDM1	7	No	Yes
SNX13	NVJ3	2	Yes	No
SNX14	MDM1	3	No	Yes
SNX14	NVJ3	2	Yes	No
SNX19	MDM1	3	No	Yes
SNX19	NVJ3	2	Yes	No
SNX2	VPS5	12	Yes	Yes
SNX2	VPS501	5	Yes	No
SNX2	VPS17	2	Yes	No
SNX25	MDM1	10	Yes	Yes
SNX25	NVJ3	2	Yes	No
SNX3	SNX3	12	Yes	Yes
SNX30	SNX4	10	Yes	Yes
SNX30	VPS17	2	Yes	No
SNX32	VPS17	2	Yes	Yes
SNX4	SNX4	5	No	Yes
SNX4	ATG20	4	Yes	No
SNX4	SNX41	3	Yes	No
SNX4	VPS17	2	Yes	No
SNX5	VPS17	2	Yes	Yes
SNX6	VPS17	2	Yes	Yes
SNX7	SNX4	10	Yes	Yes
SNX7	VPS5	4	No	No
SNX7	VPS17	2	Yes	No
SNX8	MVP1	10	Yes	Yes
SNX8	VPS17	2	Yes	No
SOAT1	ARE1	6	No	Yes
SOAT1	ARE2	6	No	Yes
SOAT2	ARE1	6	No	Yes
SOAT2	ARE2	6	No	Yes
SOD1	SOD1	12	Yes	Yes
SOD2	SOD2	10	Yes	Yes
SOD3	SOD1	4	No	Yes
SON	CMG1	2	No	Yes
SORBS1	BOI1	2	Yes	Yes
SORBS1	BOI2	2	No	Yes
SORBS2	BEM1	2	No	Yes
SORBS2	BOI1	2	Yes	Yes
SORBS2	BOI2	2	No	Yes
SORBS3	BEM1	2	No	Yes
SORBS3	BOI1	2	Yes	Yes
SORBS3	BOI2	2	No	Yes
SORCS1	PEP1	8	No	Yes
SORCS1	VTH1	8	No	Yes
SORCS1	VTH2	8	No	Yes
SORCS1	EMA35	5	No	No
SORCS2	PEP1	8	No	Yes
SORCS2	VTH1	8	No	Yes
SORCS2	VTH2	8	No	Yes
SORCS2	EMA35	4	No	No
SORCS3	PEP1	8	No	Yes
SORCS3	VTH1	8	No	Yes
SORCS3	VTH2	8	No	Yes
SORCS3	EMA35	4	No	No
SORD	SOR1	11	Yes	Yes
SORD	SOR2	11	Yes	Yes
SORD	XYL2	11	Yes	Yes
SORD	ADH6	2	Yes	No
SORD	ADH7	2	Yes	No
SORD	BDH1	2	Yes	No
SORD	BDH2	2	Yes	No
SORL1	PEP1	9	No	Yes
SORL1	VTH1	9	No	Yes
SORL1	VTH2	9	No	Yes
SORL1	EMA35	5	No	No
SORT1	PEP1	10	Yes	Yes
SORT1	VTH1	10	Yes	Yes
SORT1	VTH2	10	Yes	Yes
SORT1	EMA35	6	Yes	No
SOS1	CDC25	8	Yes	Yes
SOS1	LTE1	4	No	No
SOS2	CDC25	8	Yes	Yes
SOS2	LTE1	4	No	No
SOX1	ROX1	6	No	Yes
SOX10	ROX1	5	No	Yes
SOX11	ROX1	6	No	Yes
SOX12	ROX1	7	Yes	Yes
SOX13	ROX1	3	No	Yes
SOX14	ROX1	6	No	Yes
SOX15	ROX1	6	No	Yes
SOX17	ROX1	5	No	Yes
SOX18	ROX1	5	No	Yes
SOX2	ROX1	6	No	Yes
SOX21	ROX1	6	No	Yes
SOX3	ROX1	6	No	Yes
SOX30	IXR1	2	No	Yes
SOX30	ROX1	2	No	Yes
SOX4	ROX1	6	No	Yes
SOX5	IXR1	2	No	Yes
SOX5	ROX1	2	No	Yes
SOX6	IXR1	2	No	Yes
SOX7	ROX1	5	No	Yes
SOX8	ROX1	5	No	Yes
SOX9	ROX1	5	No	Yes
SP8	COM2	2	Yes	Yes
SPAG1	TAH1	3	Yes	Yes
SPAG4	MPS3	2	Yes	Yes
SPAST	SAP1	9	No	Yes
SPAST	YTA6	9	No	Yes
SPATA13	CDC24	5	Yes	Yes
SPCS1	SPC1	6	Yes	Yes
SPCS2	SPC2	7	Yes	Yes
SPCS3	SPC3	12	Yes	Yes
SPG7	YTA12	4	No	Yes
SPG7	AFG3	3	No	No
SPHK1	LCB4	12	Yes	Yes
SPHK1	LCB5	12	Yes	Yes
SPHK2	LCB4	12	Yes	Yes
SPHK2	LCB5	11	No	No
SPNS1	DAL5	2	No	Yes
SPNS1	FEN2	2	No	Yes
SPNS1	TNA1	2	No	Yes
SPNS1	YCT1	2	No	Yes
SPNS2	VBA2	2	Yes	Yes
SPNS3	DAL5	2	No	Yes
SPNS3	FEN2	2	No	Yes
SPNS3	TNA1	2	No	Yes
SPNS3	YCT1	2	No	Yes
SPO11	SPO11	12	Yes	Yes
SPOCD1	BYE1	2	No	Yes
SPOUT1	UPA1	12	Yes	Yes
SPOUT1	UPA2	12	Yes	Yes
SPPL2A	YPF1	3	No	Yes
SPPL2B	YPF1	3	No	Yes
SPPL2C	YPF1	3	No	Yes
SPPL3	YPF1	4	No	Yes
SPR	NRE1	6	Yes	Yes
SPR	IRC24	4	No	No
SPRYD3	EAR1	6	Yes	Yes
SPRYD3	SSH4	5	Yes	No
SPRYD3	VID30	4	No	No
SPTLC1	LCB1	13	Yes	Yes
SPTLC2	LCB2	13	Yes	Yes
SPTLC3	LCB2	13	Yes	Yes
SQLE	ERG1	13	Yes	Yes
SRBD1	SPT6	2	No	Yes
SRC	LSB1	2	No	Yes
SRC	SLA1	2	Yes	Yes
SRCAP	SWR1	8	Yes	Yes
SRD5A2	DFG10	2	No	Yes
SRD5A3	DFG10	13	Yes	Yes
SREBF1	TYE7	6	Yes	Yes
SREBF2	TYE7	6	Yes	Yes
SREBF2	HMS1	4	Yes	No
SRF	ARG80	8	Yes	No
SRF	MCM1	8	Yes	Yes
SRFBP1	BUD22	4	Yes	Yes
SRGAP1	BZZ1	3	No	Yes
SRGAP2	BZZ1	3	No	Yes
SRGAP2B	BZZ1	2	No	Yes
SRGAP2C	BZZ1	3	No	Yes
SRGAP3	BZZ1	3	No	Yes
SRI	PEF1	5	No	Yes
SRL	END3	3	No	Yes
SRL	PAN1	3	No	Yes
SRM	SPE3	13	Yes	Yes
SRM	SPE4	7	Yes	No
SRMS	LSB1	2	No	Yes
SRP14	SRP14	6	Yes	Yes
SRP19	SEC65	10	Yes	Yes
SRP54	SRP54	13	Yes	Yes
SRP68	SRP68	13	Yes	Yes
SRP72	SRP72	11	Yes	Yes
SRP9	SRP21	2	Yes	Yes
SRPK1	SKY1	12	Yes	Yes
SRPK2	SKY1	12	Yes	Yes
SRPK3	SKY1	12	Yes	Yes
SRPRA	SRP101	12	Yes	Yes
SRPRB	SRP102	11	Yes	Yes
SRR	SRY1	12	Yes	Yes
SRR	ILV1	4	Yes	No
SRRD	BER1	8	Yes	Yes
SRRM2	CWC21	4	Yes	Yes
SRRM3	CWC21	4	Yes	Yes
SRSF1	NPL3	8	Yes	Yes
SRSF1	RNP1	2	Yes	No
SRSF10	RIM4	2	No	Yes
SRSF12	RIM4	2	No	Yes
SRSF2	PUB1	2	No	Yes
SRSF2	RIM4	2	No	Yes
SRSF3	NPL3	2	No	Yes
SRSF4	NPL3	7	No	Yes
SRSF4	RNP1	2	Yes	No
SRSF5	NPL3	7	No	Yes
SRSF5	RNP1	2	Yes	No
SRSF6	NPL3	7	No	Yes
SRSF6	RNP1	2	Yes	No
SRSF7	NPL3	2	No	Yes
SRSF8	PUB1	2	No	Yes
SRSF8	RIM4	2	No	Yes
SRSF9	NPL3	7	No	Yes
SRSF9	RNP1	2	Yes	No
SRXN1	SRX1	13	Yes	Yes
SRY	ROX1	4	No	Yes
SSB	LHP1	9	Yes	Yes
SSBP1	RIM1	5	Yes	Yes
SSH1	SDP1	5	No	Yes
SSH1	MSG5	4	No	No
SSH2	SDP1	5	No	Yes
SSH2	MSG5	4	No	No
SSH3	SDP1	4	No	Yes
SSR1	IRC22	2	Yes	Yes
SSRP1	POB3	13	Yes	Yes
SSU72	SSU72	13	Yes	Yes
SSU72L1	SSU72	11	No	Yes
SSU72L2	SSU72	12	No	Yes
SSU72L3	SSU72	11	No	Yes
SSU72L4	SSU72	11	No	Yes
SSU72L5	SSU72	11	No	Yes
SSU72L6	SSU72	12	No	Yes
ST20-MTHFS	FAU1	6	No	Yes
STAG1	IRR1	9	Yes	Yes
STAG2	IRR1	7	No	Yes
STAG3	IRR1	8	No	Yes
STAM	HSE1	11	Yes	Yes
STAM	LSB5	3	Yes	No
STAM2	HSE1	10	No	Yes
STAM2	LSB5	3	Yes	No
STAMBP	RFU1	4	Yes	Yes
STAMBPL1	RFU1	4	Yes	Yes
STIP1	STI1	12	Yes	Yes
STK10	BCK1	2	No	Yes
STK10	CDC15	2	No	Yes
STK10	CLA4	2	No	Yes
STK10	KIC1	2	No	Yes
STK10	SKM1	2	No	Yes
STK10	SPS1	2	No	Yes
STK10	SSK2	2	No	Yes
STK10	SSK22	2	No	Yes
STK10	STE20	2	No	Yes
STK11	TOS3	3	No	Yes
STK16	ENV7	12	Yes	Yes
STK24	KIC1	6	No	Yes
STK24	SPS1	6	No	Yes
STK25	KIC1	6	No	Yes
STK25	SPS1	6	No	Yes
STK26	KIC1	7	Yes	Yes
STK26	SPS1	7	Yes	Yes
STK3	KIC1	3	No	Yes
STK3	SPS1	3	No	Yes
STK32A	DBF2	2	No	Yes
STK32A	DBF20	2	No	Yes
STK32A	SCH9	2	No	Yes
STK32A	YPK1	2	No	Yes
STK32A	YPK2	2	No	Yes
STK32A	YPK3	2	No	Yes
STK32B	DBF2	2	No	Yes
STK32B	DBF20	2	No	Yes
STK32B	SCH9	2	No	Yes
STK32B	YPK1	2	No	Yes
STK32B	YPK2	2	No	Yes
STK32B	YPK3	2	No	Yes
STK32C	DBF2	2	No	Yes
STK32C	DBF20	2	No	Yes
STK32C	SCH9	2	No	Yes
STK32C	YPK1	2	No	Yes
STK32C	YPK2	2	No	Yes
STK32C	YPK3	2	No	Yes
STK33	RCK1	3	Yes	Yes
STK38	CBK1	12	No	Yes
STK38	DBF2	3	Yes	No
STK38	DBF20	3	Yes	No
STK38L	CBK1	13	Yes	Yes
STK38L	DBF2	3	Yes	No
STK38L	DBF20	3	Yes	No
STK39	CLA4	2	No	Yes
STK39	KIC1	2	No	Yes
STK39	SKM1	2	No	Yes
STK39	SSK2	2	No	Yes
STK39	SSK22	2	No	Yes
STK4	KIC1	4	No	No
STK4	SPS1	4	No	Yes
STOML1	FOX2	2	No	Yes
STON1	APM1	2	No	Yes
STON1-GTF2A1L	APM1	2	No	Yes
STON2	APM1	2	No	Yes
STRIP1	FAR11	10	Yes	Yes
STRIP2	FAR11	10	Yes	Yes
STRN	FAR8	6	Yes	Yes
STRN3	FAR8	6	Yes	Yes
STRN4	FAR8	6	Yes	Yes
STT3A	STT3	11	No	Yes
STT3B	STT3	13	Yes	Yes
STUB1	TAH1	3	Yes	Yes
STX10	TLG1	8	Yes	Yes
STX11	SSO1	10	No	Yes
STX11	SSO2	9	No	No
STX12	PEP12	12	Yes	Yes
STX12	VAM3	5	No	No
STX16	TLG2	12	Yes	Yes
STX17	VAM3	3	No	Yes
STX18	UFE1	8	Yes	Yes
STX19	SSO1	9	No	Yes
STX19	SSO2	9	No	Yes
STX1A	SSO1	12	Yes	Yes
STX1A	SSO2	11	Yes	No
STX1B	SSO1	11	No	Yes
STX1B	SSO2	10	No	No
STX2	SSO1	11	No	Yes
STX2	SSO2	10	No	No
STX3	SSO1	11	No	Yes
STX3	SSO2	10	No	No
STX4	SSO1	10	No	Yes
STX4	SSO2	9	No	No
STX5	SED5	13	Yes	Yes
STX6	TLG1	7	No	Yes
STX7	PEP12	11	No	Yes
STX7	VAM3	6	Yes	No
STX8	VAM7	5	Yes	Yes
STX8	SYN8	4	Yes	No
STXBP1	SEC1	12	No	Yes
STXBP2	SEC1	13	Yes	Yes
STXBP3	SEC1	13	Yes	Yes
STXBP5	SRO7	9	No	Yes
STXBP5	SRO77	9	No	Yes
STXBP5L	SRO7	10	Yes	Yes
STXBP5L	SRO77	10	Yes	Yes
STYX	MSG5	3	No	Yes
STYX	SDP1	3	No	Yes
STYXL1	MSG5	2	No	Yes
STYXL1	SDP1	2	No	Yes
STYXL1	YVH1	2	No	Yes
STYXL2	YVH1	3	No	Yes
SUB1	SUB1	9	Yes	Yes
SUCLA2	LSC2	13	Yes	Yes
SUCLG1	LSC1	13	Yes	Yes
SUCLG2	LSC2	9	No	Yes
SUCO	SLP1	8	Yes	Yes
SUDS3	SDS3	4	Yes	Yes
SUGT1	SGT1	12	Yes	Yes
SUMO1	SMT3	9	Yes	Yes
SUMO1P1	SMT3	6	No	Yes
SUMO2	SMT3	8	No	Yes
SUMO3	SMT3	8	No	Yes
SUMO4	SMT3	6	No	Yes
SUN1	MPS3	2	Yes	Yes
SUN2	MPS3	2	Yes	Yes
SUN3	MPS3	2	Yes	Yes
SUN5	MPS3	2	Yes	Yes
SUPT16H	SPT16	12	Yes	Yes
SUPT20H	SPT20	4	Yes	Yes
SUPT20HL1	SPT20	4	Yes	Yes
SUPT20HL2	SPT20	4	Yes	Yes
SUPT3H	SPT3	13	Yes	Yes
SUPT4H1	SPT4	13	Yes	Yes
SUPT5H	SPT5	12	Yes	Yes
SUPT6H	SPT6	12	Yes	Yes
SUPV3L1	SUV3	12	Yes	Yes
SURF1	SHY1	13	Yes	Yes
SURF4	ERV29	13	Yes	Yes
SURF6	RRP14	8	Yes	Yes
SUV39H1	SET1	2	No	Yes
SUV39H2	SET1	2	No	Yes
SUV39H2	SET2	2	No	Yes
SUZ12	NPL6	2	Yes	Yes
SV2A	PHO84	2	Yes	Yes
SV2B	PHO84	2	Yes	Yes
SV2C	PHO84	2	Yes	Yes
SVOP	PHO84	2	Yes	Yes
SWI5	SAE3	3	Yes	Yes
SWT1	SWT1	8	Yes	Yes
SYDE2	RGD1	2	No	Yes
SYF2	SYF2	3	Yes	Yes
SYMPK	PTA1	7	Yes	Yes
SYNGAP1	BUD2	5	No	Yes
SYNJ1	INP52	11	Yes	Yes
SYNJ1	INP53	11	Yes	Yes
SYNJ1	INP51	10	Yes	No
SYNJ2	INP52	11	Yes	Yes
SYNJ2	INP53	10	No	No
SYNJ2	INP51	9	No	No
SYNRG	EDE1	2	No	Yes
SYS1	SYS1	11	Yes	Yes
SYT1	TCB1	3	No	Yes
SYT10	TCB1	3	No	Yes
SYT11	TCB1	3	No	Yes
SYT12	TCB1	2	No	Yes
SYT12	TCB2	2	No	Yes
SYT12	TCB3	2	No	Yes
SYT15	TCB1	2	No	Yes
SYT15	TCB3	2	No	Yes
SYT15B	TCB1	2	No	Yes
SYT15B	TCB3	2	No	Yes
SYT17	TCB1	3	No	Yes
SYT2	TCB1	3	No	Yes
SYT3	TCB1	3	No	Yes
SYT4	TCB1	3	No	Yes
SYT5	TCB1	3	No	Yes
SYT6	TCB1	3	No	Yes
SYT7	TCB1	3	No	Yes
SYT8	TCB1	2	No	Yes
SYT8	TCB2	2	No	Yes
SYT8	TCB3	2	No	Yes
SYT9	TCB1	3	No	Yes
SYVN1	HRD1	10	Yes	Yes
TAB1	PTC4	3	No	Yes
TACO1	DPC29	12	Yes	Yes
TADA1	HFI1	4	Yes	Yes
TADA2A	ADA2	12	Yes	Yes
TADA2A	FUN19	2	Yes	No
TADA2B	ADA2	11	No	Yes
TADA3	NGG1	7	Yes	Yes
TAF1	TAF1	12	Yes	Yes
TAF10	TAF10	9	Yes	Yes
TAF11	TAF11	8	No	Yes
TAF11L10	TAF11	8	No	Yes
TAF11L11	TAF11	9	Yes	Yes
TAF11L12	TAF11	8	No	Yes
TAF11L13	TAF11	8	No	Yes
TAF11L14	TAF11	8	No	Yes
TAF11L2	TAF11	8	No	Yes
TAF11L3	TAF11	8	No	Yes
TAF11L4	TAF11	9	Yes	Yes
TAF11L5	TAF11	8	No	Yes
TAF11L6	TAF11	8	No	Yes
TAF11L7	TAF11	8	No	Yes
TAF11L8	TAF11	8	No	Yes
TAF11L9	TAF11	8	No	Yes
TAF12	TAF12	10	Yes	Yes
TAF13	TAF13	12	Yes	Yes
TAF1L	TAF1	12	Yes	Yes
TAF2	TAF2	11	Yes	Yes
TAF4	TAF4	5	No	Yes
TAF4B	TAF4	6	Yes	Yes
TAF5	TAF5	12	Yes	Yes
TAF5L	TAF5	9	No	Yes
TAF6	TAF6	12	Yes	Yes
TAF6L	TAF6	6	No	Yes
TAF7	TAF7	10	Yes	Yes
TAF7L	TAF7	9	No	Yes
TAF8	TAF8	5	Yes	Yes
TAF9	TAF9	11	Yes	Yes
TAF9B	TAF9	11	Yes	Yes
TAFAZZIN	TAZ1	12	Yes	Yes
TAGLN	SCP1	11	No	Yes
TAGLN2	SCP1	12	Yes	Yes
TAGLN3	SCP1	11	No	Yes
TALDO1	NQM1	13	Yes	Yes
TALDO1	TAL1	13	Yes	Yes
TAMM41	TAM41	11	Yes	Yes
TANGO6	RTP1	9	Yes	Yes
TAP1	MDL1	4	No	Yes
TAP1	MDL2	4	No	Yes
TAP2	MDL1	4	No	Yes
TAP2	MDL2	4	No	Yes
TAPT1	EMP65	10	Yes	Yes
TARBP1	TRM3	8	Yes	Yes
TARDBP	RIM4	2	No	Yes
TARS1	THS1	12	Yes	Yes
TARS1	MST1	5	Yes	No
TARS2	THS1	10	No	Yes
TARS2	MST1	5	Yes	No
TARS3	THS1	12	Yes	Yes
TARS3	MST1	4	No	No
TBC1D1	GYL1	4	No	Yes
TBC1D1	GYP5	4	No	Yes
TBC1D10A	GYL1	2	No	Yes
TBC1D10A	GYP5	2	No	Yes
TBC1D10A	MSB3	2	No	Yes
TBC1D10A	MSB4	2	No	Yes
TBC1D10B	GYL1	2	No	Yes
TBC1D10B	MSB3	2	No	Yes
TBC1D10B	MSB4	2	No	Yes
TBC1D10C	GYL1	2	No	Yes
TBC1D10C	GYP5	2	No	Yes
TBC1D10C	MSB3	2	No	Yes
TBC1D12	MSB3	2	No	Yes
TBC1D12	MSB4	2	No	Yes
TBC1D14	MSB3	2	No	Yes
TBC1D14	MSB4	2	No	Yes
TBC1D15	GYP7	11	Yes	Yes
TBC1D16	GYP7	3	No	Yes
TBC1D17	GYP7	11	Yes	Yes
TBC1D2	MSB3	5	No	Yes
TBC1D2	MSB4	5	No	Yes
TBC1D20	GYP8	11	Yes	Yes
TBC1D21	GYP7	3	No	Yes
TBC1D22A	GYP1	11	No	Yes
TBC1D22B	GYP1	12	Yes	Yes
TBC1D25	GYP7	5	No	Yes
TBC1D26	GYL1	3	No	Yes
TBC1D26	GYP5	3	No	Yes
TBC1D28	GYL1	2	No	Yes
TBC1D28	GYP5	2	No	Yes
TBC1D2B	MSB3	5	No	Yes
TBC1D2B	MSB4	5	No	Yes
TBC1D3	GYL1	3	No	Yes
TBC1D3	GYP5	3	No	Yes
TBC1D30	MSB3	2	No	Yes
TBC1D30	MSB4	2	No	Yes
TBC1D3B	GYL1	3	No	Yes
TBC1D3B	GYP5	3	No	Yes
TBC1D3C	GYL1	3	No	Yes
TBC1D3C	GYP5	3	No	Yes
TBC1D3D	GYL1	3	No	Yes
TBC1D3D	GYP5	3	No	Yes
TBC1D3E	GYL1	2	No	Yes
TBC1D3E	GYP5	2	No	Yes
TBC1D3F	GYL1	2	No	Yes
TBC1D3F	GYP5	2	No	Yes
TBC1D3G	GYL1	3	No	Yes
TBC1D3G	GYP5	3	No	Yes
TBC1D3H	GYL1	3	No	Yes
TBC1D3H	GYP5	3	No	Yes
TBC1D3I	GYL1	3	No	Yes
TBC1D3I	GYP5	3	No	Yes
TBC1D3K	GYL1	3	No	Yes
TBC1D3K	GYP5	3	No	Yes
TBC1D3L	GYL1	2	No	Yes
TBC1D3L	GYP5	2	No	Yes
TBC1D4	GYL1	5	No	Yes
TBC1D4	GYP5	5	No	Yes
TBC1D5	GYP6	8	Yes	Yes
TBC1D8	MDR1	10	Yes	Yes
TBC1D8B	MDR1	10	Yes	Yes
TBC1D9	MDR1	10	Yes	Yes
TBC1D9B	MDR1	10	Yes	Yes
TBCA	RBL2	11	Yes	Yes
TBCB	ALF1	8	Yes	Yes
TBCD	CIN1	5	Yes	Yes
TBCE	PAC2	13	Yes	Yes
TBCEL	PAC2	4	No	Yes
TBL1X	SIF2	12	Yes	Yes
TBL1XR1	SIF2	12	Yes	Yes
TBL1Y	SIF2	10	No	Yes
TBL3	UTP13	13	Yes	Yes
TBP	SPT15	11	Yes	Yes
TBPL1	SPT15	5	No	Yes
TBPL2	SPT15	12	Yes	Yes
TBXAS1	DIT2	2	No	Yes
TBXAS1	ERG5	2	No	Yes
TCEA1	DST1	13	Yes	Yes
TCEA2	DST1	13	Yes	Yes
TCEA3	DST1	13	Yes	Yes
TCEANC	DST1	7	No	Yes
TCEANC2	DST1	3	No	Yes
TCERG1	URN1	2	No	Yes
TCF25	RQC1	11	Yes	Yes
TCIRG1	VPH1	13	Yes	Yes
TCIRG1	STV1	12	Yes	No
TCP1	TCP1	12	Yes	Yes
TCP11	SOK1	10	Yes	Yes
TCP11L1	SOK1	9	No	Yes
TCP11L2	SOK1	9	No	Yes
TCP11X1	SOK1	7	No	Yes
TCP11X2	SOK1	8	No	Yes
TDP1	TDP1	13	Yes	Yes
TDRD12	DBP3	2	No	Yes
TEAD1	TEC1	8	Yes	Yes
TEAD2	TEC1	8	Yes	Yes
TEAD3	TEC1	8	Yes	Yes
TEAD4	TEC1	8	Yes	Yes
TEC	LSB1	2	No	Yes
TECPR1	SPO73	4	Yes	Yes
TECR	TSC13	13	Yes	Yes
TECRL	TSC13	13	Yes	Yes
TELO2	TEL2	7	Yes	Yes
TENT4A	PAP2	11	Yes	Yes
TENT4A	TRF5	11	Yes	Yes
TENT4B	PAP2	11	Yes	Yes
TENT4B	TRF5	11	Yes	Yes
TERF2IP	RAP1	3	Yes	Yes
TERT	EST2	11	Yes	Yes
TEX10	IPI1	9	Yes	Yes
TEX11	SPO22	6	Yes	Yes
TEX13A	NRP1	4	Yes	Yes
TEX13B	NRP1	4	Yes	Yes
TEX13C	NRP1	2	No	Yes
TEX13D	NRP1	2	No	Yes
TEX2	NVJ2	8	Yes	Yes
TEX2	MMM1	2	Yes	No
TEX261	SVP26	13	Yes	Yes
TFAM	ABF2	6	Yes	Yes
TFAM	IXR1	5	Yes	No
TFAM	HMO1	4	Yes	No
TFAM	NHP10	4	Yes	No
TFAM	NHP6A	3	No	No
TFB1M	MTF1	3	Yes	Yes
TFB2M	MTF1	3	Yes	Yes
TFE3	RTG3	6	No	Yes
TFE3	RTG1	3	Yes	No
TFEB	RTG3	6	No	Yes
TFEB	RTG1	3	Yes	No
TFEC	RTG3	6	No	Yes
TFEC	RTG1	3	Yes	No
TFIP11	SPP382	9	Yes	Yes
TFPT	NHP10	2	No	Yes
TFR2	VPS70	8	No	Yes
TFR2	TRE1	6	No	No
TFR2	TRE2	6	No	No
TFRC	VPS70	8	No	Yes
TFRC	TRE2	6	No	No
TFRC	TRE1	5	No	No
TGFB1I1	LRG1	4	Yes	Yes
TGFB1I1	PXL1	4	Yes	Yes
TGFBRAP1	VAM6	7	No	Yes
TGIF1	TOS8	6	No	Yes
TGIF1	CUP9	5	No	No
TGIF1	HMLALPHA2	2	Yes	No
TGIF1	MATALPHA2	2	Yes	No
TGIF2	CUP9	6	No	Yes
TGIF2	TOS8	6	No	Yes
TGIF2	HMLALPHA2	2	Yes	No
TGIF2	MATALPHA2	2	Yes	No
TGIF2LX	CUP9	6	No	Yes
TGIF2LX	TOS8	6	No	Yes
TGIF2LX	HMLALPHA2	2	Yes	No
TGIF2LX	MATALPHA2	2	Yes	No
TGIF2LY	TOS8	4	No	Yes
TGS1	TGS1	10	Yes	Yes
THADA	TRM732	10	Yes	Yes
THEM4	MRX3	6	Yes	Yes
THEM4	FMP10	5	Yes	No
THEM5	FMP10	5	Yes	Yes
THEM5	MRX3	5	No	Yes
THG1L	THG1	13	Yes	Yes
THNSL1	THR4	6	No	Yes
THNSL2	THR4	11	Yes	Yes
THOC2	THO2	13	Yes	Yes
THOC3	TEX1	9	Yes	Yes
THOP1	PRD1	13	Yes	Yes
THUMPD1	TAN1	12	Yes	Yes
TIA1	PUB1	9	Yes	Yes
TIA1	NAM8	5	No	No
TIAL1	PUB1	9	Yes	Yes
TIAM1	CDC24	3	No	Yes
TIAM2	CDC24	3	No	Yes
TIGAR	SHB17	2	Yes	No
TIGD1	PDC2	9	No	Yes
TIGD2	PDC2	8	No	Yes
TIGD3	PDC2	7	No	Yes
TIGD4	PDC2	10	Yes	Yes
TIGD5	PDC2	6	No	Yes
TIGD6	PDC2	7	No	Yes
TIGD7	PDC2	8	No	Yes
TIMELESS	TOF1	10	Yes	Yes
TIMM10	TIM10	13	Yes	Yes
TIMM10	TIM12	7	Yes	No
TIMM10B	TIM9	6	No	Yes
TIMM13	TIM13	13	Yes	Yes
TIMM17A	TIM17	13	Yes	Yes
TIMM17B	TIM17	13	Yes	Yes
TIMM21	TIM21	8	Yes	Yes
TIMM22	TIM22	13	Yes	Yes
TIMM23	TIM23	13	Yes	Yes
TIMM23B	TIM23	10	No	Yes
TIMM44	TIM44	13	Yes	Yes
TIMM50	TIM50	12	Yes	Yes
TIMM8A	TIM8	12	Yes	Yes
TIMM8B	TIM8	11	No	Yes
TIMM9	TIM9	12	Yes	Yes
TIPIN	CSM3	9	Yes	Yes
TIPRL	TIP41	12	Yes	Yes
TKFC	DAK1	13	Yes	Yes
TKFC	DAK2	13	Yes	Yes
TKT	TKL1	11	Yes	Yes
TKT	TKL2	11	Yes	Yes
TKTL1	TKL1	10	No	Yes
TKTL1	TKL2	10	No	Yes
TKTL2	TKL1	11	Yes	Yes
TKTL2	TKL2	11	Yes	Yes
TLCD1	TDA4	2	No	Yes
TLCD2	TDA4	2	No	Yes
TLCD3A	TDA4	4	No	Yes
TLCD3B	TDA4	4	No	Yes
TLCD4	TDA4	12	Yes	Yes
TLCD4-RWDD3	TDA4	6	No	Yes
TLDC2	OXR1	12	Yes	Yes
TLX1	HMRA1	2	No	Yes
TLX2	HMRA1	2	No	Yes
TLX3	HMRA1	2	No	Yes
TM7SF2	ERG24	12	Yes	Yes
TM7SF2	ERG4	6	Yes	No
TM9SF1	TMN3	4	No	Yes
TM9SF2	EMP70	12	Yes	Yes
TM9SF2	TMN2	12	Yes	Yes
TM9SF2	TMN3	5	No	No
TM9SF3	TMN3	4	No	Yes
TM9SF4	EMP70	10	No	Yes
TM9SF4	TMN2	10	No	Yes
TM9SF4	TMN3	5	Yes	No
TMA16	TMA16	9	Yes	Yes
TMA7	TMA7	10	Yes	Yes
TMA7B	TMA7	10	Yes	Yes
TMBIM1	BXI1	10	No	Yes
TMBIM4	BXI1	13	Yes	Yes
TMBIM6	BXI1	2	No	Yes
TMCO4	MIL1	10	Yes	Yes
TMED1	ERP2	8	Yes	Yes
TMED1	ERP4	8	Yes	Yes
TMED1	ERP3	5	No	No
TMED1	EMP24	4	No	No
TMED10	ERV25	13	Yes	Yes
TMED2	EMP24	12	Yes	Yes
TMED2	ERP2	6	No	No
TMED2	ERP3	6	Yes	No
TMED2	ERP4	6	No	No
TMED3	ERP2	8	Yes	Yes
TMED3	ERP4	8	Yes	Yes
TMED3	EMP24	6	No	No
TMED3	ERP3	6	Yes	No
TMED4	ERP1	13	Yes	Yes
TMED4	ERP5	13	Yes	Yes
TMED4	ERP6	13	Yes	Yes
TMED5	ERP2	7	No	Yes
TMED5	ERP4	7	No	Yes
TMED5	EMP24	4	No	No
TMED5	ERP3	4	No	No
TMED6	ERP3	2	No	Yes
TMED7	EMP24	9	No	Yes
TMED7	ERP2	7	No	No
TMED7	ERP4	7	No	No
TMED7	ERP3	6	Yes	No
TMED7-TICAM2	EMP24	5	No	Yes
TMED7-TICAM2	ERP2	5	No	Yes
TMED7-TICAM2	ERP4	5	No	Yes
TMED7-TICAM2	ERP3	4	No	No
TMED9	ERP5	13	Yes	Yes
TMED9	ERP1	12	No	No
TMED9	ERP6	12	No	No
TMEM14A	TMH11	8	No	Yes
TMEM14B	TMH11	10	Yes	Yes
TMEM14C	TMH11	9	No	Yes
TMEM14DP	TMH11	3	No	Yes
TMEM14EP	TMH11	3	No	Yes
TMEM150A	SFK1	2	Yes	Yes
TMEM150B	SFK1	2	Yes	Yes
TMEM150C	SFK1	2	Yes	Yes
TMEM165	GDT1	13	Yes	Yes
TMEM167A	KSH1	13	Yes	Yes
TMEM167B	KSH1	5	No	Yes
TMEM184A	HFL1	10	No	Yes
TMEM184B	HFL1	10	No	Yes
TMEM184C	HFL1	10	Yes	Yes
TMEM205	TMH18	9	Yes	Yes
TMEM208	SND2	7	Yes	Yes
TMEM241	VRG4	9	Yes	Yes
TMEM241	HVG1	6	Yes	No
TMEM244	SYS1	2	No	Yes
TMEM250	CDC10	2	No	Yes
TMEM269	CHO1	3	Yes	Yes
TMEM30A	LEM3	13	Yes	Yes
TMEM30A	CDC50	12	No	No
TMEM30B	CDC50	13	Yes	Yes
TMEM30B	LEM3	13	Yes	Yes
TMEM33	POM33	8	Yes	Yes
TMEM33	PER33	5	Yes	No
TMEM44	YPQ2	3	No	Yes
TMEM50A	VPS68	10	Yes	Yes
TMEM50B	VPS68	10	Yes	Yes
TMEM63A	CSC1	10	Yes	Yes
TMEM63A	RSN1	5	Yes	No
TMEM63A	PHM7	4	No	No
TMEM63A	SPO75	4	Yes	No
TMEM63B	CSC1	8	No	Yes
TMEM63B	PHM7	5	Yes	No
TMEM63B	RSN1	4	No	No
TMEM63B	SPO75	4	Yes	No
TMEM63C	CSC1	9	No	Yes
TMEM63C	PHM7	4	No	No
TMEM63C	RSN1	4	No	No
TMEM63C	SPO75	4	Yes	No
TMEM64	TVP38	8	Yes	Yes
TMEM87A	PTM1	12	Yes	Yes
TMEM87B	PTM1	12	Yes	Yes
TMEM97	EMA19	13	Yes	Yes
TMF1	SGM1	5	Yes	Yes
TMLHE	AIM17	7	No	Yes
TMT1A	OMS1	5	Yes	Yes
TMT1A	CRG1	4	Yes	No
TMT1A	TMT1	2	Yes	No
TMT1B	CRG1	4	Yes	Yes
TMT1B	OMS1	4	No	Yes
TMT1B	TMT1	2	Yes	No
TMX1	EPS1	2	No	Yes
TMX1	EUG1	2	No	Yes
TMX1	MPD1	2	No	Yes
TMX1	PDI1	2	No	Yes
TMX3	EPS1	2	No	Yes
TMX3	EUG1	2	No	Yes
TMX3	MPD1	2	No	Yes
TMX3	PDI1	2	No	Yes
TMX4	EPS1	2	No	Yes
TMX4	EUG1	2	No	Yes
TMX4	MPD1	2	No	Yes
TMX4	PDI1	2	No	Yes
TNFAIP2	SEC6	8	No	Yes
TNPO1	KAP104	13	Yes	Yes
TNPO2	KAP104	13	Yes	Yes
TNPO3	MTR10	13	Yes	Yes
TNS1	TEP1	3	No	Yes
TNS2	TEP1	3	No	Yes
TNS3	TEP1	3	No	Yes
TOLLIP	CUE5	3	Yes	Yes
TOLLIP	DON1	3	Yes	Yes
TOM1	GGA2	8	Yes	Yes
TOM1	GGA1	7	No	No
TOM1	LSB5	3	Yes	No
TOM1L1	GGA2	7	No	Yes
TOM1L1	GGA1	6	No	No
TOM1L1	LSB5	3	Yes	No
TOM1L2	GGA1	8	Yes	Yes
TOM1L2	GGA2	8	Yes	Yes
TOM1L2	LSB5	3	Yes	No
TOMM20	TOM20	13	Yes	Yes
TOMM20L	TOM20	13	Yes	Yes
TOMM22	TOM22	5	Yes	Yes
TOMM34	SGT2	2	No	Yes
TOMM34	STI1	2	No	Yes
TOMM34	TAH1	2	No	Yes
TOMM40	TOM40	13	Yes	Yes
TOMM40L	TOM40	13	Yes	Yes
TOMM7	TOM7	5	Yes	Yes
TOMM70	TOM70	12	Yes	Yes
TOMM70	TOM71	12	Yes	Yes
TOP1	TOP1	12	Yes	Yes
TOP1MT	TOP1	12	Yes	Yes
TOP2A	TOP2	12	No	Yes
TOP2B	TOP2	13	Yes	Yes
TOP3A	TOP3	12	Yes	Yes
TOP3B	TOP3	5	No	Yes
TOPBP1	DPB11	5	Yes	Yes
TOX	ABF2	2	No	Yes
TOX	NHP10	2	No	Yes
TOX2	ABF2	2	No	Yes
TOX2	NHP10	2	No	Yes
TOX3	ABF2	2	No	Yes
TOX3	NHP10	2	No	Yes
TOX4	ABF2	2	No	Yes
TOX4	NHP10	2	No	Yes
TP53BP1	RAD9	5	Yes	Yes
TP53I3	ZTA1	6	Yes	Yes
TP53RK	BUD32	13	Yes	Yes
TPCN2	CCH1	2	No	Yes
TPI1	TPI1	12	Yes	Yes
TPK1	THI80	13	Yes	Yes
TPM1	TPM1	4	Yes	Yes
TPM2	TPM1	4	Yes	Yes
TPM2	TPM2	4	Yes	No
TPM3	TPM1	4	Yes	Yes
TPM4	TPM1	4	Yes	Yes
TPM4	TPM2	4	Yes	No
TPP2	PRB1	2	No	Yes
TPP2	RRT12	2	No	Yes
TPP2	YSP3	2	No	Yes
TPR	MLP1	11	Yes	Yes
TPR	MLP2	7	Yes	No
TPRKB	CGI121	13	Yes	Yes
TPT1	TMA19	12	Yes	Yes
TPT1P8	TMA19	8	No	Yes
TPTE	TEP1	7	No	Yes
TPTE2	TEP1	6	No	Yes
TPTEP2-CSNK1E	HRR25	10	No	Yes
TRA2A	RIM4	2	No	Yes
TRA2B	RIM4	2	No	Yes
TRAF3IP3	FAR10	2	No	Yes
TRAM1	LAG1	3	No	Yes
TRAM1L1	LAG1	2	No	Yes
TRAM2	LAC1	3	No	Yes
TRAM2	LAG1	3	No	Yes
TRAP1	HSC82	4	No	Yes
TRAP1	HSP82	4	No	Yes
TRAPPC1	BET5	12	Yes	Yes
TRAPPC10	TRS130	6	Yes	Yes
TRAPPC2	TRS20	11	Yes	Yes
TRAPPC2B	TRS20	9	No	Yes
TRAPPC2L	TCA17	2	Yes	Yes
TRAPPC3	BET3	13	Yes	Yes
TRAPPC3L	BET3	13	Yes	Yes
TRAPPC4	TRS23	10	Yes	Yes
TRAPPC5	TRS31	12	Yes	Yes
TRAPPC6A	TRS33	12	Yes	Yes
TRAPPC6B	TRS33	12	Yes	Yes
TRAPPC8	TRS85	6	Yes	Yes
TRAPPC9	TRS120	7	Yes	Yes
TREH	NTH1	11	Yes	Yes
TREH	NTH2	11	Yes	Yes
TRHDE	AAP1	5	No	Yes
TRHDE	APE2	5	No	Yes
TRHDE	TMA108	5	No	Yes
TRIAP1	MDM35	9	Yes	Yes
TRIM10	PSH1	2	Yes	Yes
TRIM11	PSH1	2	Yes	Yes
TRIM11	RPR2	2	No	Yes
TRIM17	PSH1	2	Yes	Yes
TRIM21	RPR2	2	No	Yes
TRIM23	ARF1	3	No	Yes
TRIM23	ARF2	3	No	Yes
TRIM25	PSH1	2	Yes	Yes
TRIM27	PSH1	2	Yes	Yes
TRIM31	PSH1	2	Yes	Yes
TRIM39	PSH1	2	Yes	Yes
TRIM39	RPR2	2	No	Yes
TRIM39-RPP21	RPR2	3	No	Yes
TRIM39-RPP21	PSH1	2	Yes	No
TRIM4	PSH1	2	Yes	Yes
TRIM41	PSH1	2	Yes	Yes
TRIM43	PSH1	2	Yes	Yes
TRIM43B	PSH1	2	Yes	Yes
TRIM58	RPR2	2	No	Yes
TRIM60	PSH1	2	Yes	Yes
TRIM60	RPR2	2	No	Yes
TRIM61	PSH1	2	Yes	Yes
TRIM68	RPR2	2	No	Yes
TRIM7	PSH1	2	Yes	Yes
TRIM75	PSH1	2	Yes	Yes
TRIM75	RPR2	2	No	Yes
TRIM77	PSH1	2	Yes	Yes
TRIML1	PSH1	2	Yes	Yes
TRIP10	BZZ1	10	No	Yes
TRIP11	RUD3	2	Yes	Yes
TRIP12	UFD4	11	Yes	Yes
TRIP13	PCH2	10	Yes	Yes
TRIP4	RQT4	7	Yes	Yes
TRIT1	MOD5	13	Yes	Yes
TRMT1	TRM1	13	Yes	Yes
TRMT10A	TRM10	13	Yes	Yes
TRMT10B	TRM10	6	No	Yes
TRMT10C	TRM10	4	No	Yes
TRMT11	TRM11	13	Yes	Yes
TRMT112	TRM112	13	Yes	Yes
TRMT13	TRM13	13	Yes	Yes
TRMT1L	TRM1	5	No	Yes
TRMT2A	TRM2	7	No	Yes
TRMT2B	TRM2	8	Yes	Yes
TRMT44	TRM44	10	Yes	Yes
TRMT5	TRM5	13	Yes	Yes
TRMT6	GCD10	13	Yes	Yes
TRMT61A	GCD14	13	Yes	Yes
TRMT61B	GCD14	4	No	Yes
TRMT9B	TRM9	8	Yes	Yes
TRMU	SLM3	13	Yes	Yes
TRNAU1AP	NAM8	8	Yes	Yes
TRNAU1AP	NGR1	7	Yes	No
TRNT1	CCA1	8	Yes	Yes
TRO	NSE3	4	No	Yes
TRPS1	DAL80	4	No	Yes
TRPT1	TPT1	13	Yes	Yes
TRPV1	YVC1	2	Yes	Yes
TRPV2	YVC1	2	Yes	Yes
TRPV3	YVC1	2	Yes	Yes
TRPV4	YVC1	2	Yes	Yes
TRPV5	YVC1	2	Yes	Yes
TRPV6	YVC1	2	Yes	Yes
TRRAP	TRA1	13	Yes	Yes
TRUB1	PUS4	12	Yes	Yes
TRUB2	PUS4	3	No	Yes
TSEN15	SEN15	2	Yes	Yes
TSEN2	SEN2	10	Yes	Yes
TSEN34	SEN34	13	Yes	Yes
TSEN54	SEN54	8	Yes	Yes
TSG101	STP22	13	Yes	Yes
TSNARE1	PEP12	5	No	Yes
TSNARE1	VAM3	4	No	No
TSPOAP1	RUD3	2	No	Yes
TSPY1	VPS75	5	No	Yes
TSPY10	VPS75	5	No	Yes
TSPY2	VPS75	5	No	Yes
TSPY26P	VPS75	2	No	Yes
TSPY3	VPS75	5	No	Yes
TSPY4	VPS75	5	No	Yes
TSPY8	VPS75	5	No	Yes
TSPY9	VPS75	5	No	Yes
TSPYL1	VPS75	7	No	Yes
TSPYL2	VPS75	5	No	Yes
TSPYL4	VPS75	6	No	Yes
TSPYL5	VPS75	6	No	Yes
TSPYL6	VPS75	6	No	Yes
TSR1	TSR1	13	Yes	Yes
TSR2	TSR2	12	Yes	Yes
TSR3	TSR3	12	Yes	Yes
TSSK1B	KIN1	3	No	Yes
TSSK1B	KIN2	3	No	Yes
TSSK1B	SKS1	3	Yes	Yes
TSSK1B	VHS1	3	Yes	Yes
TSSK2	KCC4	3	No	Yes
TSSK2	KIN1	3	No	Yes
TSSK2	KIN2	3	No	Yes
TSSK2	SKS1	3	Yes	Yes
TSSK2	VHS1	3	Yes	Yes
TSSK3	KCC4	3	No	Yes
TSSK3	KIN1	3	No	Yes
TSSK3	KIN2	3	No	Yes
TSSK3	SKS1	3	Yes	Yes
TSSK3	VHS1	3	Yes	Yes
TSSK4	KIN1	3	No	Yes
TSSK4	KIN2	3	No	Yes
TSSK6	KCC4	3	No	Yes
TSSK6	KIN1	3	No	Yes
TSSK6	KIN2	3	No	Yes
TSSK6	PRR1	3	Yes	Yes
TSSK6	SKS1	3	Yes	Yes
TSSK6	VHS1	3	Yes	Yes
TST	TUM1	13	Yes	Yes
TSTD1	RDL1	10	Yes	Yes
TSTD1	RDL2	8	Yes	No
TSTD3	RDL1	4	No	Yes
TSTD3	RDL2	4	No	Yes
TTBK1	HRR25	3	No	Yes
TTBK2	HRR25	3	No	Yes
TTC1	SGT2	3	No	Yes
TTC12	STI1	3	No	Yes
TTC12	DIA2	2	Yes	No
TTC27	EMW1	13	Yes	Yes
TTC31	STI1	2	No	Yes
TTC39A	IML2	6	No	No
TTC39B	IML2	8	No	Yes
TTC39C	IML2	10	Yes	Yes
TTC4	CNS1	12	Yes	Yes
TTC7A	YPP1	3	Yes	Yes
TTC7B	YPP1	3	Yes	Yes
TTC9	FPR1	2	No	Yes
TTC9	FPR2	2	No	Yes
TTC9	FPR3	2	No	Yes
TTC9	FPR4	2	No	Yes
TTC9B	FPR1	2	No	Yes
TTC9B	FPR2	2	No	Yes
TTC9B	FPR3	2	No	Yes
TTC9B	FPR4	2	No	Yes
TTF1	NSI1	4	No	Yes
TTF2	RAD16	6	Yes	Yes
TTF2	ULS1	4	Yes	No
TTI1	TTI1	9	Yes	Yes
TTK	MPS1	10	Yes	Yes
TTL	PBY1	6	Yes	Yes
TTLL10	PBY1	2	No	Yes
TTLL2	PBY1	2	No	Yes
TTLL3	PBY1	3	No	Yes
TTLL8	PBY1	3	No	Yes
TTPA	SEC14	2	No	Yes
TTPAL	PDR16	2	No	Yes
TTPAL	PDR17	2	No	Yes
TUBA1A	TUB1	10	No	Yes
TUBA1A	TUB3	10	No	Yes
TUBA1B	TUB1	10	No	Yes
TUBA1B	TUB3	10	No	Yes
TUBA1C	TUB1	10	No	Yes
TUBA1C	TUB3	10	No	Yes
TUBA3C	TUB1	9	No	Yes
TUBA3C	TUB3	9	No	Yes
TUBA3D	TUB1	9	No	Yes
TUBA3D	TUB3	9	No	Yes
TUBA3E	TUB1	8	No	Yes
TUBA3E	TUB3	8	No	Yes
TUBA4A	TUB1	10	No	Yes
TUBA4A	TUB3	10	No	Yes
TUBA4B	TUB1	5	No	Yes
TUBA4B	TUB3	5	No	Yes
TUBA8	TUB1	12	Yes	Yes
TUBA8	TUB3	11	Yes	No
TUBAL3	TUB1	8	No	Yes
TUBAL3	TUB3	8	No	Yes
TUBB	TUB2	12	Yes	Yes
TUBB1	TUB2	9	No	Yes
TUBB2A	TUB2	11	Yes	Yes
TUBB2B	TUB2	11	Yes	Yes
TUBB3	TUB2	11	No	Yes
TUBB4A	TUB2	11	No	Yes
TUBB4B	TUB2	12	Yes	Yes
TUBB6	TUB2	11	No	Yes
TUBB8	TUB2	11	Yes	Yes
TUBB8B	TUB2	10	No	Yes
TUBD1	TUB4	2	No	Yes
TUBE1	TUB2	3	No	Yes
TUBG1	TUB4	12	No	Yes
TUBG2	TUB4	13	Yes	Yes
TUBGCP2	SPC97	13	Yes	Yes
TUBGCP3	SPC98	11	Yes	Yes
TUBGCP3	SPC97	3	No	No
TUFM	TUF1	13	Yes	Yes
TUSC3	OST3	13	Yes	Yes
TUSC3	OST6	8	Yes	No
TVP23A	TVP23	13	Yes	Yes
TVP23B	TVP23	13	Yes	Yes
TVP23C	TVP23	13	Yes	Yes
TVP23C-CDRT4	TVP23	12	No	Yes
TWF1	TWF1	12	Yes	Yes
TWF2	TWF1	12	Yes	Yes
TXK	LSB1	2	No	Yes
TXN	TRX1	10	Yes	Yes
TXN	TRX2	10	Yes	Yes
TXN	TRX3	7	Yes	No
TXNDC2	TRX1	6	No	Yes
TXNDC2	TRX2	6	No	Yes
TXNDC2	TRX3	5	No	No
TXNDC5	EPS1	4	Yes	Yes
TXNDC5	MPD2	3	Yes	No
TXNDC8	TRX1	5	No	Yes
TXNDC8	TRX2	5	No	Yes
TXNDC9	PLP1	9	Yes	Yes
TXNIP	ROD1	5	Yes	Yes
TXNIP	ROG3	5	Yes	Yes
TXNIP	CSR2	4	Yes	No
TXNIP	ECM21	4	Yes	No
TXNIP	ALY1	3	Yes	No
TXNIP	ALY2	3	Yes	No
TXNIP	ART5	3	Yes	No
TXNIP	ART10	2	Yes	No
TXNIP	LDB19	2	Yes	No
TXNL4A	DIB1	12	Yes	Yes
TXNL4B	DIB1	6	No	Yes
TXNRD1	GLR1	3	No	Yes
TXNRD2	GLR1	4	No	Yes
TXNRD3	GLR1	3	No	Yes
TYMS	CDC21	13	Yes	Yes
TYW1	TYW1	12	Yes	Yes
TYW1B	TYW1	10	No	Yes
TYW2	TRM12	8	Yes	Yes
TYW3	TYW3	13	Yes	Yes
U2AF2	MUD2	5	Yes	Yes
UAP1	QRI1	12	No	Yes
UAP1L1	QRI1	13	Yes	Yes
UBA1	UBA1	12	Yes	Yes
UBA2	UBA2	13	Yes	Yes
UBA3	UBA3	12	Yes	Yes
UBA52	RPL40A	11	Yes	Yes
UBA52	RPL40B	11	Yes	Yes
UBA6	UBA1	4	No	Yes
UBA7	UBA1	7	No	Yes
UBAC2	DSC2	5	Yes	Yes
UBASH3A	TFC7	6	Yes	No
UBASH3B	TFC7	6	Yes	Yes
UBB	UBI4	5	No	Yes
UBC	UBI4	9	Yes	Yes
UBD	RUB1	2	No	Yes
UBE2A	RAD6	13	Yes	Yes
UBE2B	RAD6	12	No	Yes
UBE2C	UBC11	12	Yes	Yes
UBE2D1	UBC5	13	Yes	Yes
UBE2D1	UBC4	12	No	No
UBE2D1	PEX4	3	Yes	No
UBE2D2	UBC4	13	No	Yes
UBE2D2	UBC5	12	No	No
UBE2D2	PEX4	3	Yes	No
UBE2D3	UBC4	13	No	Yes
UBE2D3	UBC5	12	No	No
UBE2D3	PEX4	3	Yes	No
UBE2D4	UBC4	13	Yes	Yes
UBE2D4	UBC5	12	No	No
UBE2D4	PEX4	3	Yes	No
UBE2DNL	UBC4	2	No	Yes
UBE2DNL	UBC5	2	No	Yes
UBE2E1	UBC4	3	No	Yes
UBE2E2	UBC4	3	No	Yes
UBE2E3	UBC4	4	No	Yes
UBE2F	UBC12	5	No	Yes
UBE2G1	CDC34	5	No	Yes
UBE2G2	UBC7	12	Yes	Yes
UBE2H	UBC8	12	Yes	Yes
UBE2I	UBC9	12	Yes	Yes
UBE2J1	UBC6	2	No	Yes
UBE2J2	UBC6	13	Yes	Yes
UBE2K	UBC1	12	Yes	Yes
UBE2L3	UBC4	3	No	Yes
UBE2L5	UBC4	2	No	Yes
UBE2L6	UBC4	2	No	Yes
UBE2M	UBC12	12	Yes	Yes
UBE2N	UBC13	12	Yes	Yes
UBE2NL	UBC13	10	No	Yes
UBE2R2	CDC34	10	Yes	Yes
UBE2T	UBC13	3	No	Yes
UBE2U	RAD6	2	No	Yes
UBE2V1	MMS2	12	No	Yes
UBE2V2	MMS2	13	Yes	Yes
UBE3A	HUL4	6	No	Yes
UBE3B	HUL5	9	No	Yes
UBE3C	HUL5	12	Yes	Yes
UBE3D	IPA1	10	Yes	Yes
UBE4A	UFD2	6	No	Yes
UBE4B	UFD2	13	Yes	Yes
UBL4A	MDY2	3	Yes	Yes
UBL4A	RUB1	3	No	Yes
UBL4B	DSK2	2	No	Yes
UBL4B	MDY2	2	No	Yes
UBL4B	RPS31	2	No	Yes
UBL4B	RUB1	2	No	Yes
UBL4B	UBI4	2	No	Yes
UBL5	HUB1	12	Yes	Yes
UBL7	DSK2	3	No	Yes
UBQLN1	DSK2	8	No	Yes
UBQLN2	DSK2	9	Yes	Yes
UBQLN3	DSK2	7	No	Yes
UBQLN4	DSK2	8	No	Yes
UBQLNL	DSK2	5	No	Yes
UBR1	UBR1	10	No	Yes
UBR1	UBR2	10	Yes	No
UBR2	UBR1	11	Yes	Yes
UBR2	UBR2	10	Yes	No
UBR3	UBR2	5	No	Yes
UBR3	UBR1	4	No	No
UBTF	ABF2	5	No	Yes
UBTFL1	ABF2	4	No	Yes
UBXN1	UBX6	5	No	Yes
UBXN1	UBX7	5	No	Yes
UBXN11	SHP1	3	No	Yes
UBXN2A	SHP1	9	No	Yes
UBXN2B	SHP1	13	Yes	Yes
UBXN4	UBX6	7	Yes	Yes
UBXN4	UBX7	7	Yes	Yes
UBXN6	UBX4	2	No	Yes
UBXN7	UBX5	12	Yes	Yes
UBXN8	UBX2	2	No	Yes
UBXN8	UBX3	2	No	Yes
UCHL1	YUH1	13	Yes	Yes
UCHL3	YUH1	11	No	Yes
UCK1	DAS2	5	Yes	Yes
UCK2	DAS2	5	Yes	Yes
UCKL1	URK1	11	Yes	Yes
UCKL1	FUR1	4	No	No
UCP1	DIC1	4	No	Yes
UCP2	DIC1	3	No	Yes
UCP3	DIC1	4	No	Yes
UEVLD	STP22	7	No	Yes
UFD1	UFD1	12	Yes	Yes
UGGT1	KRE5	11	Yes	Yes
UGGT2	KRE5	11	Yes	Yes
UGP2	UGP1	13	Yes	Yes
UGT1A1	ATG26	2	No	Yes
UGT1A10	ATG26	2	No	Yes
UGT1A3	ATG26	2	No	Yes
UGT1A4	ATG26	2	No	Yes
UGT1A5	ATG26	2	No	Yes
UGT1A6	ATG26	2	No	Yes
UGT1A7	ATG26	2	No	Yes
UGT1A8	ATG26	2	No	Yes
UGT1A9	ATG26	2	No	Yes
UGT2A1	ATG26	2	No	Yes
UGT2A2	ATG26	2	No	Yes
UGT2A3	ATG26	2	No	Yes
UGT2B10	ATG26	2	No	Yes
UGT2B11	ATG26	2	No	Yes
UGT2B15	ATG26	2	No	Yes
UGT2B17	ATG26	2	No	Yes
UGT2B28	ATG26	2	No	Yes
UGT2B4	ATG26	2	No	Yes
UGT2B7	ATG26	2	No	Yes
UGT3A1	ATG26	2	No	Yes
UGT3A2	ATG26	3	Yes	Yes
UGT8	ATG26	2	No	Yes
ULK1	ATG1	6	No	Yes
ULK2	ATG1	6	No	Yes
ULK3	ATG1	9	Yes	Yes
UMPS	URA3	11	Yes	Yes
UMPS	URA10	4	Yes	No
UMPS	URA5	4	Yes	No
UNC45A	SHE4	6	No	Yes
UNC45B	SHE4	7	Yes	Yes
UNC50	GMH1	13	Yes	Yes
UNCX	YHP1	2	No	Yes
UNG	UNG1	13	Yes	Yes
UPF1	NAM7	13	Yes	Yes
UPF1	ECM32	4	Yes	No
UPF2	NMD2	12	Yes	Yes
UPF3A	UPF3	6	Yes	Yes
UPF3B	UPF3	6	Yes	Yes
UPRT	FUR1	9	Yes	Yes
UQCC1	CBP3	9	Yes	Yes
UQCR10	QCR9	9	Yes	Yes
UQCRB	QCR7	13	Yes	Yes
UQCRC1	MAS1	12	No	Yes
UQCRC1	COR1	9	Yes	No
UQCRC2	QCR2	7	Yes	Yes
UQCRC2	MAS2	3	No	No
UQCRFS1	RIP1	12	Yes	Yes
UQCRFS1P1	RIP1	7	No	Yes
UQCRH	QCR6	5	Yes	Yes
UQCRHL	QCR6	5	Yes	Yes
UQCRQ	QCR8	8	Yes	Yes
URB1	URB1	7	Yes	Yes
URB2	URB2	2	Yes	Yes
URM1	URM1	13	Yes	Yes
UROD	HEM12	13	Yes	Yes
UROS	HEM4	13	Yes	Yes
USB1	USB1	5	Yes	Yes
USE1	USE1	5	Yes	Yes
USF1	CBF1	3	Yes	Yes
USF2	CBF1	3	Yes	Yes
USO1	USO1	12	Yes	Yes
USP1	UBP13	3	No	Yes
USP1	UBP9	3	No	Yes
USP10	UBP3	11	Yes	Yes
USP11	UBP12	10	Yes	Yes
USP12	UBP13	11	Yes	Yes
USP12	UBP9	11	Yes	Yes
USP13	UBP14	12	Yes	Yes
USP14	UBP6	12	Yes	Yes
USP15	UBP12	10	Yes	Yes
USP15	UBP5	3	No	No
USP17L1	UBP10	3	Yes	Yes
USP17L10	UBP10	3	Yes	Yes
USP17L11	UBP10	3	Yes	Yes
USP17L12	UBP10	3	Yes	Yes
USP17L13	UBP10	3	Yes	Yes
USP17L15	UBP10	3	Yes	Yes
USP17L17	UBP10	3	Yes	Yes
USP17L18	UBP10	3	Yes	Yes
USP17L19	UBP10	3	Yes	Yes
USP17L2	UBP10	3	Yes	Yes
USP17L20	UBP10	3	Yes	Yes
USP17L21	UBP10	3	Yes	Yes
USP17L22	UBP10	3	Yes	Yes
USP17L24	UBP10	3	No	Yes
USP17L25	UBP10	3	Yes	Yes
USP17L26	UBP10	3	No	Yes
USP17L27	UBP10	3	No	Yes
USP17L28	UBP10	3	No	Yes
USP17L29	UBP10	3	No	Yes
USP17L3	UBP10	3	Yes	Yes
USP17L30	UBP10	3	No	Yes
USP17L4	UBP10	3	Yes	Yes
USP17L5	UBP10	3	Yes	Yes
USP17L6P	UBP10	2	No	Yes
USP17L7	UBP10	3	Yes	Yes
USP17L8	UBP10	3	Yes	Yes
USP18	UBP2	3	No	Yes
USP19	UBP12	6	No	Yes
USP19	UBP5	4	No	No
USP2	DOA4	4	No	Yes
USP2	UBP5	4	No	Yes
USP20	UBP10	3	No	Yes
USP21	UBP5	5	No	Yes
USP21	DOA4	4	No	No
USP22	UBP8	10	No	Yes
USP24	UBP10	2	No	Yes
USP24	UBP15	2	No	Yes
USP24	UBP2	2	No	Yes
USP25	UBP2	6	Yes	Yes
USP26	DOA4	2	No	Yes
USP26	UBP10	2	No	Yes
USP26	UBP11	2	No	Yes
USP26	UBP13	2	No	Yes
USP26	UBP15	2	No	Yes
USP26	UBP5	2	No	Yes
USP26	UBP7	2	No	Yes
USP26	UBP8	2	No	Yes
USP26	UBP9	2	No	Yes
USP27X	UBP8	11	Yes	Yes
USP28	UBP2	6	Yes	Yes
USP29	DOA4	2	No	Yes
USP29	UBP10	2	No	Yes
USP29	UBP11	2	No	Yes
USP29	UBP13	2	No	Yes
USP29	UBP15	2	No	Yes
USP29	UBP5	2	No	Yes
USP29	UBP7	2	No	Yes
USP29	UBP8	2	No	Yes
USP29	UBP9	2	No	Yes
USP3	UBP5	3	No	Yes
USP3	UBP8	3	No	Yes
USP30	UBP1	7	Yes	Yes
USP30	UBP16	5	Yes	No
USP31	UBP12	6	No	Yes
USP31	UBP5	4	No	No
USP32	UBP12	5	No	Yes
USP33	UBP10	2	No	Yes
USP33	UBP12	2	No	Yes
USP34	UBP15	3	No	Yes
USP34	UBP2	3	No	Yes
USP35	UBP13	3	No	Yes
USP35	UBP9	3	No	Yes
USP36	UBP10	3	Yes	Yes
USP37	UBP10	2	No	Yes
USP37	UBP13	2	No	Yes
USP37	UBP15	2	No	Yes
USP37	UBP5	2	No	Yes
USP37	UBP9	2	No	Yes
USP38	UBP13	3	No	Yes
USP38	UBP9	3	No	Yes
USP39	SAD1	12	Yes	Yes
USP4	UBP12	10	Yes	Yes
USP40	UBP15	3	No	Yes
USP41P	UBP2	2	No	Yes
USP42	UBP10	3	Yes	Yes
USP43	UBP12	6	No	Yes
USP43	UBP5	4	No	No
USP45	UBP1	2	No	Yes
USP46	UBP13	11	Yes	Yes
USP46	UBP9	11	Yes	Yes
USP47	UBP15	4	No	Yes
USP48	UBP15	4	No	Yes
USP49	UBP1	2	No	Yes
USP49	UBP8	2	No	Yes
USP5	UBP14	12	Yes	Yes
USP50	UBP5	5	No	Yes
USP50	UBP11	4	Yes	No
USP50	UBP12	4	No	No
USP51	UBP8	10	No	Yes
USP6	UBP12	5	No	Yes
USP6NL	GYL1	4	No	Yes
USP7	UBP15	12	Yes	Yes
USP8	UBP5	7	Yes	Yes
USP8	DOA4	5	Yes	No
USP8	UBP11	4	Yes	No
USP8	UBP7	3	Yes	No
USP9X	UBP10	2	No	Yes
USP9X	UBP15	2	No	Yes
UTP11	UTP11	13	Yes	Yes
UTP14A	UTP14	12	Yes	Yes
UTP14C	UTP14	12	Yes	Yes
UTP15	UTP15	13	Yes	Yes
UTP18	UTP18	11	Yes	Yes
UTP20	UTP20	13	Yes	Yes
UTP23	UTP23	13	Yes	Yes
UTP25	UTP25	13	Yes	Yes
UTP3	SAS10	9	Yes	Yes
UTP4	UTP4	12	Yes	Yes
UTP6	UTP6	10	Yes	Yes
UTY	CYC8	6	No	Yes
UXS1	ARI1	2	No	Yes
UXS1	GRE2	2	No	Yes
UXT	BUD27	4	Yes	Yes
VAC14	VAC14	13	Yes	Yes
VAMP1	SNC1	9	No	Yes
VAMP1	SNC2	8	No	No
VAMP2	SNC1	9	No	Yes
VAMP2	SNC2	8	No	No
VAMP3	SNC1	8	No	Yes
VAMP3	SNC2	7	No	No
VAMP4	SNC1	11	Yes	Yes
VAMP4	SNC2	11	Yes	Yes
VAMP4	NYV1	3	Yes	No
VAMP5	NYV1	3	Yes	Yes
VAMP5	SNC1	3	No	Yes
VAMP5	SNC2	3	No	Yes
VAMP7	NYV1	2	Yes	Yes
VAMP8	SNC1	6	No	Yes
VAMP8	SNC2	5	No	No
VAMP8	NYV1	3	Yes	No
VAPA	SCS2	10	Yes	Yes
VAPA	SCS22	10	Yes	Yes
VAPB	SCS2	10	Yes	Yes
VAPB	SCS22	10	Yes	Yes
VARS1	VAS1	13	Yes	Yes
VARS2	VAS1	10	No	Yes
VAT1	ZTA1	3	No	Yes
VAT1L	ZTA1	3	No	Yes
VAV1	CDC24	2	No	Yes
VAV2	CDC24	2	No	Yes
VAV3	CDC24	2	No	Yes
VAX1	HMRA1	2	No	Yes
VAX2	HMRA1	2	No	Yes
VBP1	PAC10	13	Yes	Yes
VCP	CDC48	12	Yes	Yes
VCP	AFG2	4	No	No
VCPKMT	EFM6	11	No	Yes
VCPKMT	EFM2	4	No	No
VCPKMT	NNT1	2	Yes	No
VDAC1	POR1	13	Yes	Yes
VDAC1	POR2	13	Yes	Yes
VDAC2	POR1	13	Yes	Yes
VDAC2	POR2	13	Yes	Yes
VDAC3	POR1	13	Yes	Yes
VDAC3	POR2	13	Yes	Yes
VENTX	HMRA1	2	No	Yes
VEZF1	MOT3	2	Yes	Yes
VEZF1	PZF1	2	No	Yes
VEZF1	ZAP1	2	No	Yes
VMA12	VPH2	2	Yes	Yes
VMA21	VMA21	5	Yes	Yes
VMA22	VMA22	4	Yes	Yes
VNN1	NIT1	2	Yes	Yes
VNN1	NIT2	2	No	Yes
VNN1	NIT3	2	No	Yes
VNN2	NIT1	2	Yes	Yes
VNN2	NIT2	2	No	Yes
VNN2	NIT3	2	No	Yes
VPS11	PEP5	12	Yes	Yes
VPS13A	VPS13	13	Yes	Yes
VPS13C	VPS13	13	Yes	Yes
VPS13D	VPS13	5	No	Yes
VPS16	VPS16	12	Yes	Yes
VPS18	PEP3	13	Yes	Yes
VPS25	VPS25	13	Yes	Yes
VPS26A	PEP8	13	Yes	Yes
VPS26B	PEP8	13	Yes	Yes
VPS26C	PEP8	3	No	Yes
VPS28	VPS28	13	Yes	Yes
VPS29	VPS29	12	Yes	Yes
VPS33A	VPS33	12	Yes	Yes
VPS33B	VPS33	10	No	Yes
VPS35	VPS35	13	Yes	Yes
VPS36	VPS36	7	Yes	Yes
VPS37A	SRN2	2	Yes	Yes
VPS37B	SRN2	2	Yes	Yes
VPS37C	SRN2	2	Yes	Yes
VPS37D	SRN2	2	Yes	Yes
VPS39	VAM6	10	Yes	Yes
VPS39	VPS3	3	Yes	No
VPS41	VPS41	13	Yes	Yes
VPS45	VPS45	13	Yes	Yes
VPS4A	VPS4	12	No	Yes
VPS4B	VPS4	13	Yes	Yes
VPS52	VPS52	13	Yes	Yes
VPS53	VPS53	13	Yes	Yes
VPS54	VPS54	7	Yes	Yes
VPS72	VPS72	3	Yes	Yes
VPS8	VPS8	11	Yes	Yes
VPS9D1	MUK1	2	No	Yes
VPS9D1	VPS9	2	No	Yes
VRK1	HRR25	2	No	Yes
VRK2	HRR25	2	No	Yes
VRK3	HRR25	2	No	Yes
VSNL1	FRQ1	10	No	Yes
VSX1	PHO2	2	No	Yes
VSX1	YHP1	2	No	Yes
VSX2	YHP1	2	No	Yes
VTA1	VTA1	8	Yes	Yes
VTI1A	VTI1	13	Yes	Yes
VTI1B	VTI1	9	No	Yes
WARS1	WRS1	13	Yes	Yes
WARS2	MSW1	13	Yes	Yes
WAS	LAS17	8	Yes	Yes
WASL	LAS17	7	No	Yes
WDFY3	BPH1	7	No	Yes
WDFY4	BPH1	9	Yes	Yes
WDHD1	CTF4	11	Yes	Yes
WDR1	AIP1	12	Yes	Yes
WDR12	YTM1	12	Yes	Yes
WDR18	IPI3	10	Yes	Yes
WDR24	RTC1	9	Yes	Yes
WDR25	CDC40	3	No	Yes
WDR26	GID7	10	Yes	Yes
WDR3	DIP2	13	Yes	Yes
WDR33	PFS2	10	Yes	Yes
WDR36	UTP21	12	Yes	Yes
WDR38	SWD3	3	No	Yes
WDR38	TUP1	2	Yes	No
WDR4	TRM82	9	Yes	Yes
WDR43	UTP5	12	Yes	Yes
WDR43	UTP9	2	Yes	No
WDR44	DGR2	10	Yes	Yes
WDR44	LAF1	10	Yes	Yes
WDR45	HSV2	10	No	Yes
WDR45B	HSV2	13	Yes	Yes
WDR46	UTP7	13	Yes	Yes
WDR48	DUF1	8	Yes	Yes
WDR5	SWD3	7	Yes	Yes
WDR5	TUP1	2	Yes	No
WDR55	JIP5	8	Yes	Yes
WDR59	MTC5	12	Yes	Yes
WDR5B	SWD3	7	Yes	Yes
WDR5B	TUP1	2	Yes	No
WDR6	RTT10	11	Yes	Yes
WDR73	HAT2	2	No	Yes
WDR74	NSA1	11	Yes	Yes
WDR75	NAN1	9	Yes	Yes
WDR76	CMR1	12	Yes	Yes
WDR82	SWD2	12	Yes	Yes
WDR86	CDC4	2	No	Yes
WDR86	RRT13	2	No	Yes
WDSUB1	CAF4	2	Yes	Yes
WDSUB1	MDV1	2	No	Yes
WEE1	SWE1	6	No	Yes
WEE2	SWE1	6	No	Yes
WIPF1	VRP1	5	Yes	Yes
WIPF2	VRP1	4	No	Yes
WIPF3	VRP1	2	No	Yes
WIPI1	ATG18	11	Yes	Yes
WIPI1	ATG21	7	Yes	No
WIPI2	ATG18	11	Yes	Yes
WIPI2	ATG21	7	Yes	No
WRAP53	SWT21	6	Yes	Yes
WRN	SGS1	3	No	Yes
WRNIP1	MGS1	13	Yes	Yes
WSB1	SKI8	3	No	Yes
WSB2	SKI8	2	No	Yes
WSCD1	SLG1	4	Yes	Yes
WSCD1	WSC3	2	Yes	No
WSCD2	SLG1	4	Yes	Yes
WSCD2	WSC3	2	Yes	No
WWOX	ENV9	8	Yes	Yes
WWOX	PBR1	5	No	No
WWP1	RSP5	7	No	Yes
WWP2	RSP5	8	No	Yes
XAB2	SYF1	12	Yes	Yes
XIAP	BIR1	2	No	Yes
XPA	RAD14	8	Yes	Yes
XPC	RAD4	11	Yes	Yes
XPC	RAD34	4	Yes	No
XPNPEP1	FRA1	13	Yes	Yes
XPNPEP2	FRA1	10	No	Yes
XPNPEP3	ICP55	13	Yes	Yes
XPO1	CRM1	13	Yes	Yes
XPO5	MSN5	13	Yes	Yes
XPOT	LOS1	13	Yes	Yes
XPR1	SYG1	12	Yes	Yes
XPR1	ERD1	3	Yes	No
XRCC3	RAD57	8	Yes	Yes
XRCC5	YKU80	7	Yes	Yes
XRCC6	YKU70	12	Yes	Yes
XRN1	XRN1	13	Yes	Yes
XRN2	RAT1	12	Yes	Yes
XRN2	XRN1	4	No	No
XYLB	XKS1	13	Yes	Yes
YAE1	YAE1	5	Yes	Yes
YARS1	TYS1	11	Yes	Yes
YARS1	ARC1	6	No	No
YARS2	MSY1	13	Yes	Yes
YEATS2	TAF14	5	Yes	Yes
YEATS2	SAS5	4	Yes	No
YEATS4	YAF9	12	Yes	Yes
YEATS4	SAS5	3	Yes	No
YEATS4	TAF14	3	No	No
YES1	LSB1	2	No	Yes
YES1	SLA1	2	Yes	Yes
YIF1A	YIF1	12	No	Yes
YIF1B	YIF1	13	Yes	Yes
YIPF1	YIP5	11	Yes	Yes
YIPF2	YIP5	11	Yes	Yes
YIPF3	YIP5	2	No	Yes
YIPF4	YIP1	2	No	Yes
YIPF5	YIP1	13	Yes	Yes
YIPF6	YIP4	8	Yes	Yes
YIPF7	YIP1	13	Yes	Yes
YJEFN3	NNR1	12	No	Yes
YJU2	YJU2	10	Yes	Yes
YJU2B	YJU2	4	No	Yes
YKT6	YKT6	13	Yes	Yes
YME1L1	YME1	12	Yes	Yes
YOD1	OTU1	13	Yes	Yes
YPEL1	MOH1	10	Yes	Yes
YPEL2	MOH1	10	Yes	Yes
YPEL3	MOH1	10	Yes	Yes
YPEL4	MOH1	10	Yes	Yes
YPEL5	MOH1	8	No	Yes
YRDC	SUA5	6	Yes	Yes
YTHDF1	PHO92	10	Yes	Yes
YTHDF2	PHO92	10	Yes	Yes
YTHDF3	PHO92	10	Yes	Yes
YWHAB	BMH1	5	No	Yes
YWHAB	BMH2	5	No	Yes
YWHAE	BMH1	12	Yes	Yes
YWHAE	BMH2	12	Yes	Yes
YWHAG	BMH2	6	No	Yes
YWHAG	BMH1	5	No	No
YWHAH	BMH2	6	No	Yes
YWHAH	BMH1	5	No	No
YWHAQ	BMH1	5	No	Yes
YWHAQ	BMH2	5	No	Yes
YWHAZ	BMH1	4	No	Yes
YWHAZ	BMH2	4	No	Yes
YY1	NRG1	2	Yes	Yes
YY1	NRG2	2	Yes	No
YY2	NRG1	2	Yes	Yes
YY2	NRG2	2	Yes	No
ZBTB41	PZF1	2	No	Yes
ZBTB41	ZAP1	2	No	Yes
ZBTB8A	RGM1	2	Yes	Yes
ZBTB8A	USV1	2	No	Yes
ZBTB8B	RGM1	2	Yes	Yes
ZBTB8B	USV1	2	No	Yes
ZC3H14	NAB2	5	Yes	Yes
ZC3H15	TMA46	12	Yes	Yes
ZC3HC1	PML39	2	Yes	Yes
ZCCHC13	GIS2	6	No	Yes
ZCCHC3	GIS2	2	No	Yes
ZCCHC7	AIR1	9	Yes	Yes
ZCCHC7	AIR2	8	Yes	No
ZCCHC9	GIS2	3	No	Yes
ZCRB1	NOP4	2	No	Yes
ZCRB1	RIM4	2	No	Yes
ZCRB1	RRT5	2	Yes	Yes
ZDHHC1	ERF2	3	No	Yes
ZDHHC11	ERF2	2	No	Yes
ZDHHC11B	ERF2	2	No	Yes
ZDHHC12	ERF2	3	No	Yes
ZDHHC12	PFA5	3	Yes	Yes
ZDHHC13	AKR1	12	Yes	Yes
ZDHHC13	AKR2	12	Yes	Yes
ZDHHC14	ERF2	11	No	Yes
ZDHHC14	DLT1	2	Yes	No
ZDHHC15	PFA3	10	No	Yes
ZDHHC15	PFA4	3	Yes	No
ZDHHC15	PFA5	3	Yes	No
ZDHHC16	PFA4	3	Yes	Yes
ZDHHC17	AKR1	12	Yes	Yes
ZDHHC17	AKR2	12	Yes	Yes
ZDHHC18	ERF2	12	Yes	Yes
ZDHHC18	DLT1	2	Yes	No
ZDHHC19	DLT1	2	Yes	Yes
ZDHHC19	ERF2	2	No	Yes
ZDHHC19	PFA4	2	No	Yes
ZDHHC19	PFA5	2	No	Yes
ZDHHC19	SWF1	2	No	Yes
ZDHHC2	PFA3	10	No	Yes
ZDHHC2	PFA4	3	Yes	No
ZDHHC2	PFA5	3	Yes	No
ZDHHC20	PFA3	11	Yes	Yes
ZDHHC20	PFA4	3	Yes	No
ZDHHC20	PFA5	3	Yes	No
ZDHHC21	PFA4	3	Yes	Yes
ZDHHC21	PFA5	3	Yes	Yes
ZDHHC22	PFA4	2	Yes	Yes
ZDHHC22	PFA5	2	Yes	Yes
ZDHHC23	PFA4	2	No	Yes
ZDHHC23	PFA5	2	No	Yes
ZDHHC24	PFA5	2	No	Yes
ZDHHC3	PFA4	3	Yes	Yes
ZDHHC3	PFA5	3	Yes	Yes
ZDHHC4	SWF1	5	Yes	Yes
ZDHHC5	ERF2	6	No	Yes
ZDHHC5	DLT1	2	Yes	No
ZDHHC6	PFA4	3	Yes	Yes
ZDHHC7	ERF2	3	No	Yes
ZDHHC7	PFA4	3	Yes	Yes
ZDHHC7	PFA5	3	Yes	Yes
ZDHHC8	ERF2	6	No	Yes
ZDHHC8	DLT1	2	Yes	No
ZDHHC9	ERF2	12	Yes	Yes
ZDHHC9	DLT1	2	Yes	No
ZFAND1	CUZ1	13	Yes	Yes
ZFAND2A	CUZ1	6	No	Yes
ZFAND2B	CUZ1	6	No	Yes
ZFP36	CTH1	8	Yes	Yes
ZFP36	TIS11	8	Yes	Yes
ZFP36L1	CTH1	8	Yes	Yes
ZFP36L1	TIS11	8	Yes	Yes
ZFP36L2	CTH1	8	Yes	Yes
ZFP36L2	TIS11	8	Yes	Yes
ZFP42	NRG1	2	Yes	Yes
ZFP42	NRG2	2	Yes	No
ZFP82	PZF1	2	No	Yes
ZFX	PZF1	2	No	Yes
ZFX	ZAP1	2	No	Yes
ZFY	PZF1	2	No	Yes
ZFY	ZAP1	2	No	Yes
ZFYVE21	PIB1	2	No	Yes
ZFYVE21	PIB2	2	No	Yes
ZGLP1	ASH1	4	Yes	Yes
ZGLP1	GAT2	3	Yes	No
ZGLP1	GAT3	3	Yes	No
ZGLP1	GAT4	3	Yes	No
ZGLP1	ECM23	2	Yes	No
ZGLP1	SRD1	2	Yes	No
ZGRF1	ECM32	2	No	Yes
ZGRF1	NAM7	2	No	Yes
ZIC1	ACE2	2	Yes	Yes
ZIC1	MIG2	2	Yes	No
ZIC1	SWI5	2	Yes	Yes
ZIC1	ZAP1	2	Yes	Yes
ZIC2	ACE2	2	Yes	Yes
ZIC2	MIG2	2	Yes	No
ZIC2	SWI5	2	Yes	Yes
ZIC2	ZAP1	2	Yes	Yes
ZIC3	ACE2	2	Yes	Yes
ZIC3	MIG2	2	Yes	No
ZIC3	SWI5	2	Yes	Yes
ZIC3	ZAP1	2	Yes	Yes
ZIC4	ACE2	2	Yes	Yes
ZIC4	MIG2	2	Yes	No
ZIC4	SWI5	2	Yes	Yes
ZIC4	ZAP1	2	Yes	Yes
ZIC5	ACE2	2	Yes	Yes
ZIC5	MIG2	2	Yes	No
ZIC5	SWI5	2	Yes	Yes
ZIC5	ZAP1	2	Yes	Yes
ZMAT2	SNU23	8	Yes	Yes
ZMIZ1	NFI1	6	No	Yes
ZMIZ1	SIZ1	6	No	Yes
ZMIZ2	NFI1	6	No	Yes
ZMIZ2	SIZ1	6	No	Yes
ZMPSTE24	STE24	13	Yes	Yes
ZMYND15	SET6	2	No	Yes
ZNF112	PZF1	2	No	Yes
ZNF143	PZF1	2	No	Yes
ZNF221	PZF1	2	No	Yes
ZNF281	PZF1	2	No	Yes
ZNF296	PZF1	2	No	Yes
ZNF296	ZAP1	2	No	Yes
ZNF362	AZF1	2	Yes	Yes
ZNF367	MIG2	2	Yes	Yes
ZNF560	ZAP1	2	No	Yes
ZNF593	BUD20	11	Yes	Yes
ZNF598	HEL2	9	Yes	Yes
ZNF622	REI1	13	Yes	Yes
ZNF622	REH1	12	Yes	No
ZNF672	PZF1	2	No	Yes
ZNF672	ZAP1	2	No	Yes
ZNF692	AZF1	2	Yes	Yes
ZNF710	PZF1	2	No	Yes
ZNF76	ZAP1	2	Yes	Yes
ZNF778	ZAP1	2	No	Yes
ZNF784	CMR3	2	Yes	Yes
ZNF784	NRG1	2	No	Yes
ZNF786	PZF1	2	No	Yes
ZNG1A	ZNG1	13	Yes	Yes
ZNG1B	ZNG1	13	Yes	Yes
ZNG1C	ZNG1	12	No	Yes
ZNG1E	ZNG1	13	Yes	Yes
ZNG1F	ZNG1	13	Yes	Yes
ZNHIT1	VPS71	6	Yes	Yes
ZNHIT2	HIT1	3	No	Yes
ZNHIT3	HIT1	4	Yes	Yes
ZNHIT6	BCD1	10	Yes	Yes
ZPR1	ZPR1	13	Yes	Yes
ZRANB3	CHD1	2	No	Yes
ZRANB3	ISW1	2	No	Yes
ZRANB3	ISW2	2	No	Yes
ZRANB3	RAD16	2	No	Yes
ZRANB3	RAD5	2	No	Yes
ZRANB3	STH1	2	No	Yes
ZRANB3	ULS1	2	No	Yes
ZW10	DSL1	5	Yes	Yes
